row_id,N_billions,D_billions,estimated_loss,predicted_loss,extrapolation_distance
2,100.0,20000.0,1.8412,1.841345136166235,4.706180902416477
3,100.0,3670.0,1.8882,1.8884596905575535,3.2833284816573602
4,100.0,2000.0,1.9112,1.91155167765364,2.8474615675139114
5,100.0,3000.0,1.8954,1.8956970512712474,3.132277212390823
6,100.0,2000.0,1.9112,1.91155167765364,2.8474615675139114
7,100.0,2000.0,1.9112,1.91155167765364,2.8474615675139114
8,100.0,275.0,2.0206,2.0212836170245456,2.1231155158973767
9,100.0,300.0,2.0144,2.015088058438826,2.1231155458666593
10,101.0,311.5,2.0116,2.0122061567075558,2.1334038296591107
11,102.0,19700.0,1.841,1.841177712621767,4.7016900532685515
12,102.0,179.7,2.0526,2.0533543785974504,2.142918143193556
13,102.6,289.1,2.0164,2.01706223631302,2.148783262645954
14,104.0,1600.0,1.9197,1.9200961545691992,2.734792407306847
15,104.2,1000.0,1.9417,1.9421648353493832,2.476776125887901
16,106.0,2603.8,1.8993,1.899581424082654,3.0707754668594585
17,108.0,2013.3,1.909,1.9093675883851913,2.909630830697191
18,109.0,30000.0,1.8308,1.8308865580233116,5.108018664192459
19,115.0,10000.0,1.8543,1.8545226679734206,4.173615290905984
20,116.8,7047.3,1.8636,1.8638433846152076,3.8932801469450644
21,120.0,106.0,2.0947,2.0955883525827543,2.305437072691331
22,123.0,28861.8,1.8286,1.8287493140495594,5.12694930450837
23,130.0,1668.0,1.9126,1.9129421362043708,2.938539567620662
24,130.0,800.0,1.948,1.9484436277941082,2.5793874692167114
25,130.0,2468.0,1.8965,1.896793796705675,3.183248614916771
26,130.0,1000.0,1.9364,1.9368803838216202,2.6722506264329833
27,130.0,152.0,2.0607,2.0614540616544765,2.3854797803648675
28,132.0,12000.0,1.8464,1.8466070470269917,4.401596414332101
29,135.0,13200.0,1.8436,1.843738749954706,4.493861021028868
30,135.0,500.0,1.9739,1.9744324024524416,2.476550644060449
31,137.0,681.2,1.9555,1.9560374277123402,2.5722733425392312
32,137.0,2080.0,1.9021,1.9024308417884757,3.113564092370728
33,137.0,2490.0,1.8949,1.895252521449864,3.2285494923383697
34,141.0,2766.0,1.8903,1.8905756352407956,3.319747986232278
35,142.0,11328.0,1.8462,1.8464120695907957,4.39410056182696
36,174.6,238.0,2.0185,2.019144845799664,2.6804429733147868
37,175.0,300.0,2.0016,2.00227342727347,2.682731327550511
38,175.0,1000.0,1.9299,1.9303775720948182,2.940655858223856
39,175.0,2.0,2.77,2.7725387118400233,2.682731303832799
40,175.0,1.3,2.9007,2.9034412784027195,2.682731303832799
41,175.0,180.0,2.0402,2.0409006419006905,2.682731303832799
42,176.0,38.0,2.1978,2.1989366311833214,2.6884293249474367
43,176.0,20.0,2.2857,2.2871184962468347,2.6884293249474367
44,176.2,366.0,1.9879,1.9885263499964565,2.6969322917471477
45,176.2,379.0,1.9856,1.986215471853492,2.699734770409104
46,178.0,300.0,2.0013,2.001921072246082,2.699728903769755
47,180.0,3500.0,1.8765,1.876728488640234,3.6587284953513857
48,180.0,3601.9,1.8754,1.875717591465055,3.678063025853719
49,200.0,1000.0,1.9272,1.927663568413913,3.0629634675260036
50,200.0,4000.0,1.8697,1.8699619887254266,3.826573891172207
51,204.0,560.0,1.9584,1.9588847909968414,2.904011115488367
52,207.0,41.2,2.1845,2.1856352738212568,2.850664123174654
53,235.0,36000.0,1.8108,1.810930363456201,5.638189685383294
54,235.0,36000.0,1.8108,1.810930363456201,5.638189685383294
55,235.0,36000.0,1.8108,1.810930363456201,5.638189685383294
56,236.0,11000.0,1.8366,1.836749489850603,4.676218391558771
57,236.0,1263.6,1.9127,1.9130931767713961,3.310541563925668
58,236.0,3191.0,1.8744,1.8747113998450489,3.80560509733043
59,236.0,8100.0,1.8448,1.844951072738565,4.444759510553392
60,245.7,180.0,2.0335,2.034237883305974,3.0220566094364183
61,250.0,7000.0,1.8478,1.8480452899371096,4.377442221612189
62,253.0,603.0,1.95,1.9504636367869095,3.1302610888619116
63,260.0,668.0,1.9436,1.9441266644464883,3.181088586472513
64,269.0,1500.0,1.9024,1.902813096784839,3.5042931645339412
65,280.0,300.0,1.9926,1.9932429053273388,3.152734953260456
66,290.0,9000.0,1.8381,1.838310636070123,4.661845835624988
67,300.0,1566.7,1.8986,1.8989511648185553,3.6211785852008407
68,300.0,942.0,1.9227,1.9231645380798768,3.4190045843315855
69,300.0,1800.0,1.8926,1.89292114442938,3.686625899013336
70,309.0,1310.7,1.9062,1.90654421904838,3.570177545762536
71,314.0,6200.0,1.8474,1.8476022631109643,4.4552897343073985
72,340.0,3598.0,1.8637,1.8639786897624593,4.168387124614095
73,340.0,9000.0,1.8354,1.8355994817771502,4.772027807034292
74,340.0,3600.0,1.8637,1.8639591891475833,4.16871839813287
75,355.0,23100.0,1.8123,1.8123931352189173,5.510378640121471
76,357.0,23000.0,1.8123,1.8123919253990137,5.510419257919777
77,358.0,2057.7,1.884,1.8843572495496583,3.90625351286429
78,389.0,7000.0,1.8403,1.8404857970188016,4.695212893676155
79,398.0,555.3,1.9471,1.947585584543725,3.5581397744975245
80,400.0,30000.0,1.8051,1.8052250776705592,5.7902362526449584
81,405.0,0.3,3.4691,3.4730556553286767,3.5218323970158245
82,405.0,15600.0,1.8188,1.8189404833019112,5.293245652732372
83,456.0,7500.0,1.8359,1.8360440716658375,4.859655141174508
84,456.0,7500.0,1.8359,1.8360440716658375,4.859655141174508
85,456.0,7200.0,1.837,1.8372171588626793,4.8327097511570525
86,480.0,7500.0,1.8351,1.8352807251762735,4.898197548441997
87,480.0,133.1,2.0479,2.048703919533673,3.6917314338112215
88,500.0,8350.0,1.8315,1.8316607481349736,4.999816323174243
89,500.0,5.3,2.5084,2.5103061669497295,3.7325534283314767
90,530.0,300.0,1.9824,1.9830786318832916,3.790822353240267
91,530.0,1226.4,1.9008,1.9012212444845666,4.044002966251879
92,530.0,270.0,1.9899,1.9906000976274996,3.7908223364554527
93,540.0,1.3,2.8812,2.8839807057827076,3.8095144694676053
94,540.0,1.4,2.8576,2.8603228038244373,3.8095144694676053
95,540.4,26.0,2.2285,2.229797144004839,3.810254935995329
96,540.4,780.0,1.9234,1.9238279129472575,3.928323643216835
97,560.0,23000.0,1.8055,1.8055814892941582,5.7986963550246875
98,560.0,16000.0,1.8134,1.8135574157044374,5.532331159077123
99,600.0,1835.0,1.8811,1.8814142933005364,4.313620518246232
100,600.0,1000.0,1.909,1.9094500974825888,4.095931612844958
101,671.0,943.7,1.9105,1.9108831547067024,4.186719766746871
102,671.0,839.0,1.9165,1.9169851486763496,4.156059178600346
103,671.0,840.0,1.9165,1.9169223272788913,4.156354203162014
104,671.0,14800.0,1.8128,1.8129238518854234,5.605023895240897
105,671.0,14800.0,1.8128,1.8129238518854234,5.605023895240897
106,671.0,14800.0,1.8128,1.8129238518854234,5.605023895240897
107,671.0,14800.0,1.8128,1.8129238518854234,5.605023895240897
108,718.0,717.0,1.9241,1.9245774822543702,4.186168565056159
109,744.0,1532.3,1.886,1.8864122225243687,4.440413568092548
110,1000.0,700.0,1.9214,1.9218737708977385,4.506145157963017
111,1000.0,20000.0,1.8011,1.8011905155807004,6.101421561568032
112,1000.0,36000.0,1.7894,1.7894220408240276,6.519993779185288
113,1000.0,15500.0,1.8068,1.8069273612807257,5.928843793283869
114,1000.0,0.1,4.0812,4.086298347967784,4.425700608891422
115,1002.7,111.8,2.054,2.0548717264477627,4.428396970439165
116,1040.0,929.5,1.9059,1.9062989564148738,4.605994301446231
117,1085.0,329.0,1.967,1.9676009892171988,4.508232365200365
118,1100.0,112.0,2.0528,2.053659020237827,4.521010788695747
119,1200.0,600.0,1.9281,1.928582735284503,4.659915874112777
120,1571.0,576.0,1.9277,1.9281802338864984,4.920889243411554
121,1571.0,86.4,2.074,2.0748691158690495,4.877412968164906
122,1750.0,4900.0,1.8325,1.8327569593143282,5.7146639036370805
123,1800.0,5416.7,1.8291,1.8293084865697535,5.788715528691058
124,1800.0,5416.7,1.8291,1.8293084865697535,5.788715528691058
125,2000.0,30000.0,1.7857,1.7857692157825733,6.885744757693878
126,3000.0,27777.8,1.7838,1.7838375278707275,7.1432449993908245
127,3000.0,19444.4,1.7912,1.7912666503422292,6.922621458700329
128,3000.0,0.1,4.0707,4.0757603215246,5.524312897559532
129,10000.0,0.1,4.0628,4.067943155414834,6.728285701885468
