fold,row,index,cluster,role
0,0,1,3,train
0,1,2,9,train
0,3,4,9,train
0,4,5,4,train
0,6,7,2,train
0,7,8,6,train
0,8,9,5,train
0,9,10,8,train
0,10,11,6,train
0,11,12,6,train
0,12,13,5,train
0,13,14,7,train
0,14,15,4,train
0,15,16,9,train
0,17,18,3,train
0,18,19,3,train
0,19,20,5,train
0,21,22,9,train
0,22,23,5,train
0,23,24,6,train
0,24,25,4,train
0,25,26,5,train
0,26,27,9,train
0,27,28,4,train
0,28,29,2,train
0,29,30,2,train
0,30,31,8,train
0,31,32,6,train
0,32,33,9,train
0,34,35,4,train
0,36,37,8,train
0,37,38,3,train
0,38,39,4,train
0,39,40,6,train
0,41,42,9,train
0,43,44,5,train
0,45,46,8,train
0,46,47,8,train
0,47,48,4,train
0,51,52,6,train
0,52,53,6,train
0,53,54,3,train
0,54,55,6,train
0,55,56,9,train
0,56,57,3,train
0,57,58,3,train
0,58,59,5,train
0,59,60,4,train
0,60,61,7,train
0,61,62,9,train
0,62,63,7,train
0,64,65,3,train
0,65,66,3,train
0,66,67,8,train
0,67,68,3,train
0,68,69,3,train
0,69,70,5,train
0,71,72,9,train
0,72,73,6,train
0,74,75,6,train
0,76,77,6,train
0,79,80,3,train
0,80,81,6,train
0,81,82,8,train
0,82,83,4,train
0,83,84,4,train
0,85,86,2,train
0,86,87,9,train
0,88,89,9,train
0,90,91,7,train
0,91,92,9,train
0,93,94,9,train
0,94,95,8,train
0,96,97,3,train
0,97,98,8,train
0,98,99,8,train
0,99,100,9,train
0,100,101,7,train
0,101,102,2,train
0,102,103,5,train
0,103,104,4,train
0,104,105,9,train
0,105,106,8,train
0,106,107,4,train
0,107,108,3,train
0,108,109,6,train
0,109,110,5,train
0,111,112,2,train
0,112,113,4,train
0,114,115,6,train
0,116,117,6,train
0,117,118,4,train
0,118,119,6,train
0,120,121,9,train
0,121,122,3,train
0,122,123,5,train
0,124,125,5,train
0,125,126,3,train
0,127,128,2,train
0,128,129,4,train
0,129,130,3,train
0,130,131,5,train
0,131,132,4,train
0,132,133,2,train
0,133,134,5,train
0,135,136,9,train
0,136,137,3,train
0,138,139,9,train
0,139,140,5,train
0,140,141,2,train
0,141,142,2,train
0,142,143,8,train
0,143,144,5,train
0,144,145,5,train
0,145,146,3,train
0,146,147,8,train
0,147,148,9,train
0,148,149,5,train
0,149,150,6,train
0,150,151,2,train
0,151,152,2,train
0,152,153,2,train
0,153,154,6,train
0,154,155,7,train
0,155,156,5,train
0,156,157,9,train
0,158,159,3,train
0,159,160,3,train
0,160,161,6,train
0,161,162,9,train
0,162,163,7,train
0,164,165,9,train
0,166,167,8,train
0,167,168,4,train
0,168,169,4,train
0,169,170,9,train
0,170,171,8,train
0,171,172,9,train
0,172,173,7,train
0,173,174,9,train
0,174,175,3,train
0,176,177,4,train
0,178,179,9,train
0,179,180,5,train
0,180,181,5,train
0,181,182,8,train
0,182,183,4,train
0,183,184,4,train
0,184,185,6,train
0,185,186,3,train
0,186,187,3,train
0,188,189,4,train
0,189,190,3,train
0,190,191,6,train
0,191,192,2,train
0,192,193,4,train
0,193,194,7,train
0,194,195,7,train
0,196,197,3,train
0,197,198,5,train
0,198,199,4,train
0,199,200,5,train
0,200,201,7,train
0,201,202,9,train
0,202,203,3,train
0,203,204,9,train
0,204,205,6,train
0,205,206,6,train
0,206,207,6,train
0,207,208,4,train
0,208,209,2,train
0,210,211,5,train
0,211,212,9,train
0,212,213,2,train
0,213,214,8,train
0,214,215,4,train
0,218,219,5,train
0,220,221,4,train
0,221,222,6,train
0,222,223,5,train
0,223,224,7,train
0,224,225,8,train
0,225,226,5,train
0,226,227,8,train
0,227,228,4,train
0,228,229,3,train
0,229,230,5,train
0,230,231,8,train
0,231,232,9,train
0,232,233,5,train
0,233,234,7,train
0,234,235,5,train
0,235,236,9,train
0,237,238,5,train
0,238,239,7,train
0,239,240,3,train
0,241,242,2,train
0,243,244,4,train
0,244,245,3,train
0,245,246,8,train
0,246,247,9,train
0,247,248,9,train
0,248,249,8,train
0,250,251,6,train
0,252,253,8,train
0,253,254,5,train
0,254,255,5,train
0,255,256,7,train
0,256,257,9,train
0,257,258,4,train
0,258,259,2,train
0,260,261,7,train
0,261,262,8,train
0,262,263,8,train
0,263,264,2,train
0,265,266,6,train
0,266,267,5,train
0,267,268,3,train
0,268,269,3,train
0,269,270,3,train
0,270,271,4,train
0,271,272,7,train
0,272,273,7,train
0,273,274,6,train
0,275,276,4,train
0,276,277,3,train
0,277,278,4,train
0,278,279,3,train
0,279,280,3,train
0,281,282,8,train
0,283,284,6,train
0,285,286,5,train
0,286,287,6,train
0,287,288,7,train
0,288,289,2,train
0,289,290,5,train
0,290,291,3,train
0,292,293,3,train
0,293,294,5,train
0,295,296,5,train
0,296,297,2,train
0,300,301,9,train
0,301,302,8,train
0,303,304,2,train
0,304,305,8,train
0,305,306,8,train
0,307,308,8,train
0,308,309,3,train
0,309,310,9,train
0,310,311,5,train
0,311,312,3,train
0,313,314,7,train
0,314,315,5,train
0,315,316,8,train
0,316,317,3,train
0,318,319,5,train
0,322,323,6,train
0,323,324,9,train
0,324,325,8,train
0,325,326,4,train
0,326,327,7,train
0,327,328,6,train
0,328,329,3,train
0,329,330,3,train
0,330,331,2,train
0,331,332,6,train
0,332,333,5,train
0,333,334,4,train
0,334,335,6,train
0,335,336,5,train
0,336,337,3,train
0,337,338,8,train
0,338,339,7,train
0,339,340,7,train
0,340,341,6,train
0,341,342,3,train
0,342,343,9,train
0,344,345,4,train
0,345,346,3,train
0,346,347,4,train
0,347,348,6,train
0,348,349,8,train
0,349,350,4,train
0,351,352,8,train
0,352,353,2,train
0,353,354,2,train
0,354,355,7,train
0,355,356,4,train
0,356,357,6,train
0,358,359,2,train
0,359,360,9,train
0,362,363,9,train
0,363,364,8,train
0,364,365,3,train
0,366,367,9,train
0,367,368,9,train
0,368,369,9,train
0,370,371,9,train
0,371,372,5,train
0,372,373,7,train
0,373,374,2,train
0,374,375,9,train
0,375,376,2,train
0,376,377,2,train
0,378,379,7,train
0,379,380,6,train
0,380,381,9,train
0,381,382,5,train
0,383,384,9,train
0,384,385,3,train
0,385,386,2,train
0,386,387,6,train
0,387,388,4,train
0,388,389,4,train
0,389,390,3,train
0,390,391,5,train
0,392,393,4,train
0,393,394,5,train
0,394,395,8,train
0,396,397,9,train
0,398,399,8,train
0,399,400,7,train
0,400,401,8,train
0,403,404,4,train
0,404,405,2,train
0,405,406,5,train
0,406,407,5,train
0,408,409,8,train
0,409,410,8,train
0,410,411,5,train
0,412,413,4,train
0,413,414,4,train
0,414,415,8,train
0,415,416,8,train
0,416,417,4,train
0,418,419,4,train
0,420,421,7,train
0,421,422,9,train
0,423,424,2,train
0,424,425,9,train
0,425,426,5,train
0,426,427,5,train
0,427,428,2,train
0,428,429,6,train
0,429,430,4,train
0,430,431,7,train
0,431,432,3,train
0,432,433,7,train
0,434,435,5,train
0,435,436,8,train
0,437,438,9,train
0,438,439,9,train
0,439,440,2,train
0,440,441,8,train
0,441,442,7,train
0,442,443,9,train
0,443,444,3,train
0,444,445,6,train
0,445,446,6,train
0,446,447,7,train
0,447,448,8,train
0,448,449,7,train
0,451,452,5,train
0,453,454,7,train
0,454,455,6,train
0,455,456,6,train
0,458,459,3,train
0,459,460,3,train
0,460,461,3,train
0,461,462,6,train
0,462,463,7,train
0,463,464,5,train
0,465,466,2,train
0,466,467,6,train
0,469,470,9,train
0,470,471,6,train
0,471,472,9,train
0,472,473,7,train
0,473,474,3,train
0,474,475,3,train
0,475,476,4,train
0,477,478,8,train
0,478,479,4,train
0,480,481,7,train
0,481,482,7,train
0,482,483,2,train
0,484,485,9,train
0,485,486,2,train
0,488,489,6,train
0,489,490,6,train
0,491,492,2,train
0,492,493,7,train
0,493,494,6,train
0,494,495,7,train
0,495,496,4,train
0,496,497,4,train
0,497,498,3,train
0,498,499,9,train
0,499,500,3,train
0,500,501,2,train
0,501,502,2,train
0,503,504,9,train
0,504,505,8,train
0,505,506,9,train
0,506,507,2,train
0,507,508,3,train
0,509,510,6,train
0,510,511,3,train
0,2,3,1,validation
0,5,6,1,validation
0,16,17,1,validation
0,20,21,1,validation
0,33,34,0,validation
0,35,36,1,validation
0,40,41,0,validation
0,42,43,1,validation
0,44,45,1,validation
0,48,49,1,validation
0,49,50,1,validation
0,50,51,0,validation
0,63,64,1,validation
0,70,71,0,validation
0,73,74,1,validation
0,75,76,1,validation
0,77,78,1,validation
0,78,79,1,validation
0,84,85,0,validation
0,87,88,1,validation
0,89,90,1,validation
0,92,93,0,validation
0,95,96,1,validation
0,110,111,0,validation
0,113,114,0,validation
0,115,116,0,validation
0,119,120,0,validation
0,123,124,1,validation
0,126,127,0,validation
0,134,135,1,validation
0,137,138,0,validation
0,157,158,0,validation
0,163,164,1,validation
0,165,166,0,validation
0,175,176,0,validation
0,177,178,0,validation
0,187,188,1,validation
0,195,196,1,validation
0,209,210,1,validation
0,215,216,1,validation
0,216,217,1,validation
0,217,218,1,validation
0,219,220,0,validation
0,236,237,1,validation
0,240,241,0,validation
0,242,243,1,validation
0,249,250,1,validation
0,251,252,1,validation
0,259,260,1,validation
0,264,265,0,validation
0,274,275,1,validation
0,280,281,1,validation
0,282,283,1,validation
0,284,285,1,validation
0,291,292,0,validation
0,294,295,1,validation
0,297,298,0,validation
0,298,299,0,validation
0,299,300,1,validation
0,302,303,1,validation
0,306,307,1,validation
0,312,313,1,validation
0,317,318,1,validation
0,319,320,1,validation
0,320,321,1,validation
0,321,322,0,validation
0,343,344,0,validation
0,350,351,1,validation
0,357,358,1,validation
0,360,361,0,validation
0,361,362,0,validation
0,365,366,0,validation
0,369,370,1,validation
0,377,378,0,validation
0,382,383,0,validation
0,391,392,1,validation
0,395,396,1,validation
0,397,398,1,validation
0,401,402,1,validation
0,402,403,1,validation
0,407,408,0,validation
0,411,412,1,validation
0,417,418,1,validation
0,419,420,0,validation
0,422,423,0,validation
0,433,434,1,validation
0,436,437,1,validation
0,449,450,0,validation
0,450,451,0,validation
0,452,453,0,validation
0,456,457,1,validation
0,457,458,0,validation
0,464,465,0,validation
0,467,468,0,validation
0,468,469,1,validation
0,476,477,1,validation
0,479,480,1,validation
0,483,484,1,validation
0,486,487,1,validation
0,487,488,0,validation
0,490,491,1,validation
0,502,503,1,validation
0,508,509,1,validation
0,511,512,1,validation
1,0,1,3,train
1,2,3,1,train
1,4,5,4,train
1,5,6,1,train
1,7,8,6,train
1,8,9,5,train
1,9,10,8,train
1,10,11,6,train
1,11,12,6,train
1,12,13,5,train
1,13,14,7,train
1,14,15,4,train
1,16,17,1,train
1,17,18,3,train
1,18,19,3,train
1,19,20,5,train
1,20,21,1,train
1,22,23,5,train
1,23,24,6,train
1,24,25,4,train
1,25,26,5,train
1,27,28,4,train
1,30,31,8,train
1,31,32,6,train
1,33,34,0,train
1,34,35,4,train
1,35,36,1,train
1,36,37,8,train
1,37,38,3,train
1,38,39,4,train
1,39,40,6,train
1,40,41,0,train
1,42,43,1,train
1,43,44,5,train
1,44,45,1,train
1,45,46,8,train
1,46,47,8,train
1,47,48,4,train
1,48,49,1,train
1,49,50,1,train
1,50,51,0,train
1,51,52,6,train
1,52,53,6,train
1,53,54,3,train
1,54,55,6,train
1,56,57,3,train
1,57,58,3,train
1,58,59,5,train
1,59,60,4,train
1,60,61,7,train
1,62,63,7,train
1,63,64,1,train
1,64,65,3,train
1,65,66,3,train
1,66,67,8,train
1,67,68,3,train
1,68,69,3,train
1,69,70,5,train
1,70,71,0,train
1,72,73,6,train
1,73,74,1,train
1,74,75,6,train
1,75,76,1,train
1,76,77,6,train
1,77,78,1,train
1,78,79,1,train
1,79,80,3,train
1,80,81,6,train
1,81,82,8,train
1,82,83,4,train
1,83,84,4,train
1,84,85,0,train
1,87,88,1,train
1,89,90,1,train
1,90,91,7,train
1,92,93,0,train
1,94,95,8,train
1,95,96,1,train
1,96,97,3,train
1,97,98,8,train
1,98,99,8,train
1,100,101,7,train
1,102,103,5,train
1,103,104,4,train
1,105,106,8,train
1,106,107,4,train
1,107,108,3,train
1,108,109,6,train
1,109,110,5,train
1,110,111,0,train
1,112,113,4,train
1,113,114,0,train
1,114,115,6,train
1,115,116,0,train
1,116,117,6,train
1,117,118,4,train
1,118,119,6,train
1,119,120,0,train
1,121,122,3,train
1,122,123,5,train
1,123,124,1,train
1,124,125,5,train
1,125,126,3,train
1,126,127,0,train
1,128,129,4,train
1,129,130,3,train
1,130,131,5,train
1,131,132,4,train
1,133,134,5,train
1,134,135,1,train
1,136,137,3,train
1,137,138,0,train
1,139,140,5,train
1,142,143,8,train
1,143,144,5,train
1,144,145,5,train
1,145,146,3,train
1,146,147,8,train
1,148,149,5,train
1,149,150,6,train
1,153,154,6,train
1,154,155,7,train
1,155,156,5,train
1,157,158,0,train
1,158,159,3,train
1,159,160,3,train
1,160,161,6,train
1,162,163,7,train
1,163,164,1,train
1,165,166,0,train
1,166,167,8,train
1,167,168,4,train
1,168,169,4,train
1,170,171,8,train
1,172,173,7,train
1,174,175,3,train
1,175,176,0,train
1,176,177,4,train
1,177,178,0,train
1,179,180,5,train
1,180,181,5,train
1,181,182,8,train
1,182,183,4,train
1,183,184,4,train
1,184,185,6,train
1,185,186,3,train
1,186,187,3,train
1,187,188,1,train
1,188,189,4,train
1,189,190,3,train
1,190,191,6,train
1,192,193,4,train
1,193,194,7,train
1,194,195,7,train
1,195,196,1,train
1,196,197,3,train
1,197,198,5,train
1,198,199,4,train
1,199,200,5,train
1,200,201,7,train
1,202,203,3,train
1,204,205,6,train
1,205,206,6,train
1,206,207,6,train
1,207,208,4,train
1,209,210,1,train
1,210,211,5,train
1,213,214,8,train
1,214,215,4,train
1,215,216,1,train
1,216,217,1,train
1,217,218,1,train
1,218,219,5,train
1,219,220,0,train
1,220,221,4,train
1,221,222,6,train
1,222,223,5,train
1,223,224,7,train
1,224,225,8,train
1,225,226,5,train
1,226,227,8,train
1,227,228,4,train
1,228,229,3,train
1,229,230,5,train
1,230,231,8,train
1,232,233,5,train
1,233,234,7,train
1,234,235,5,train
1,236,237,1,train
1,237,238,5,train
1,238,239,7,train
1,239,240,3,train
1,240,241,0,train
1,242,243,1,train
1,243,244,4,train
1,244,245,3,train
1,245,246,8,train
1,248,249,8,train
1,249,250,1,train
1,250,251,6,train
1,251,252,1,train
1,252,253,8,train
1,253,254,5,train
1,254,255,5,train
1,255,256,7,train
1,257,258,4,train
1,259,260,1,train
1,260,261,7,train
1,261,262,8,train
1,262,263,8,train
1,264,265,0,train
1,265,266,6,train
1,266,267,5,train
1,267,268,3,train
1,268,269,3,train
1,269,270,3,train
1,270,271,4,train
1,271,272,7,train
1,272,273,7,train
1,273,274,6,train
1,274,275,1,train
1,275,276,4,train
1,276,277,3,train
1,277,278,4,train
1,278,279,3,train
1,279,280,3,train
1,280,281,1,train
1,281,282,8,train
1,282,283,1,train
1,283,284,6,train
1,284,285,1,train
1,285,286,5,train
1,286,287,6,train
1,287,288,7,train
1,289,290,5,train
1,290,291,3,train
1,291,292,0,train
1,292,293,3,train
1,293,294,5,train
1,294,295,1,train
1,295,296,5,train
1,297,298,0,train
1,298,299,0,train
1,299,300,1,train
1,301,302,8,train
1,302,303,1,train
1,304,305,8,train
1,305,306,8,train
1,306,307,1,train
1,307,308,8,train
1,308,309,3,train
1,310,311,5,train
1,311,312,3,train
1,312,313,1,train
1,313,314,7,train
1,314,315,5,train
1,315,316,8,train
1,316,317,3,train
1,317,318,1,train
1,318,319,5,train
1,319,320,1,train
1,320,321,1,train
1,321,322,0,train
1,322,323,6,train
1,324,325,8,train
1,325,326,4,train
1,326,327,7,train
1,327,328,6,train
1,328,329,3,train
1,329,330,3,train
1,331,332,6,train
1,332,333,5,train
1,333,334,4,train
1,334,335,6,train
1,335,336,5,train
1,336,337,3,train
1,337,338,8,train
1,338,339,7,train
1,339,340,7,train
1,340,341,6,train
1,341,342,3,train
1,343,344,0,train
1,344,345,4,train
1,345,346,3,train
1,346,347,4,train
1,347,348,6,train
1,348,349,8,train
1,349,350,4,train
1,350,351,1,train
1,351,352,8,train
1,354,355,7,train
1,355,356,4,train
1,356,357,6,train
1,357,358,1,train
1,360,361,0,train
1,361,362,0,train
1,363,364,8,train
1,364,365,3,train
1,365,366,0,train
1,369,370,1,train
1,371,372,5,train
1,372,373,7,train
1,377,378,0,train
1,378,379,7,train
1,379,380,6,train
1,381,382,5,train
1,382,383,0,train
1,384,385,3,train
1,386,387,6,train
1,387,388,4,train
1,388,389,4,train
1,389,390,3,train
1,390,391,5,train
1,391,392,1,train
1,392,393,4,train
1,393,394,5,train
1,394,395,8,train
1,395,396,1,train
1,397,398,1,train
1,398,399,8,train
1,399,400,7,train
1,400,401,8,train
1,401,402,1,train
1,402,403,1,train
1,403,404,4,train
1,405,406,5,train
1,406,407,5,train
1,407,408,0,train
1,408,409,8,train
1,409,410,8,train
1,410,411,5,train
1,411,412,1,train
1,412,413,4,train
1,413,414,4,train
1,414,415,8,train
1,415,416,8,train
1,416,417,4,train
1,417,418,1,train
1,418,419,4,train
1,419,420,0,train
1,420,421,7,train
1,422,423,0,train
1,425,426,5,train
1,426,427,5,train
1,428,429,6,train
1,429,430,4,train
1,430,431,7,train
1,431,432,3,train
1,432,433,7,train
1,433,434,1,train
1,434,435,5,train
1,435,436,8,train
1,436,437,1,train
1,440,441,8,train
1,441,442,7,train
1,443,444,3,train
1,444,445,6,train
1,445,446,6,train
1,446,447,7,train
1,447,448,8,train
1,448,449,7,train
1,449,450,0,train
1,450,451,0,train
1,451,452,5,train
1,452,453,0,train
1,453,454,7,train
1,454,455,6,train
1,455,456,6,train
1,456,457,1,train
1,457,458,0,train
1,458,459,3,train
1,459,460,3,train
1,460,461,3,train
1,461,462,6,train
1,462,463,7,train
1,463,464,5,train
1,464,465,0,train
1,466,467,6,train
1,467,468,0,train
1,468,469,1,train
1,470,471,6,train
1,472,473,7,train
1,473,474,3,train
1,474,475,3,train
1,475,476,4,train
1,476,477,1,train
1,477,478,8,train
1,478,479,4,train
1,479,480,1,train
1,480,481,7,train
1,481,482,7,train
1,483,484,1,train
1,486,487,1,train
1,487,488,0,train
1,488,489,6,train
1,489,490,6,train
1,490,491,1,train
1,492,493,7,train
1,493,494,6,train
1,494,495,7,train
1,495,496,4,train
1,496,497,4,train
1,497,498,3,train
1,499,500,3,train
1,502,503,1,train
1,504,505,8,train
1,507,508,3,train
1,508,509,1,train
1,509,510,6,train
1,510,511,3,train
1,511,512,1,train
1,1,2,9,validation
1,3,4,9,validation
1,6,7,2,validation
1,15,16,9,validation
1,21,22,9,validation
1,26,27,9,validation
1,28,29,2,validation
1,29,30,2,validation
1,32,33,9,validation
1,41,42,9,validation
1,55,56,9,validation
1,61,62,9,validation
1,71,72,9,validation
1,85,86,2,validation
1,86,87,9,validation
1,88,89,9,validation
1,91,92,9,validation
1,93,94,9,validation
1,99,100,9,validation
1,101,102,2,validation
1,104,105,9,validation
1,111,112,2,validation
1,120,121,9,validation
1,127,128,2,validation
1,132,133,2,validation
1,135,136,9,validation
1,138,139,9,validation
1,140,141,2,validation
1,141,142,2,validation
1,147,148,9,validation
1,150,151,2,validation
1,151,152,2,validation
1,152,153,2,validation
1,156,157,9,validation
1,161,162,9,validation
1,164,165,9,validation
1,169,170,9,validation
1,171,172,9,validation
1,173,174,9,validation
1,178,179,9,validation
1,191,192,2,validation
1,201,202,9,validation
1,203,204,9,validation
1,208,209,2,validation
1,211,212,9,validation
1,212,213,2,validation
1,231,232,9,validation
1,235,236,9,validation
1,241,242,2,validation
1,246,247,9,validation
1,247,248,9,validation
1,256,257,9,validation
1,258,259,2,validation
1,263,264,2,validation
1,288,289,2,validation
1,296,297,2,validation
1,300,301,9,validation
1,303,304,2,validation
1,309,310,9,validation
1,323,324,9,validation
1,330,331,2,validation
1,342,343,9,validation
1,352,353,2,validation
1,353,354,2,validation
1,358,359,2,validation
1,359,360,9,validation
1,362,363,9,validation
1,366,367,9,validation
1,367,368,9,validation
1,368,369,9,validation
1,370,371,9,validation
1,373,374,2,validation
1,374,375,9,validation
1,375,376,2,validation
1,376,377,2,validation
1,380,381,9,validation
1,383,384,9,validation
1,385,386,2,validation
1,396,397,9,validation
1,404,405,2,validation
1,421,422,9,validation
1,423,424,2,validation
1,424,425,9,validation
1,427,428,2,validation
1,437,438,9,validation
1,438,439,9,validation
1,439,440,2,validation
1,442,443,9,validation
1,465,466,2,validation
1,469,470,9,validation
1,471,472,9,validation
1,482,483,2,validation
1,484,485,9,validation
1,485,486,2,validation
1,491,492,2,validation
1,498,499,9,validation
1,500,501,2,validation
1,501,502,2,validation
1,503,504,9,validation
1,505,506,9,validation
1,506,507,2,validation
2,1,2,9,train
2,2,3,1,train
2,3,4,9,train
2,4,5,4,train
2,5,6,1,train
2,6,7,2,train
2,7,8,6,train
2,8,9,5,train
2,9,10,8,train
2,10,11,6,train
2,11,12,6,train
2,12,13,5,train
2,14,15,4,train
2,15,16,9,train
2,16,17,1,train
2,19,20,5,train
2,20,21,1,train
2,21,22,9,train
2,22,23,5,train
2,23,24,6,train
2,24,25,4,train
2,25,26,5,train
2,26,27,9,train
2,27,28,4,train
2,28,29,2,train
2,29,30,2,train
2,30,31,8,train
2,31,32,6,train
2,32,33,9,train
2,33,34,0,train
2,34,35,4,train
2,35,36,1,train
2,36,37,8,train
2,38,39,4,train
2,39,40,6,train
2,40,41,0,train
2,41,42,9,train
2,42,43,1,train
2,43,44,5,train
2,44,45,1,train
2,45,46,8,train
2,46,47,8,train
2,47,48,4,train
2,48,49,1,train
2,49,50,1,train
2,50,51,0,train
2,51,52,6,train
2,52,53,6,train
2,54,55,6,train
2,55,56,9,train
2,58,59,5,train
2,59,60,4,train
2,61,62,9,train
2,63,64,1,train
2,66,67,8,train
2,69,70,5,train
2,70,71,0,train
2,71,72,9,train
2,72,73,6,train
2,73,74,1,train
2,74,75,6,train
2,75,76,1,train
2,76,77,6,train
2,77,78,1,train
2,78,79,1,train
2,80,81,6,train
2,81,82,8,train
2,82,83,4,train
2,83,84,4,train
2,84,85,0,train
2,85,86,2,train
2,86,87,9,train
2,87,88,1,train
2,88,89,9,train
2,89,90,1,train
2,91,92,9,train
2,92,93,0,train
2,93,94,9,train
2,94,95,8,train
2,95,96,1,train
2,97,98,8,train
2,98,99,8,train
2,99,100,9,train
2,101,102,2,train
2,102,103,5,train
2,103,104,4,train
2,104,105,9,train
2,105,106,8,train
2,106,107,4,train
2,108,109,6,train
2,109,110,5,train
2,110,111,0,train
2,111,112,2,train
2,112,113,4,train
2,113,114,0,train
2,114,115,6,train
2,115,116,0,train
2,116,117,6,train
2,117,118,4,train
2,118,119,6,train
2,119,120,0,train
2,120,121,9,train
2,122,123,5,train
2,123,124,1,train
2,124,125,5,train
2,126,127,0,train
2,127,128,2,train
2,128,129,4,train
2,130,131,5,train
2,131,132,4,train
2,132,133,2,train
2,133,134,5,train
2,134,135,1,train
2,135,136,9,train
2,137,138,0,train
2,138,139,9,train
2,139,140,5,train
2,140,141,2,train
2,141,142,2,train
2,142,143,8,train
2,143,144,5,train
2,144,145,5,train
2,146,147,8,train
2,147,148,9,train
2,148,149,5,train
2,149,150,6,train
2,150,151,2,train
2,151,152,2,train
2,152,153,2,train
2,153,154,6,train
2,155,156,5,train
2,156,157,9,train
2,157,158,0,train
2,160,161,6,train
2,161,162,9,train
2,163,164,1,train
2,164,165,9,train
2,165,166,0,train
2,166,167,8,train
2,167,168,4,train
2,168,169,4,train
2,169,170,9,train
2,170,171,8,train
2,171,172,9,train
2,173,174,9,train
2,175,176,0,train
2,176,177,4,train
2,177,178,0,train
2,178,179,9,train
2,179,180,5,train
2,180,181,5,train
2,181,182,8,train
2,182,183,4,train
2,183,184,4,train
2,184,185,6,train
2,187,188,1,train
2,188,189,4,train
2,190,191,6,train
2,191,192,2,train
2,192,193,4,train
2,195,196,1,train
2,197,198,5,train
2,198,199,4,train
2,199,200,5,train
2,201,202,9,train
2,203,204,9,train
2,204,205,6,train
2,205,206,6,train
2,206,207,6,train
2,207,208,4,train
2,208,209,2,train
2,209,210,1,train
2,210,211,5,train
2,211,212,9,train
2,212,213,2,train
2,213,214,8,train
2,214,215,4,train
2,215,216,1,train
2,216,217,1,train
2,217,218,1,train
2,218,219,5,train
2,219,220,0,train
2,220,221,4,train
2,221,222,6,train
2,222,223,5,train
2,224,225,8,train
2,225,226,5,train
2,226,227,8,train
2,227,228,4,train
2,229,230,5,train
2,230,231,8,train
2,231,232,9,train
2,232,233,5,train
2,234,235,5,train
2,235,236,9,train
2,236,237,1,train
2,237,238,5,train
2,240,241,0,train
2,241,242,2,train
2,242,243,1,train
2,243,244,4,train
2,245,246,8,train
2,246,247,9,train
2,247,248,9,train
2,248,249,8,train
2,249,250,1,train
2,250,251,6,train
2,251,252,1,train
2,252,253,8,train
2,253,254,5,train
2,254,255,5,train
2,256,257,9,train
2,257,258,4,train
2,258,259,2,train
2,259,260,1,train
2,261,262,8,train
2,262,263,8,train
2,263,264,2,train
2,264,265,0,train
2,265,266,6,train
2,266,267,5,train
2,270,271,4,train
2,273,274,6,train
2,274,275,1,train
2,275,276,4,train
2,277,278,4,train
2,280,281,1,train
2,281,282,8,train
2,282,283,1,train
2,283,284,6,train
2,284,285,1,train
2,285,286,5,train
2,286,287,6,train
2,288,289,2,train
2,289,290,5,train
2,291,292,0,train
2,293,294,5,train
2,294,295,1,train
2,295,296,5,train
2,296,297,2,train
2,297,298,0,train
2,298,299,0,train
2,299,300,1,train
2,300,301,9,train
2,301,302,8,train
2,302,303,1,train
2,303,304,2,train
2,304,305,8,train
2,305,306,8,train
2,306,307,1,train
2,307,308,8,train
2,309,310,9,train
2,310,311,5,train
2,312,313,1,train
2,314,315,5,train
2,315,316,8,train
2,317,318,1,train
2,318,319,5,train
2,319,320,1,train
2,320,321,1,train
2,321,322,0,train
2,322,323,6,train
2,323,324,9,train
2,324,325,8,train
2,325,326,4,train
2,327,328,6,train
2,330,331,2,train
2,331,332,6,train
2,332,333,5,train
2,333,334,4,train
2,334,335,6,train
2,335,336,5,train
2,337,338,8,train
2,340,341,6,train
2,342,343,9,train
2,343,344,0,train
2,344,345,4,train
2,346,347,4,train
2,347,348,6,train
2,348,349,8,train
2,349,350,4,train
2,350,351,1,train
2,351,352,8,train
2,352,353,2,train
2,353,354,2,train
2,355,356,4,train
2,356,357,6,train
2,357,358,1,train
2,358,359,2,train
2,359,360,9,train
2,360,361,0,train
2,361,362,0,train
2,362,363,9,train
2,363,364,8,train
2,365,366,0,train
2,366,367,9,train
2,367,368,9,train
2,368,369,9,train
2,369,370,1,train
2,370,371,9,train
2,371,372,5,train
2,373,374,2,train
2,374,375,9,train
2,375,376,2,train
2,376,377,2,train
2,377,378,0,train
2,379,380,6,train
2,380,381,9,train
2,381,382,5,train
2,382,383,0,train
2,383,384,9,train
2,385,386,2,train
2,386,387,6,train
2,387,388,4,train
2,388,389,4,train
2,390,391,5,train
2,391,392,1,train
2,392,393,4,train
2,393,394,5,train
2,394,395,8,train
2,395,396,1,train
2,396,397,9,train
2,397,398,1,train
2,398,399,8,train
2,400,401,8,train
2,401,402,1,train
2,402,403,1,train
2,403,404,4,train
2,404,405,2,train
2,405,406,5,train
2,406,407,5,train
2,407,408,0,train
2,408,409,8,train
2,409,410,8,train
2,410,411,5,train
2,411,412,1,train
2,412,413,4,train
2,413,414,4,train
2,414,415,8,train
2,415,416,8,train
2,416,417,4,train
2,417,418,1,train
2,418,419,4,train
2,419,420,0,train
2,421,422,9,train
2,422,423,0,train
2,423,424,2,train
2,424,425,9,train
2,425,426,5,train
2,426,427,5,train
2,427,428,2,train
2,428,429,6,train
2,429,430,4,train
2,433,434,1,train
2,434,435,5,train
2,435,436,8,train
2,436,437,1,train
2,437,438,9,train
2,438,439,9,train
2,439,440,2,train
2,440,441,8,train
2,442,443,9,train
2,444,445,6,train
2,445,446,6,train
2,447,448,8,train
2,449,450,0,train
2,450,451,0,train
2,451,452,5,train
2,452,453,0,train
2,454,455,6,train
2,455,456,6,train
2,456,457,1,train
2,457,458,0,train
2,461,462,6,train
2,463,464,5,train
2,464,465,0,train
2,465,466,2,train
2,466,467,6,train
2,467,468,0,train
2,468,469,1,train
2,469,470,9,train
2,470,471,6,train
2,471,472,9,train
2,475,476,4,train
2,476,477,1,train
2,477,478,8,train
2,478,479,4,train
2,479,480,1,train
2,482,483,2,train
2,483,484,1,train
2,484,485,9,train
2,485,486,2,train
2,486,487,1,train
2,487,488,0,train
2,488,489,6,train
2,489,490,6,train
2,490,491,1,train
2,491,492,2,train
2,493,494,6,train
2,495,496,4,train
2,496,497,4,train
2,498,499,9,train
2,500,501,2,train
2,501,502,2,train
2,502,503,1,train
2,503,504,9,train
2,504,505,8,train
2,505,506,9,train
2,506,507,2,train
2,508,509,1,train
2,509,510,6,train
2,511,512,1,train
2,0,1,3,validation
2,13,14,7,validation
2,17,18,3,validation
2,18,19,3,validation
2,37,38,3,validation
2,53,54,3,validation
2,56,57,3,validation
2,57,58,3,validation
2,60,61,7,validation
2,62,63,7,validation
2,64,65,3,validation
2,65,66,3,validation
2,67,68,3,validation
2,68,69,3,validation
2,79,80,3,validation
2,90,91,7,validation
2,96,97,3,validation
2,100,101,7,validation
2,107,108,3,validation
2,121,122,3,validation
2,125,126,3,validation
2,129,130,3,validation
2,136,137,3,validation
2,145,146,3,validation
2,154,155,7,validation
2,158,159,3,validation
2,159,160,3,validation
2,162,163,7,validation
2,172,173,7,validation
2,174,175,3,validation
2,185,186,3,validation
2,186,187,3,validation
2,189,190,3,validation
2,193,194,7,validation
2,194,195,7,validation
2,196,197,3,validation
2,200,201,7,validation
2,202,203,3,validation
2,223,224,7,validation
2,228,229,3,validation
2,233,234,7,validation
2,238,239,7,validation
2,239,240,3,validation
2,244,245,3,validation
2,255,256,7,validation
2,260,261,7,validation
2,267,268,3,validation
2,268,269,3,validation
2,269,270,3,validation
2,271,272,7,validation
2,272,273,7,validation
2,276,277,3,validation
2,278,279,3,validation
2,279,280,3,validation
2,287,288,7,validation
2,290,291,3,validation
2,292,293,3,validation
2,308,309,3,validation
2,311,312,3,validation
2,313,314,7,validation
2,316,317,3,validation
2,326,327,7,validation
2,328,329,3,validation
2,329,330,3,validation
2,336,337,3,validation
2,338,339,7,validation
2,339,340,7,validation
2,341,342,3,validation
2,345,346,3,validation
2,354,355,7,validation
2,364,365,3,validation
2,372,373,7,validation
2,378,379,7,validation
2,384,385,3,validation
2,389,390,3,validation
2,399,400,7,validation
2,420,421,7,validation
2,430,431,7,validation
2,431,432,3,validation
2,432,433,7,validation
2,441,442,7,validation
2,443,444,3,validation
2,446,447,7,validation
2,448,449,7,validation
2,453,454,7,validation
2,458,459,3,validation
2,459,460,3,validation
2,460,461,3,validation
2,462,463,7,validation
2,472,473,7,validation
2,473,474,3,validation
2,474,475,3,validation
2,480,481,7,validation
2,481,482,7,validation
2,492,493,7,validation
2,494,495,7,validation
2,497,498,3,validation
2,499,500,3,validation
2,507,508,3,validation
2,510,511,3,validation
3,0,1,3,train
3,1,2,9,train
3,2,3,1,train
3,3,4,9,train
3,4,5,4,train
3,5,6,1,train
3,6,7,2,train
3,7,8,6,train
3,10,11,6,train
3,11,12,6,train
3,13,14,7,train
3,14,15,4,train
3,15,16,9,train
3,16,17,1,train
3,17,18,3,train
3,18,19,3,train
3,20,21,1,train
3,21,22,9,train
3,23,24,6,train
3,24,25,4,train
3,26,27,9,train
3,27,28,4,train
3,28,29,2,train
3,29,30,2,train
3,31,32,6,train
3,32,33,9,train
3,33,34,0,train
3,34,35,4,train
3,35,36,1,train
3,37,38,3,train
3,38,39,4,train
3,39,40,6,train
3,40,41,0,train
3,41,42,9,train
3,42,43,1,train
3,44,45,1,train
3,47,48,4,train
3,48,49,1,train
3,49,50,1,train
3,50,51,0,train
3,51,52,6,train
3,52,53,6,train
3,53,54,3,train
3,54,55,6,train
3,55,56,9,train
3,56,57,3,train
3,57,58,3,train
3,59,60,4,train
3,60,61,7,train
3,61,62,9,train
3,62,63,7,train
3,63,64,1,train
3,64,65,3,train
3,65,66,3,train
3,67,68,3,train
3,68,69,3,train
3,70,71,0,train
3,71,72,9,train
3,72,73,6,train
3,73,74,1,train
3,74,75,6,train
3,75,76,1,train
3,76,77,6,train
3,77,78,1,train
3,78,79,1,train
3,79,80,3,train
3,80,81,6,train
3,82,83,4,train
3,83,84,4,train
3,84,85,0,train
3,85,86,2,train
3,86,87,9,train
3,87,88,1,train
3,88,89,9,train
3,89,90,1,train
3,90,91,7,train
3,91,92,9,train
3,92,93,0,train
3,93,94,9,train
3,95,96,1,train
3,96,97,3,train
3,99,100,9,train
3,100,101,7,train
3,101,102,2,train
3,103,104,4,train
3,104,105,9,train
3,106,107,4,train
3,107,108,3,train
3,108,109,6,train
3,110,111,0,train
3,111,112,2,train
3,112,113,4,train
3,113,114,0,train
3,114,115,6,train
3,115,116,0,train
3,116,117,6,train
3,117,118,4,train
3,118,119,6,train
3,119,120,0,train
3,120,121,9,train
3,121,122,3,train
3,123,124,1,train
3,125,126,3,train
3,126,127,0,train
3,127,128,2,train
3,128,129,4,train
3,129,130,3,train
3,131,132,4,train
3,132,133,2,train
3,134,135,1,train
3,135,136,9,train
3,136,137,3,train
3,137,138,0,train
3,138,139,9,train
3,140,141,2,train
3,141,142,2,train
3,145,146,3,train
3,147,148,9,train
3,149,150,6,train
3,150,151,2,train
3,151,152,2,train
3,152,153,2,train
3,153,154,6,train
3,154,155,7,train
3,156,157,9,train
3,157,158,0,train
3,158,159,3,train
3,159,160,3,train
3,160,161,6,train
3,161,162,9,train
3,162,163,7,train
3,163,164,1,train
3,164,165,9,train
3,165,166,0,train
3,167,168,4,train
3,168,169,4,train
3,169,170,9,train
3,171,172,9,train
3,172,173,7,train
3,173,174,9,train
3,174,175,3,train
3,175,176,0,train
3,176,177,4,train
3,177,178,0,train
3,178,179,9,train
3,182,183,4,train
3,183,184,4,train
3,184,185,6,train
3,185,186,3,train
3,186,187,3,train
3,187,188,1,train
3,188,189,4,train
3,189,190,3,train
3,190,191,6,train
3,191,192,2,train
3,192,193,4,train
3,193,194,7,train
3,194,195,7,train
3,195,196,1,train
3,196,197,3,train
3,198,199,4,train
3,200,201,7,train
3,201,202,9,train
3,202,203,3,train
3,203,204,9,train
3,204,205,6,train
3,205,206,6,train
3,206,207,6,train
3,207,208,4,train
3,208,209,2,train
3,209,210,1,train
3,211,212,9,train
3,212,213,2,train
3,214,215,4,train
3,215,216,1,train
3,216,217,1,train
3,217,218,1,train
3,219,220,0,train
3,220,221,4,train
3,221,222,6,train
3,223,224,7,train
3,227,228,4,train
3,228,229,3,train
3,231,232,9,train
3,233,234,7,train
3,235,236,9,train
3,236,237,1,train
3,238,239,7,train
3,239,240,3,train
3,240,241,0,train
3,241,242,2,train
3,242,243,1,train
3,243,244,4,train
3,244,245,3,train
3,246,247,9,train
3,247,248,9,train
3,249,250,1,train
3,250,251,6,train
3,251,252,1,train
3,255,256,7,train
3,256,257,9,train
3,257,258,4,train
3,258,259,2,train
3,259,260,1,train
3,260,261,7,train
3,263,264,2,train
3,264,265,0,train
3,265,266,6,train
3,267,268,3,train
3,268,269,3,train
3,269,270,3,train
3,270,271,4,train
3,271,272,7,train
3,272,273,7,train
3,273,274,6,train
3,274,275,1,train
3,275,276,4,train
3,276,277,3,train
3,277,278,4,train
3,278,279,3,train
3,279,280,3,train
3,280,281,1,train
3,282,283,1,train
3,283,284,6,train
3,284,285,1,train
3,286,287,6,train
3,287,288,7,train
3,288,289,2,train
3,290,291,3,train
3,291,292,0,train
3,292,293,3,train
3,294,295,1,train
3,296,297,2,train
3,297,298,0,train
3,298,299,0,train
3,299,300,1,train
3,300,301,9,train
3,302,303,1,train
3,303,304,2,train
3,306,307,1,train
3,308,309,3,train
3,309,310,9,train
3,311,312,3,train
3,312,313,1,train
3,313,314,7,train
3,316,317,3,train
3,317,318,1,train
3,319,320,1,train
3,320,321,1,train
3,321,322,0,train
3,322,323,6,train
3,323,324,9,train
3,325,326,4,train
3,326,327,7,train
3,327,328,6,train
3,328,329,3,train
3,329,330,3,train
3,330,331,2,train
3,331,332,6,train
3,333,334,4,train
3,334,335,6,train
3,336,337,3,train
3,338,339,7,train
3,339,340,7,train
3,340,341,6,train
3,341,342,3,train
3,342,343,9,train
3,343,344,0,train
3,344,345,4,train
3,345,346,3,train
3,346,347,4,train
3,347,348,6,train
3,349,350,4,train
3,350,351,1,train
3,352,353,2,train
3,353,354,2,train
3,354,355,7,train
3,355,356,4,train
3,356,357,6,train
3,357,358,1,train
3,358,359,2,train
3,359,360,9,train
3,360,361,0,train
3,361,362,0,train
3,362,363,9,train
3,364,365,3,train
3,365,366,0,train
3,366,367,9,train
3,367,368,9,train
3,368,369,9,train
3,369,370,1,train
3,370,371,9,train
3,372,373,7,train
3,373,374,2,train
3,374,375,9,train
3,375,376,2,train
3,376,377,2,train
3,377,378,0,train
3,378,379,7,train
3,379,380,6,train
3,380,381,9,train
3,382,383,0,train
3,383,384,9,train
3,384,385,3,train
3,385,386,2,train
3,386,387,6,train
3,387,388,4,train
3,388,389,4,train
3,389,390,3,train
3,391,392,1,train
3,392,393,4,train
3,395,396,1,train
3,396,397,9,train
3,397,398,1,train
3,399,400,7,train
3,401,402,1,train
3,402,403,1,train
3,403,404,4,train
3,404,405,2,train
3,407,408,0,train
3,411,412,1,train
3,412,413,4,train
3,413,414,4,train
3,416,417,4,train
3,417,418,1,train
3,418,419,4,train
3,419,420,0,train
3,420,421,7,train
3,421,422,9,train
3,422,423,0,train
3,423,424,2,train
3,424,425,9,train
3,427,428,2,train
3,428,429,6,train
3,429,430,4,train
3,430,431,7,train
3,431,432,3,train
3,432,433,7,train
3,433,434,1,train
3,436,437,1,train
3,437,438,9,train
3,438,439,9,train
3,439,440,2,train
3,441,442,7,train
3,442,443,9,train
3,443,444,3,train
3,444,445,6,train
3,445,446,6,train
3,446,447,7,train
3,448,449,7,train
3,449,450,0,train
3,450,451,0,train
3,452,453,0,train
3,453,454,7,train
3,454,455,6,train
3,455,456,6,train
3,456,457,1,train
3,457,458,0,train
3,458,459,3,train
3,459,460,3,train
3,460,461,3,train
3,461,462,6,train
3,462,463,7,train
3,464,465,0,train
3,465,466,2,train
3,466,467,6,train
3,467,468,0,train
3,468,469,1,train
3,469,470,9,train
3,470,471,6,train
3,471,472,9,train
3,472,473,7,train
3,473,474,3,train
3,474,475,3,train
3,475,476,4,train
3,476,477,1,train
3,478,479,4,train
3,479,480,1,train
3,480,481,7,train
3,481,482,7,train
3,482,483,2,train
3,483,484,1,train
3,484,485,9,train
3,485,486,2,train
3,486,487,1,train
3,487,488,0,train
3,488,489,6,train
3,489,490,6,train
3,490,491,1,train
3,491,492,2,train
3,492,493,7,train
3,493,494,6,train
3,494,495,7,train
3,495,496,4,train
3,496,497,4,train
3,497,498,3,train
3,498,499,9,train
3,499,500,3,train
3,500,501,2,train
3,501,502,2,train
3,502,503,1,train
3,503,504,9,train
3,505,506,9,train
3,506,507,2,train
3,507,508,3,train
3,508,509,1,train
3,509,510,6,train
3,510,511,3,train
3,511,512,1,train
3,8,9,5,validation
3,9,10,8,validation
3,12,13,5,validation
3,19,20,5,validation
3,22,23,5,validation
3,25,26,5,validation
3,30,31,8,validation
3,36,37,8,validation
3,43,44,5,validation
3,45,46,8,validation
3,46,47,8,validation
3,58,59,5,validation
3,66,67,8,validation
3,69,70,5,validation
3,81,82,8,validation
3,94,95,8,validation
3,97,98,8,validation
3,98,99,8,validation
3,102,103,5,validation
3,105,106,8,validation
3,109,110,5,validation
3,122,123,5,validation
3,124,125,5,validation
3,130,131,5,validation
3,133,134,5,validation
3,139,140,5,validation
3,142,143,8,validation
3,143,144,5,validation
3,144,145,5,validation
3,146,147,8,validation
3,148,149,5,validation
3,155,156,5,validation
3,166,167,8,validation
3,170,171,8,validation
3,179,180,5,validation
3,180,181,5,validation
3,181,182,8,validation
3,197,198,5,validation
3,199,200,5,validation
3,210,211,5,validation
3,213,214,8,validation
3,218,219,5,validation
3,222,223,5,validation
3,224,225,8,validation
3,225,226,5,validation
3,226,227,8,validation
3,229,230,5,validation
3,230,231,8,validation
3,232,233,5,validation
3,234,235,5,validation
3,237,238,5,validation
3,245,246,8,validation
3,248,249,8,validation
3,252,253,8,validation
3,253,254,5,validation
3,254,255,5,validation
3,261,262,8,validation
3,262,263,8,validation
3,266,267,5,validation
3,281,282,8,validation
3,285,286,5,validation
3,289,290,5,validation
3,293,294,5,validation
3,295,296,5,validation
3,301,302,8,validation
3,304,305,8,validation
3,305,306,8,validation
3,307,308,8,validation
3,310,311,5,validation
3,314,315,5,validation
3,315,316,8,validation
3,318,319,5,validation
3,324,325,8,validation
3,332,333,5,validation
3,335,336,5,validation
3,337,338,8,validation
3,348,349,8,validation
3,351,352,8,validation
3,363,364,8,validation
3,371,372,5,validation
3,381,382,5,validation
3,390,391,5,validation
3,393,394,5,validation
3,394,395,8,validation
3,398,399,8,validation
3,400,401,8,validation
3,405,406,5,validation
3,406,407,5,validation
3,408,409,8,validation
3,409,410,8,validation
3,410,411,5,validation
3,414,415,8,validation
3,415,416,8,validation
3,425,426,5,validation
3,426,427,5,validation
3,434,435,5,validation
3,435,436,8,validation
3,440,441,8,validation
3,447,448,8,validation
3,451,452,5,validation
3,463,464,5,validation
3,477,478,8,validation
3,504,505,8,validation
4,0,1,3,train
4,1,2,9,train
4,2,3,1,train
4,3,4,9,train
4,5,6,1,train
4,6,7,2,train
4,8,9,5,train
4,9,10,8,train
4,12,13,5,train
4,13,14,7,train
4,15,16,9,train
4,16,17,1,train
4,17,18,3,train
4,18,19,3,train
4,19,20,5,train
4,20,21,1,train
4,21,22,9,train
4,22,23,5,train
4,25,26,5,train
4,26,27,9,train
4,28,29,2,train
4,29,30,2,train
4,30,31,8,train
4,32,33,9,train
4,33,34,0,train
4,35,36,1,train
4,36,37,8,train
4,37,38,3,train
4,40,41,0,train
4,41,42,9,train
4,42,43,1,train
4,43,44,5,train
4,44,45,1,train
4,45,46,8,train
4,46,47,8,train
4,48,49,1,train
4,49,50,1,train
4,50,51,0,train
4,53,54,3,train
4,55,56,9,train
4,56,57,3,train
4,57,58,3,train
4,58,59,5,train
4,60,61,7,train
4,61,62,9,train
4,62,63,7,train
4,63,64,1,train
4,64,65,3,train
4,65,66,3,train
4,66,67,8,train
4,67,68,3,train
4,68,69,3,train
4,69,70,5,train
4,70,71,0,train
4,71,72,9,train
4,73,74,1,train
4,75,76,1,train
4,77,78,1,train
4,78,79,1,train
4,79,80,3,train
4,81,82,8,train
4,84,85,0,train
4,85,86,2,train
4,86,87,9,train
4,87,88,1,train
4,88,89,9,train
4,89,90,1,train
4,90,91,7,train
4,91,92,9,train
4,92,93,0,train
4,93,94,9,train
4,94,95,8,train
4,95,96,1,train
4,96,97,3,train
4,97,98,8,train
4,98,99,8,train
4,99,100,9,train
4,100,101,7,train
4,101,102,2,train
4,102,103,5,train
4,104,105,9,train
4,105,106,8,train
4,107,108,3,train
4,109,110,5,train
4,110,111,0,train
4,111,112,2,train
4,113,114,0,train
4,115,116,0,train
4,119,120,0,train
4,120,121,9,train
4,121,122,3,train
4,122,123,5,train
4,123,124,1,train
4,124,125,5,train
4,125,126,3,train
4,126,127,0,train
4,127,128,2,train
4,129,130,3,train
4,130,131,5,train
4,132,133,2,train
4,133,134,5,train
4,134,135,1,train
4,135,136,9,train
4,136,137,3,train
4,137,138,0,train
4,138,139,9,train
4,139,140,5,train
4,140,141,2,train
4,141,142,2,train
4,142,143,8,train
4,143,144,5,train
4,144,145,5,train
4,145,146,3,train
4,146,147,8,train
4,147,148,9,train
4,148,149,5,train
4,150,151,2,train
4,151,152,2,train
4,152,153,2,train
4,154,155,7,train
4,155,156,5,train
4,156,157,9,train
4,157,158,0,train
4,158,159,3,train
4,159,160,3,train
4,161,162,9,train
4,162,163,7,train
4,163,164,1,train
4,164,165,9,train
4,165,166,0,train
4,166,167,8,train
4,169,170,9,train
4,170,171,8,train
4,171,172,9,train
4,172,173,7,train
4,173,174,9,train
4,174,175,3,train
4,175,176,0,train
4,177,178,0,train
4,178,179,9,train
4,179,180,5,train
4,180,181,5,train
4,181,182,8,train
4,185,186,3,train
4,186,187,3,train
4,187,188,1,train
4,189,190,3,train
4,191,192,2,train
4,193,194,7,train
4,194,195,7,train
4,195,196,1,train
4,196,197,3,train
4,197,198,5,train
4,199,200,5,train
4,200,201,7,train
4,201,202,9,train
4,202,203,3,train
4,203,204,9,train
4,208,209,2,train
4,209,210,1,train
4,210,211,5,train
4,211,212,9,train
4,212,213,2,train
4,213,214,8,train
4,215,216,1,train
4,216,217,1,train
4,217,218,1,train
4,218,219,5,train
4,219,220,0,train
4,222,223,5,train
4,223,224,7,train
4,224,225,8,train
4,225,226,5,train
4,226,227,8,train
4,228,229,3,train
4,229,230,5,train
4,230,231,8,train
4,231,232,9,train
4,232,233,5,train
4,233,234,7,train
4,234,235,5,train
4,235,236,9,train
4,236,237,1,train
4,237,238,5,train
4,238,239,7,train
4,239,240,3,train
4,240,241,0,train
4,241,242,2,train
4,242,243,1,train
4,244,245,3,train
4,245,246,8,train
4,246,247,9,train
4,247,248,9,train
4,248,249,8,train
4,249,250,1,train
4,251,252,1,train
4,252,253,8,train
4,253,254,5,train
4,254,255,5,train
4,255,256,7,train
4,256,257,9,train
4,258,259,2,train
4,259,260,1,train
4,260,261,7,train
4,261,262,8,train
4,262,263,8,train
4,263,264,2,train
4,264,265,0,train
4,266,267,5,train
4,267,268,3,train
4,268,269,3,train
4,269,270,3,train
4,271,272,7,train
4,272,273,7,train
4,274,275,1,train
4,276,277,3,train
4,278,279,3,train
4,279,280,3,train
4,280,281,1,train
4,281,282,8,train
4,282,283,1,train
4,284,285,1,train
4,285,286,5,train
4,287,288,7,train
4,288,289,2,train
4,289,290,5,train
4,290,291,3,train
4,291,292,0,train
4,292,293,3,train
4,293,294,5,train
4,294,295,1,train
4,295,296,5,train
4,296,297,2,train
4,297,298,0,train
4,298,299,0,train
4,299,300,1,train
4,300,301,9,train
4,301,302,8,train
4,302,303,1,train
4,303,304,2,train
4,304,305,8,train
4,305,306,8,train
4,306,307,1,train
4,307,308,8,train
4,308,309,3,train
4,309,310,9,train
4,310,311,5,train
4,311,312,3,train
4,312,313,1,train
4,313,314,7,train
4,314,315,5,train
4,315,316,8,train
4,316,317,3,train
4,317,318,1,train
4,318,319,5,train
4,319,320,1,train
4,320,321,1,train
4,321,322,0,train
4,323,324,9,train
4,324,325,8,train
4,326,327,7,train
4,328,329,3,train
4,329,330,3,train
4,330,331,2,train
4,332,333,5,train
4,335,336,5,train
4,336,337,3,train
4,337,338,8,train
4,338,339,7,train
4,339,340,7,train
4,341,342,3,train
4,342,343,9,train
4,343,344,0,train
4,345,346,3,train
4,348,349,8,train
4,350,351,1,train
4,351,352,8,train
4,352,353,2,train
4,353,354,2,train
4,354,355,7,train
4,357,358,1,train
4,358,359,2,train
4,359,360,9,train
4,360,361,0,train
4,361,362,0,train
4,362,363,9,train
4,363,364,8,train
4,364,365,3,train
4,365,366,0,train
4,366,367,9,train
4,367,368,9,train
4,368,369,9,train
4,369,370,1,train
4,370,371,9,train
4,371,372,5,train
4,372,373,7,train
4,373,374,2,train
4,374,375,9,train
4,375,376,2,train
4,376,377,2,train
4,377,378,0,train
4,378,379,7,train
4,380,381,9,train
4,381,382,5,train
4,382,383,0,train
4,383,384,9,train
4,384,385,3,train
4,385,386,2,train
4,389,390,3,train
4,390,391,5,train
4,391,392,1,train
4,393,394,5,train
4,394,395,8,train
4,395,396,1,train
4,396,397,9,train
4,397,398,1,train
4,398,399,8,train
4,399,400,7,train
4,400,401,8,train
4,401,402,1,train
4,402,403,1,train
4,404,405,2,train
4,405,406,5,train
4,406,407,5,train
4,407,408,0,train
4,408,409,8,train
4,409,410,8,train
4,410,411,5,train
4,411,412,1,train
4,414,415,8,train
4,415,416,8,train
4,417,418,1,train
4,419,420,0,train
4,420,421,7,train
4,421,422,9,train
4,422,423,0,train
4,423,424,2,train
4,424,425,9,train
4,425,426,5,train
4,426,427,5,train
4,427,428,2,train
4,430,431,7,train
4,431,432,3,train
4,432,433,7,train
4,433,434,1,train
4,434,435,5,train
4,435,436,8,train
4,436,437,1,train
4,437,438,9,train
4,438,439,9,train
4,439,440,2,train
4,440,441,8,train
4,441,442,7,train
4,442,443,9,train
4,443,444,3,train
4,446,447,7,train
4,447,448,8,train
4,448,449,7,train
4,449,450,0,train
4,450,451,0,train
4,451,452,5,train
4,452,453,0,train
4,453,454,7,train
4,456,457,1,train
4,457,458,0,train
4,458,459,3,train
4,459,460,3,train
4,460,461,3,train
4,462,463,7,train
4,463,464,5,train
4,464,465,0,train
4,465,466,2,train
4,467,468,0,train
4,468,469,1,train
4,469,470,9,train
4,471,472,9,train
4,472,473,7,train
4,473,474,3,train
4,474,475,3,train
4,476,477,1,train
4,477,478,8,train
4,479,480,1,train
4,480,481,7,train
4,481,482,7,train
4,482,483,2,train
4,483,484,1,train
4,484,485,9,train
4,485,486,2,train
4,486,487,1,train
4,487,488,0,train
4,490,491,1,train
4,491,492,2,train
4,492,493,7,train
4,494,495,7,train
4,497,498,3,train
4,498,499,9,train
4,499,500,3,train
4,500,501,2,train
4,501,502,2,train
4,502,503,1,train
4,503,504,9,train
4,504,505,8,train
4,505,506,9,train
4,506,507,2,train
4,507,508,3,train
4,508,509,1,train
4,510,511,3,train
4,511,512,1,train
4,4,5,4,validation
4,7,8,6,validation
4,10,11,6,validation
4,11,12,6,validation
4,14,15,4,validation
4,23,24,6,validation
4,24,25,4,validation
4,27,28,4,validation
4,31,32,6,validation
4,34,35,4,validation
4,38,39,4,validation
4,39,40,6,validation
4,47,48,4,validation
4,51,52,6,validation
4,52,53,6,validation
4,54,55,6,validation
4,59,60,4,validation
4,72,73,6,validation
4,74,75,6,validation
4,76,77,6,validation
4,80,81,6,validation
4,82,83,4,validation
4,83,84,4,validation
4,103,104,4,validation
4,106,107,4,validation
4,108,109,6,validation
4,112,113,4,validation
4,114,115,6,validation
4,116,117,6,validation
4,117,118,4,validation
4,118,119,6,validation
4,128,129,4,validation
4,131,132,4,validation
4,149,150,6,validation
4,153,154,6,validation
4,160,161,6,validation
4,167,168,4,validation
4,168,169,4,validation
4,176,177,4,validation
4,182,183,4,validation
4,183,184,4,validation
4,184,185,6,validation
4,188,189,4,validation
4,190,191,6,validation
4,192,193,4,validation
4,198,199,4,validation
4,204,205,6,validation
4,205,206,6,validation
4,206,207,6,validation
4,207,208,4,validation
4,214,215,4,validation
4,220,221,4,validation
4,221,222,6,validation
4,227,228,4,validation
4,243,244,4,validation
4,250,251,6,validation
4,257,258,4,validation
4,265,266,6,validation
4,270,271,4,validation
4,273,274,6,validation
4,275,276,4,validation
4,277,278,4,validation
4,283,284,6,validation
4,286,287,6,validation
4,322,323,6,validation
4,325,326,4,validation
4,327,328,6,validation
4,331,332,6,validation
4,333,334,4,validation
4,334,335,6,validation
4,340,341,6,validation
4,344,345,4,validation
4,346,347,4,validation
4,347,348,6,validation
4,349,350,4,validation
4,355,356,4,validation
4,356,357,6,validation
4,379,380,6,validation
4,386,387,6,validation
4,387,388,4,validation
4,388,389,4,validation
4,392,393,4,validation
4,403,404,4,validation
4,412,413,4,validation
4,413,414,4,validation
4,416,417,4,validation
4,418,419,4,validation
4,428,429,6,validation
4,429,430,4,validation
4,444,445,6,validation
4,445,446,6,validation
4,454,455,6,validation
4,455,456,6,validation
4,461,462,6,validation
4,466,467,6,validation
4,470,471,6,validation
4,475,476,4,validation
4,478,479,4,validation
4,488,489,6,validation
4,489,490,6,validation
4,493,494,6,validation
4,495,496,4,validation
4,496,497,4,validation
4,509,510,6,validation
