workpoint,N_billions,D_billions,Q_B,recipe,lambda_p,form,epsilon_N,epsilon_D,q_semielasticity
0,0.7,10.0,0.275,p0,0.0,A,-0.07820172587358913,-0.07168654013506134,-0.22880710009121802
0,0.7,10.0,0.275,p0,0.0,B,-0.07820172587358913,-0.07168654013506134,-0.22880710009121802
0,0.7,10.0,0.275,p0,0.5,A,-0.07820172587358913,-0.07168654013506134,-0.22880710009121802
0,0.7,10.0,0.275,p0,0.5,B,-0.07820172587358913,-0.07168654013506134,-0.22880710009121802
0,0.7,10.0,0.275,p0,1.0,A,-0.07820172587358913,-0.07168654013506134,-0.22880710009121802
0,0.7,10.0,0.275,p0,1.0,B,-0.07820172587358913,-0.07168654013506134,-0.22880710009121802
0,0.7,10.0,0.275,p0,1.5,A,-0.07820172587358913,-0.07168654013506134,-0.22880710009121802
0,0.7,10.0,0.275,p0,1.5,B,-0.07820172587358913,-0.07168654013506134,-0.22880710009121802
0,0.7,10.0,0.275,A4:170,0.0,A,-0.07820172587358913,-0.07168654013506134,-0.22880710009121802
0,0.7,10.0,0.275,A4:170,0.0,B,-0.07820172587358913,-0.07168654013506134,-0.22880710009121802
0,0.7,10.0,0.275,A4:170,0.5,A,-0.07782267185882864,-0.0718218290455508,-0.22923891146369152
0,0.7,10.0,0.275,A4:170,0.5,B,-0.07820172587358912,-0.07168654013506132,-0.22880710009121802
0,0.7,10.0,0.275,A4:170,1.0,A,-0.07744474673144283,-0.07195671504263734,-0.22966943682839924
0,0.7,10.0,0.275,A4:170,1.0,B,-0.07820172587358912,-0.07168654013506133,-0.228807100091218
0,0.7,10.0,0.275,A4:170,1.5,A,-0.0770679540126806,-0.07209119686954511,-0.23009867217399918
0,0.7,10.0,0.275,A4:170,1.5,B,-0.07820172587358913,-0.07168654013506133,-0.22880710009121802
0,0.7,10.0,0.275,A4:261,0.0,A,-0.07820172587358913,-0.07168654013506134,-0.22880710009121802
0,0.7,10.0,0.275,A4:261,0.0,B,-0.07820172587358913,-0.07168654013506134,-0.22880710009121802
0,0.7,10.0,0.275,A4:261,0.5,A,-0.07562457634127812,-0.07260635561997353,-0.23174294151033573
0,0.7,10.0,0.275,A4:261,0.5,B,-0.07820172587358913,-0.07168654013506134,-0.22880710009121805
0,0.7,10.0,0.275,A4:261,1.0,A,-0.07310144620643888,-0.07350689093597927,-0.23461724502389347
0,0.7,10.0,0.275,A4:261,1.0,B,-0.07820172587358913,-0.07168654013506133,-0.22880710009121805
0,0.7,10.0,0.275,A4:261,1.5,A,-0.07063326863510476,-0.07438781302496271,-0.23742894758628305
0,0.7,10.0,0.275,A4:261,1.5,B,-0.07820172587358912,-0.07168654013506133,-0.22880710009121802
0,0.7,10.0,0.5,p0,0.0,A,-0.08229019792846054,-0.070227315569877,-0.22414958780909863
0,0.7,10.0,0.5,p0,0.0,B,-0.08229019792846054,-0.070227315569877,-0.22414958780909863
0,0.7,10.0,0.5,p0,0.5,A,-0.08229019792846054,-0.070227315569877,-0.22414958780909863
0,0.7,10.0,0.5,p0,0.5,B,-0.08229019792846054,-0.070227315569877,-0.22414958780909863
0,0.7,10.0,0.5,p0,1.0,A,-0.08229019792846054,-0.070227315569877,-0.22414958780909863
0,0.7,10.0,0.5,p0,1.0,B,-0.08229019792846054,-0.070227315569877,-0.22414958780909863
0,0.7,10.0,0.5,p0,1.5,A,-0.08229019792846054,-0.070227315569877,-0.22414958780909863
0,0.7,10.0,0.5,p0,1.5,B,-0.08229019792846054,-0.070227315569877,-0.22414958780909863
0,0.7,10.0,0.5,A4:170,0.0,A,-0.08229019792846054,-0.070227315569877,-0.22414958780909863
0,0.7,10.0,0.5,A4:170,0.0,B,-0.08229019792846054,-0.070227315569877,-0.22414958780909863
0,0.7,10.0,0.5,A4:170,0.5,A,-0.08189940727333371,-0.07036679342765667,-0.22459476934673978
0,0.7,10.0,0.5,A4:170,0.5,B,-0.08229019792846054,-0.070227315569877,-0.22414958780909863
0,0.7,10.0,0.5,A4:170,1.0,A,-0.0815097036725055,-0.07050588330275849,-0.2250387125320872
0,0.7,10.0,0.5,A4:170,1.0,B,-0.08229019792846053,-0.070227315569877,-0.2241495878090986
0,0.7,10.0,0.5,A4:170,1.5,A,-0.08112109142258114,-0.07064458366167266,-0.22548141247052708
0,0.7,10.0,0.5,A4:170,1.5,B,-0.08229019792846054,-0.070227315569877,-0.22414958780909858
0,0.7,10.0,0.5,A4:261,0.0,A,-0.08229019792846054,-0.070227315569877,-0.22414958780909863
0,0.7,10.0,0.5,A4:261,0.0,B,-0.08229019792846054,-0.070227315569877,-0.22414958780909863
0,0.7,10.0,0.5,A4:261,0.5,A,-0.07963173096811234,-0.07117615421722664,-0.22717806454888148
0,0.7,10.0,0.5,A4:261,0.5,B,-0.08229019792846054,-0.07022731556987702,-0.22414958780909863
0,0.7,10.0,0.5,A4:261,1.0,A,-0.07702552793778544,-0.07210633924299428,-0.2301470031793856
0,0.7,10.0,0.5,A4:261,1.0,B,-0.08229019792846053,-0.070227315569877,-0.2241495878090986
0,0.7,10.0,0.5,A4:261,1.5,A,-0.0744727679369391,-0.07301744981248358,-0.2330550604921606
0,0.7,10.0,0.5,A4:261,1.5,B,-0.08229019792846053,-0.070227315569877,-0.22414958780909863
0,0.7,10.0,0.8250000000000001,p0,0.0,A,-0.08840914976106903,-0.06804338849211133,-0.21717899025294937
0,0.7,10.0,0.8250000000000001,p0,0.0,B,-0.08840914976106903,-0.06804338849211133,-0.21717899025294937
0,0.7,10.0,0.8250000000000001,p0,0.5,A,-0.08840914976106903,-0.06804338849211133,-0.21717899025294937
0,0.7,10.0,0.8250000000000001,p0,0.5,B,-0.08840914976106903,-0.06804338849211133,-0.21717899025294937
0,0.7,10.0,0.8250000000000001,p0,1.0,A,-0.08840914976106903,-0.06804338849211133,-0.21717899025294937
0,0.7,10.0,0.8250000000000001,p0,1.0,B,-0.08840914976106903,-0.06804338849211133,-0.21717899025294937
0,0.7,10.0,0.8250000000000001,p0,1.5,A,-0.08840914976106903,-0.06804338849211133,-0.21717899025294937
0,0.7,10.0,0.8250000000000001,p0,1.5,B,-0.08840914976106903,-0.06804338849211133,-0.21717899025294937
0,0.7,10.0,0.8250000000000001,A4:170,0.0,A,-0.08840914976106903,-0.06804338849211133,-0.21717899025294937
0,0.7,10.0,0.8250000000000001,A4:170,0.0,B,-0.08840914976106903,-0.06804338849211133,-0.21717899025294937
0,0.7,10.0,0.8250000000000001,A4:170,0.5,A,-0.0880022969843466,-0.06818859911315481,-0.21764246946453925
0,0.7,10.0,0.8250000000000001,A4:170,0.5,B,-0.08840914976106903,-0.06804338849211132,-0.21717899025294937
0,0.7,10.0,0.8250000000000001,A4:170,1.0,A,-0.08759645623741429,-0.06833344852866464,-0.2181047957903777
0,0.7,10.0,0.8250000000000001,A4:170,1.0,B,-0.08840914976106903,-0.06804338849211132,-0.21717899025294934
0,0.7,10.0,0.8250000000000001,A4:170,1.5,A,-0.0871916329444802,-0.06847793480267607,-0.21856596305130635
0,0.7,10.0,0.8250000000000001,A4:170,1.5,B,-0.08840914976106905,-0.06804338849211132,-0.21717899025294934
0,0.7,10.0,0.8250000000000001,A4:261,0.0,A,-0.08840914976106903,-0.06804338849211133,-0.21717899025294937
0,0.7,10.0,0.8250000000000001,A4:261,0.0,B,-0.08840914976106903,-0.06804338849211133,-0.21717899025294937
0,0.7,10.0,0.8250000000000001,A4:261,0.5,A,-0.08563904130514285,-0.06903207332421041,-0.22033464693425323
0,0.7,10.0,0.8250000000000001,A4:261,0.5,B,-0.08840914976106903,-0.06804338849211132,-0.21717899025294937
0,0.7,10.0,0.8250000000000001,A4:261,1.0,A,-0.08291797789189949,-0.07000325339410914,-0.22343443240362104
0,0.7,10.0,0.8250000000000001,A4:261,1.0,B,-0.08840914976106905,-0.06804338849211132,-0.21717899025294937
0,0.7,10.0,0.8250000000000001,A4:261,1.5,A,-0.08024750123787693,-0.0709563784447397,-0.2264765903658856
0,0.7,10.0,0.8250000000000001,A4:261,1.5,B,-0.08840914976106902,-0.06804338849211132,-0.21717899025294934
1,0.41,300.0,0.275,p0,0.0,A,-0.10830427062829576,-0.060942581954329667,-0.19451483392517108
1,0.41,300.0,0.275,p0,0.0,B,-0.10830427062829576,-0.060942581954329667,-0.19451483392517108
1,0.41,300.0,0.275,p0,0.5,A,-0.10830427062829576,-0.060942581954329667,-0.19451483392517108
1,0.41,300.0,0.275,p0,0.5,B,-0.10830427062829576,-0.060942581954329667,-0.19451483392517108
1,0.41,300.0,0.275,p0,1.0,A,-0.10830427062829576,-0.060942581954329667,-0.19451483392517108
1,0.41,300.0,0.275,p0,1.0,B,-0.10830427062829576,-0.060942581954329667,-0.19451483392517108
1,0.41,300.0,0.275,p0,1.5,A,-0.10830427062829576,-0.060942581954329667,-0.19451483392517108
1,0.41,300.0,0.275,p0,1.5,B,-0.10830427062829576,-0.060942581954329667,-0.19451483392517108
1,0.41,300.0,0.275,A4:170,0.0,A,-0.10830427062829576,-0.060942581954329667,-0.19451483392517108
1,0.41,300.0,0.275,A4:170,0.0,B,-0.10830427062829576,-0.060942581954329667,-0.19451483392517108
1,0.41,300.0,0.275,A4:170,0.5,A,-0.10785765986344305,-0.0611019826767517,-0.19502360470670294
1,0.41,300.0,0.275,A4:170,0.5,B,-0.10830427062829576,-0.060942581954329667,-0.19451483392517105
1,0.41,300.0,0.275,A4:170,1.0,A,-0.10741173224946954,-0.061261139574456044,-0.19553159725529903
1,0.41,300.0,0.275,A4:170,1.0,B,-0.10830427062829574,-0.060942581954329667,-0.19451483392517108
1,0.41,300.0,0.275,A4:170,1.5,A,-0.10696649633852492,-0.061420049595078165,-0.19603880182850733
1,0.41,300.0,0.275,A4:170,1.5,B,-0.10830427062829577,-0.060942581954329667,-0.19451483392517108
1,0.41,300.0,0.275,A4:261,0.0,A,-0.10830427062829576,-0.060942581954329667,-0.19451483392517108
1,0.41,300.0,0.275,A4:261,0.0,B,-0.10830427062829576,-0.060942581954329667,-0.19451483392517108
1,0.41,300.0,0.275,A4:261,0.5,A,-0.10525495456652968,-0.06203091931963914,-0.19798855878353655
1,0.41,300.0,0.275,A4:261,0.5,B,-0.10830427062829574,-0.060942581954329667,-0.19451483392517105
1,0.41,300.0,0.275,A4:261,1.0,A,-0.10224008543935668,-0.06310696216208558,-0.20142304232661476
1,0.41,300.0,0.275,A4:261,1.0,B,-0.10830427062829576,-0.060942581954329667,-0.19451483392517108
1,0.41,300.0,0.275,A4:261,1.5,A,-0.09926225173819996,-0.0641697866181276,-0.20481533579251268
1,0.41,300.0,0.275,A4:261,1.5,B,-0.10830427062829574,-0.060942581954329667,-0.19451483392517108
1,0.41,300.0,0.5,p0,0.0,A,-0.11308048509191157,-0.059237893899633874,-0.1890738581210631
1,0.41,300.0,0.5,p0,0.0,B,-0.11308048509191157,-0.059237893899633874,-0.1890738581210631
1,0.41,300.0,0.5,p0,0.5,A,-0.11308048509191157,-0.059237893899633874,-0.1890738581210631
1,0.41,300.0,0.5,p0,0.5,B,-0.11308048509191157,-0.059237893899633874,-0.1890738581210631
1,0.41,300.0,0.5,p0,1.0,A,-0.11308048509191157,-0.059237893899633874,-0.1890738581210631
1,0.41,300.0,0.5,p0,1.0,B,-0.11308048509191157,-0.059237893899633874,-0.1890738581210631
1,0.41,300.0,0.5,p0,1.5,A,-0.11308048509191157,-0.059237893899633874,-0.1890738581210631
1,0.41,300.0,0.5,p0,1.5,B,-0.11308048509191157,-0.059237893899633874,-0.1890738581210631
1,0.41,300.0,0.5,A4:170,0.0,A,-0.11308048509191157,-0.059237893899633874,-0.1890738581210631
1,0.41,300.0,0.5,A4:170,0.0,B,-0.11308048509191157,-0.059237893899633874,-0.1890738581210631
1,0.41,300.0,0.5,A4:170,0.5,A,-0.11262717005543123,-0.0593996874567676,-0.1895902662857125
1,0.41,300.0,0.5,A4:170,0.5,B,-0.11308048509191157,-0.05923789389963387,-0.1890738581210631
1,0.41,300.0,0.5,A4:170,1.0,A,-0.1121744440632893,-0.05956127077693336,-0.19010600342186912
1,0.41,300.0,0.5,A4:170,1.0,B,-0.11308048509191156,-0.05923789389963387,-0.18907385812106306
1,0.41,300.0,0.5,A4:170,1.5,A,-0.11172231624432649,-0.05972264060193866,-0.1906210591301252
1,0.41,300.0,0.5,A4:170,1.5,B,-0.11308048509191157,-0.05923789389963387,-0.18907385812106306
1,0.41,300.0,0.5,A4:261,0.0,A,-0.11308048509191157,-0.059237893899633874,-0.1890738581210631
1,0.41,300.0,0.5,A4:261,0.0,B,-0.11308048509191157,-0.059237893899633874,-0.1890738581210631
1,0.41,300.0,0.5,A4:261,0.5,A,-0.10998331221508396,-0.060343311934497164,-0.19260210058427968
1,0.41,300.0,0.5,A4:261,0.5,B,-0.11308048509191157,-0.05923789389963387,-0.1890738581210631
1,0.41,300.0,0.5,A4:261,1.0,A,-0.10691632333347922,-0.061437956940533674,-0.19609595799445265
1,0.41,300.0,0.5,A4:261,1.0,B,-0.11308048509191157,-0.059237893899633874,-0.18907385812106306
1,0.41,300.0,0.5,A4:261,1.5,A,-0.10388231053133105,-0.06252083238949345,-0.19955224966049834
1,0.41,300.0,0.5,A4:261,1.5,B,-0.11308048509191157,-0.05923789389963387,-0.18907385812106303
1,0.41,300.0,0.8250000000000001,p0,0.0,A,-0.1200915812826727,-0.056735549832431814,-0.18108694609590126
1,0.41,300.0,0.8250000000000001,p0,0.0,B,-0.1200915812826727,-0.056735549832431814,-0.18108694609590126
1,0.41,300.0,0.8250000000000001,p0,0.5,A,-0.1200915812826727,-0.056735549832431814,-0.18108694609590126
1,0.41,300.0,0.8250000000000001,p0,0.5,B,-0.1200915812826727,-0.056735549832431814,-0.18108694609590126
1,0.41,300.0,0.8250000000000001,p0,1.0,A,-0.1200915812826727,-0.056735549832431814,-0.18108694609590126
1,0.41,300.0,0.8250000000000001,p0,1.0,B,-0.1200915812826727,-0.056735549832431814,-0.18108694609590126
1,0.41,300.0,0.8250000000000001,p0,1.5,A,-0.1200915812826727,-0.056735549832431814,-0.18108694609590126
1,0.41,300.0,0.8250000000000001,p0,1.5,B,-0.1200915812826727,-0.056735549832431814,-0.18108694609590126
1,0.41,300.0,0.8250000000000001,A4:170,0.0,A,-0.1200915812826727,-0.056735549832431814,-0.18108694609590126
1,0.41,300.0,0.8250000000000001,A4:170,0.0,B,-0.1200915812826727,-0.056735549832431814,-0.18108694609590126
1,0.41,300.0,0.8250000000000001,A4:170,0.5,A,-0.11963041851858867,-0.05690014433738823,-0.18161229424771708
1,0.41,300.0,0.8250000000000001,A4:170,0.5,B,-0.12009158128267268,-0.056735549832431814,-0.18108694609590123
1,0.41,300.0,0.8250000000000001,A4:170,1.0,A,-0.11916969906109458,-0.057064580620921776,-0.18213713739280687
1,0.41,300.0,0.8250000000000001,A4:170,1.0,B,-0.12009158128267268,-0.05673554983243181,-0.18108694609590126
1,0.41,300.0,0.8250000000000001,A4:170,1.5,A,-0.11870943273424395,-0.057228855176710246,-0.18266146433978903
1,0.41,300.0,0.8250000000000001,A4:170,1.5,B,-0.1200915812826727,-0.056735549832431814,-0.18108694609590126
1,0.41,300.0,0.8250000000000001,A4:261,0.0,A,-0.1200915812826727,-0.056735549832431814,-0.18108694609590126
1,0.41,300.0,0.8250000000000001,A4:261,0.0,B,-0.1200915812826727,-0.056735549832431814,-0.18108694609590126
1,0.41,300.0,0.8250000000000001,A4:261,0.5,A,-0.11693767512914091,-0.05786121665215142,-0.18467981806606035
1,0.41,300.0,0.8250000000000001,A4:261,0.5,B,-0.1200915812826727,-0.05673554983243182,-0.18108694609590126
1,0.41,300.0,0.8250000000000001,A4:261,1.0,A,-0.11380729761323764,-0.058978485819752575,-0.188245886644325
1,0.41,300.0,0.8250000000000001,A4:261,1.0,B,-0.1200915812826727,-0.056735549832431814,-0.18108694609590126
1,0.41,300.0,0.8250000000000001,A4:261,1.5,A,-0.11070349569933818,-0.06008626983721496,-0.19178168078483473
1,0.41,300.0,0.8250000000000001,A4:261,1.5,B,-0.12009158128267271,-0.056735549832431814,-0.18108694609590126
2,6.9,300.0,0.275,p0,0.0,A,-0.06248141087682369,-0.07729730853651912,-0.24671539423963523
2,6.9,300.0,0.275,p0,0.0,B,-0.06248141087682369,-0.07729730853651912,-0.24671539423963523
2,6.9,300.0,0.275,p0,0.5,A,-0.06248141087682369,-0.07729730853651912,-0.24671539423963523
2,6.9,300.0,0.275,p0,0.5,B,-0.06248141087682369,-0.07729730853651912,-0.24671539423963523
2,6.9,300.0,0.275,p0,1.0,A,-0.06248141087682369,-0.07729730853651912,-0.24671539423963523
2,6.9,300.0,0.275,p0,1.0,B,-0.06248141087682369,-0.07729730853651912,-0.24671539423963523
2,6.9,300.0,0.275,p0,1.5,A,-0.06248141087682369,-0.07729730853651912,-0.24671539423963523
2,6.9,300.0,0.275,p0,1.5,B,-0.06248141087682369,-0.07729730853651912,-0.24671539423963523
2,6.9,300.0,0.275,A4:170,0.0,A,-0.06248141087682369,-0.07729730853651912,-0.24671539423963523
2,6.9,300.0,0.275,A4:170,0.0,B,-0.06248141087682369,-0.07729730853651912,-0.24671539423963523
2,6.9,300.0,0.275,A4:170,0.5,A,-0.06215497520332537,-0.07741381733181678,-0.24708726376405296
2,6.9,300.0,0.275,A4:170,0.5,B,-0.06248141087682369,-0.07729730853651912,-0.2467153942396352
2,6.9,300.0,0.275,A4:170,1.0,A,-0.06182975810229707,-0.07752989120402855,-0.2474577451130914
2,6.9,300.0,0.275,A4:170,1.0,B,-0.062481410876823684,-0.07729730853651912,-0.24671539423963523
2,6.9,300.0,0.275,A4:170,1.5,A,-0.06150576011818516,-0.077645529958835,-0.24782683766652716
2,6.9,300.0,0.275,A4:170,1.5,B,-0.06248141087682369,-0.07729730853651912,-0.24671539423963526
2,6.9,300.0,0.275,A4:261,0.0,A,-0.06248141087682369,-0.07729730853651912,-0.24671539423963523
2,6.9,300.0,0.275,A4:261,0.0,B,-0.06248141087682369,-0.07729730853651912,-0.24671539423963523
2,6.9,300.0,0.275,A4:261,0.5,A,-0.06026687811040068,-0.07808770176161643,-0.24923814929833293
2,6.9,300.0,0.275,A4:261,0.5,B,-0.062481410876823684,-0.07729730853651912,-0.2467153942396352
2,6.9,300.0,0.275,A4:261,1.0,A,-0.05810977512891558,-0.07885759760974016,-0.2516954814006993
2,6.9,300.0,0.275,A4:261,1.0,B,-0.062481410876823684,-0.07729730853651912,-0.24671539423963523
2,6.9,300.0,0.275,A4:261,1.5,A,-0.05601011477451677,-0.07960699149737399,-0.2540873759171947
2,6.9,300.0,0.275,A4:261,1.5,B,-0.062481410876823684,-0.07729730853651912,-0.24671539423963526
2,6.9,300.0,0.5,p0,0.0,A,-0.06601815001963879,-0.07603500404511492,-0.24268640595862523
2,6.9,300.0,0.5,p0,0.0,B,-0.06601815001963879,-0.07603500404511492,-0.24268640595862523
2,6.9,300.0,0.5,p0,0.5,A,-0.06601815001963879,-0.07603500404511492,-0.24268640595862523
2,6.9,300.0,0.5,p0,0.5,B,-0.06601815001963879,-0.07603500404511492,-0.24268640595862523
2,6.9,300.0,0.5,p0,1.0,A,-0.06601815001963879,-0.07603500404511492,-0.24268640595862523
2,6.9,300.0,0.5,p0,1.0,B,-0.06601815001963879,-0.07603500404511492,-0.24268640595862523
2,6.9,300.0,0.5,p0,1.5,A,-0.06601815001963879,-0.07603500404511492,-0.24268640595862523
2,6.9,300.0,0.5,p0,1.5,B,-0.06601815001963879,-0.07603500404511492,-0.24268640595862523
2,6.9,300.0,0.5,A4:170,0.0,A,-0.06601815001963879,-0.07603500404511492,-0.24268640595862523
2,6.9,300.0,0.5,A4:170,0.0,B,-0.06601815001963879,-0.07603500404511492,-0.24268640595862523
2,6.9,300.0,0.5,A4:170,0.5,A,-0.0656788402282715,-0.0761561077670251,-0.24307294144169245
2,6.9,300.0,0.5,A4:170,0.5,B,-0.06601815001963879,-0.07603500404511492,-0.24268640595862523
2,6.9,300.0,0.5,A4:170,1.0,A,-0.06534073948273057,-0.07627677996602243,-0.2434580996019578
2,6.9,300.0,0.5,A4:170,1.0,B,-0.06601815001963879,-0.07603500404511492,-0.24268640595862523
2,6.9,300.0,0.5,A4:170,1.5,A,-0.06500384898069352,-0.07639702021464147,-0.24384187907504906
2,6.9,300.0,0.5,A4:170,1.5,B,-0.06601815001963879,-0.07603500404511492,-0.24268640595862523
2,6.9,300.0,0.5,A4:261,0.0,A,-0.06601815001963879,-0.07603500404511492,-0.24268640595862523
2,6.9,300.0,0.5,A4:261,0.0,B,-0.06601815001963879,-0.07603500404511492,-0.24268640595862523
2,6.9,300.0,0.5,A4:261,0.5,A,-0.06371514291286391,-0.07685697482023512,-0.2453099493610638
2,6.9,300.0,0.5,A4:261,0.5,B,-0.06601815001963879,-0.0760350040451149,-0.2426864059586252
2,6.9,300.0,0.5,A4:261,1.0,A,-0.061469293909097104,-0.07765854518491122,-0.24786837930223615
2,6.9,300.0,0.5,A4:261,1.0,B,-0.06601815001963879,-0.07603500404511492,-0.2426864059586252
2,6.9,300.0,0.5,A4:261,1.5,A,-0.05928081454411088,-0.07843963963949649,-0.250361454804475
2,6.9,300.0,0.5,A4:261,1.5,B,-0.06601815001963879,-0.07603500404511492,-0.24268640595862523
2,6.9,300.0,0.8250000000000001,p0,0.0,A,-0.07136599289054657,-0.07412629497648462,-0.23659424157060638
2,6.9,300.0,0.8250000000000001,p0,0.0,B,-0.07136599289054657,-0.07412629497648462,-0.23659424157060638
2,6.9,300.0,0.8250000000000001,p0,0.5,A,-0.07136599289054657,-0.07412629497648462,-0.23659424157060638
2,6.9,300.0,0.8250000000000001,p0,0.5,B,-0.07136599289054657,-0.07412629497648462,-0.23659424157060638
2,6.9,300.0,0.8250000000000001,p0,1.0,A,-0.07136599289054657,-0.07412629497648462,-0.23659424157060638
2,6.9,300.0,0.8250000000000001,p0,1.0,B,-0.07136599289054657,-0.07412629497648462,-0.23659424157060638
2,6.9,300.0,0.8250000000000001,p0,1.5,A,-0.07136599289054657,-0.07412629497648462,-0.23659424157060638
2,6.9,300.0,0.8250000000000001,p0,1.5,B,-0.07136599289054657,-0.07412629497648462,-0.23659424157060638
2,6.9,300.0,0.8250000000000001,A4:170,0.0,A,-0.07136599289054657,-0.07412629497648462,-0.23659424157060638
2,6.9,300.0,0.8250000000000001,A4:170,0.0,B,-0.07136599289054657,-0.07412629497648462,-0.23659424157060638
2,6.9,300.0,0.8250000000000001,A4:170,0.5,A,-0.07100835863459692,-0.07425393891892308,-0.23700165194720602
2,6.9,300.0,0.8250000000000001,A4:170,0.5,B,-0.07136599289054657,-0.07412629497648464,-0.23659424157060635
2,6.9,300.0,0.8250000000000001,A4:170,1.0,A,-0.07065190690374232,-0.07438116080401479,-0.23740771521293386
2,6.9,300.0,0.8250000000000001,A4:170,1.0,B,-0.07136599289054658,-0.07412629497648464,-0.23659424157060643
2,6.9,300.0,0.8250000000000001,A4:170,1.5,A,-0.07029663990921522,-0.07450795984254446,-0.2378124288487945
2,6.9,300.0,0.8250000000000001,A4:170,1.5,B,-0.07136599289054657,-0.07412629497648464,-0.2365942415706064
2,6.9,300.0,0.8250000000000001,A4:261,0.0,A,-0.07136599289054657,-0.07412629497648462,-0.23659424157060638
2,6.9,300.0,0.8250000000000001,A4:261,0.0,B,-0.07136599289054657,-0.07412629497648462,-0.23659424157060638
2,6.9,300.0,0.8250000000000001,A4:261,0.5,A,-0.0689367975407288,-0.07499330384447044,-0.23936153630213403
2,6.9,300.0,0.8250000000000001,A4:261,0.5,B,-0.07136599289054657,-0.07412629497648464,-0.23659424157060638
2,6.9,300.0,0.8250000000000001,A4:261,1.0,A,-0.0665637876065754,-0.0758402594657562,-0.24206482563995455
2,6.9,300.0,0.8250000000000001,A4:261,1.0,B,-0.07136599289054657,-0.07412629497648464,-0.2365942415706064
2,6.9,300.0,0.8250000000000001,A4:261,1.5,A,-0.06424748660044188,-0.07666697499252222,-0.24470351320840644
2,6.9,300.0,0.8250000000000001,A4:261,1.5,B,-0.07136599289054658,-0.07412629497648464,-0.23659424157060638
