workpoint,Q_B,recipe,lambda_p,form_A,form_B,B_minus_A
0,0.275,p0,0.0,3.038315213311644,3.038315213311644,0.0
0,0.275,p0,0.5,3.038315213311644,3.038315213311644,0.0
0,0.275,p0,1.0,3.038315213311644,3.038315213311644,0.0
0,0.275,p0,1.5,3.038315213311644,3.038315213311644,0.0
0,0.275,A4:170,0.0,3.038315213311644,3.038315213311644,0.0
0,0.275,A4:170,0.5,3.04868633254132,3.052724324439178,0.004037991897858362
0,0.275,A4:170,1.0,3.0591276348075267,3.067230944345683,0.00810330953815619
0,0.275,A4:170,1.5,3.0696395950501927,3.081835732888792,0.012196137838599519
0,0.275,A4:261,0.0,3.038315213311644,3.038315213311644,0.0
0,0.275,A4:261,0.5,3.110876892903746,3.1391287592451826,0.028251866341436838
0,0.275,A4:261,1.0,3.186874116803307,3.2447154775445437,0.05784136074123669
0,0.275,A4:261,1.5,3.266469546138829,3.35530136139569,0.08883181525686101
0,0.5,p0,0.0,2.932525463466712,2.932525463466712,0.0
0,0.5,p0,0.5,2.932525463466712,2.932525463466712,0.0
0,0.5,p0,1.0,2.932525463466712,2.932525463466712,0.0
0,0.5,p0,1.5,2.932525463466712,2.932525463466712,0.0
0,0.5,A4:170,0.0,2.932525463466712,2.932525463466712,0.0
0,0.5,A4:170,0.5,2.942180686396908,2.946218678294766,0.004037991897857918
0,0.5,A4:170,1.0,2.951901247777913,2.9600045573160694,0.00810330953815619
0,0.5,A4:170,1.5,2.9616875897655626,2.9738837276041625,0.012196137838599963
0,0.5,A4:261,0.0,2.932525463466712,2.932525463466712,0.0
0,0.5,A4:261,0.5,3.0000783646662765,3.028330231007713,0.028251866341436394
0,0.5,A4:261,1.0,3.0708296618576796,3.1286710225989154,0.0578413607412358
0,0.5,A4:261,1.5,3.144930788017728,3.233762603274589,0.08883181525686101
0,0.8250000000000001,p0,0.0,2.7924768817855767,2.7924768817855767,0.0
0,0.8250000000000001,p0,0.5,2.7924768817855767,2.7924768817855767,0.0
0,0.8250000000000001,p0,1.0,2.7924768817855767,2.7924768817855767,0.0
0,0.8250000000000001,p0,1.5,2.7924768817855767,2.7924768817855767,0.0
0,0.8250000000000001,A4:170,0.0,2.7924768817855767,2.7924768817855767,0.0
0,0.8250000000000001,A4:170,0.5,2.8011843733758277,2.8052223652736856,0.004037991897857918
0,0.8250000000000001,A4:170,1.0,2.8099507899660563,2.818054099504212,0.008103309538155745
0,0.8250000000000001,A4:170,1.5,2.8187765303112404,2.8309726681498404,0.012196137838599963
0,0.8250000000000001,A4:261,0.0,2.7924768817855767,2.7924768817855767,0.0
0,0.8250000000000001,A4:261,0.5,2.8533989675152265,2.881650833856663,0.028251866341436394
0,0.8250000000000001,A4:261,1.0,2.9172055030812585,2.9750468638224943,0.0578413607412358
0,0.8250000000000001,A4:261,1.5,2.984033057196954,3.072864872453815,0.08883181525686101
1,0.275,p0,0.0,2.694010120276558,2.694010120276558,0.0
1,0.275,p0,0.5,2.694010120276558,2.694010120276558,0.0
1,0.275,p0,1.0,2.694010120276558,2.694010120276558,0.0
1,0.275,p0,1.5,2.694010120276558,2.694010120276558,0.0
1,0.275,A4:170,0.0,2.694010120276558,2.694010120276558,0.0
1,0.275,A4:170,0.5,2.7014011983528086,2.706089263308343,0.004688064955534532
1,0.275,A4:170,1.0,2.70884229304647,2.718250147849207,0.009407854802736981
1,0.275,A4:170,1.5,2.716333742828059,2.7304933270571246,0.01415958422906538
1,0.275,A4:261,0.0,2.694010120276558,2.694010120276558,0.0
1,0.275,A4:261,0.5,2.745721900589963,2.778522012099345,0.03280011150938167
1,0.275,A4:261,1.0,2.799882054665979,2.8670352494049887,0.0671531947390096
1,0.275,A4:261,1.5,2.856606504525567,2.9597392820487425,0.10313277752317562
1,0.5,p0,0.0,2.61861803544413,2.61861803544413,0.0
1,0.5,p0,0.5,2.61861803544413,2.61861803544413,0.0
1,0.5,p0,1.0,2.61861803544413,2.61861803544413,0.0
1,0.5,p0,1.5,2.61861803544413,2.61861803544413,0.0
1,0.5,A4:170,0.0,2.61861803544413,2.61861803544413,0.0
1,0.5,A4:170,0.5,2.625498923122722,2.6301869880782567,0.004688064955534532
1,0.5,A4:170,1.0,2.632426374878018,2.6418342296807547,0.009407854802736537
1,0.5,A4:170,1.5,2.639400705816634,2.6535602900456996,0.01415958422906538
1,0.5,A4:261,0.0,2.61861803544413,2.61861803544413,0.0
1,0.5,A4:261,0.5,2.666760261561306,2.699560373070687,0.032800111509381225
1,0.5,A4:261,1.0,2.7171818554083216,2.7843350501473307,0.06715319473900916
1,0.5,A4:261,1.5,2.7699907371556156,2.8731235146787912,0.10313277752317562
1,0.8250000000000001,p0,0.0,2.518811063915771,2.518811063915771,0.0
1,0.8250000000000001,p0,0.5,2.518811063915771,2.518811063915771,0.0
1,0.8250000000000001,p0,1.0,2.518811063915771,2.518811063915771,0.0
1,0.8250000000000001,p0,1.5,2.518811063915771,2.518811063915771,0.0
1,0.8250000000000001,A4:170,0.0,2.518811063915771,2.518811063915771,0.0
1,0.8250000000000001,A4:170,0.5,2.5250165417206825,2.5297046066762165,0.004688064955534088
1,0.8250000000000001,A4:170,1.0,2.531264012994749,2.5406718677974856,0.009407854802736537
1,0.8250000000000001,A4:170,1.5,2.537553761914549,2.5517133461436146,0.01415958422906538
1,0.8250000000000001,A4:261,0.0,2.518811063915771,2.518811063915771,0.0
1,0.8250000000000001,A4:261,0.5,2.562227775480273,2.595027886989654,0.032800111509381225
1,0.8250000000000001,A4:261,1.0,2.6077001180211035,2.674853312760113,0.0671531947390096
1,0.8250000000000001,A4:261,1.5,2.6553254185480393,2.7584581960712145,0.10313277752317518
2,0.275,p0,0.0,2.316343577809686,2.316343577809686,0.0
2,0.275,p0,0.5,2.316343577809686,2.316343577809686,0.0
2,0.275,p0,1.0,2.316343577809686,2.316343577809686,0.0
2,0.275,p0,1.5,2.316343577809686,2.316343577809686,0.0
2,0.275,A4:170,0.0,2.316343577809686,2.316343577809686,0.0
2,0.275,A4:170,0.5,2.3237346558859366,2.325866990436723,0.002132334550786208
2,0.275,A4:170,1.0,2.3311757505795985,2.3354548495329888,0.004279098953390292
2,0.275,A4:170,1.5,2.3386672003611872,2.345107591218135,0.0064403908569476975
2,0.275,A4:261,0.0,2.316343577809686,2.316343577809686,0.0
2,0.275,A4:261,0.5,2.368055358123091,2.3829742663943003,0.01491890827120912
2,0.275,A4:261,1.0,2.4222155121991076,2.4527596873962967,0.030544175197189105
2,0.275,A4:261,1.5,2.4789399620586954,2.525849206473403,0.04690924441470745
2,0.5,p0,0.0,2.2409514929772585,2.2409514929772585,0.0
2,0.5,p0,0.5,2.2409514929772585,2.2409514929772585,0.0
2,0.5,p0,1.0,2.2409514929772585,2.2409514929772585,0.0
2,0.5,p0,1.5,2.2409514929772585,2.2409514929772585,0.0
2,0.5,A4:170,0.0,2.2409514929772585,2.2409514929772585,0.0
2,0.5,A4:170,0.5,2.2478323806558507,2.2499647152066364,0.002132334550785764
2,0.5,A4:170,1.0,2.254759832411146,2.2590389313645365,0.004279098953390292
2,0.5,A4:170,1.5,2.2617341633497627,2.26817455420671,0.0064403908569472534
2,0.5,A4:261,0.0,2.2409514929772585,2.2409514929772585,0.0
2,0.5,A4:261,0.5,2.289093719094434,2.304012627365643,0.01491890827120912
2,0.5,A4:261,1.0,2.33951531294145,2.370059488138639,0.030544175197189105
2,0.5,A4:261,1.5,2.3923241946887437,2.439233439103451,0.04690924441470745
2,0.8250000000000001,p0,0.0,2.141144521448899,2.141144521448899,0.0
2,0.8250000000000001,p0,0.5,2.141144521448899,2.141144521448899,0.0
2,0.8250000000000001,p0,1.0,2.141144521448899,2.141144521448899,0.0
2,0.8250000000000001,p0,1.5,2.141144521448899,2.141144521448899,0.0
2,0.8250000000000001,A4:170,0.0,2.141144521448899,2.141144521448899,0.0
2,0.8250000000000001,A4:170,0.5,2.1473499992538105,2.1494823338045963,0.002132334550785764
2,0.8250000000000001,A4:170,1.0,2.1535974705278775,2.1578765694812674,0.004279098953389848
2,0.8250000000000001,A4:170,1.5,2.1598872194476777,2.1663276103046254,0.0064403908569476975
2,0.8250000000000001,A4:261,0.0,2.141144521448899,2.141144521448899,0.0
2,0.8250000000000001,A4:261,0.5,2.184561233013401,2.19948014128461,0.01491890827120912
2,0.8250000000000001,A4:261,1.0,2.230033575554232,2.2605777507514215,0.03054417519718955
2,0.8250000000000001,A4:261,1.5,2.2776588760811673,2.324568120495875,0.04690924441470745
