workpoint,N_billions,D_billions,Q_B,recipe,h_agg,nearest_distance,support_status,lambda_p,lambda_role,form,M_N,M_D,M_Q
0,0.7,10.0,0.275,p0,0.0,0.25199741134123815,within_support,0.0,scenario_assumption,A,0.23787508761664436,0.015263997408687141,0.48719201349395447
0,0.7,10.0,0.275,p0,0.0,0.25199741134123815,within_support,0.0,scenario_assumption,B,0.23787508761664436,0.015263997408687141,0.48719201349395447
0,0.7,10.0,0.275,p0,0.0,0.25199741134123815,within_support,0.5,scenario_assumption,A,0.23787508761664436,0.015263997408687141,0.48719201349395447
0,0.7,10.0,0.275,p0,0.0,0.25199741134123815,within_support,0.5,scenario_assumption,B,0.23787508761664436,0.015263997408687141,0.48719201349395447
0,0.7,10.0,0.275,p0,0.0,0.25199741134123815,within_support,1.0,scenario_assumption,A,0.23787508761664436,0.015263997408687141,0.48719201349395447
0,0.7,10.0,0.275,p0,0.0,0.25199741134123815,within_support,1.0,scenario_assumption,B,0.23787508761664436,0.015263997408687141,0.48719201349395447
0,0.7,10.0,0.275,p0,0.0,0.25199741134123815,within_support,1.5,scenario_assumption,A,0.23787508761664436,0.015263997408687141,0.48719201349395447
0,0.7,10.0,0.275,p0,0.0,0.25199741134123815,within_support,1.5,scenario_assumption,B,0.23787508761664436,0.015263997408687141,0.48719201349395447
0,0.7,10.0,0.275,A4:170,0.01348873365388759,2.155428822511452e-16,within_support,0.0,scenario_assumption,A,0.23787508761664436,0.015263997408687141,0.48719201349395447
0,0.7,10.0,0.275,A4:170,0.01348873365388759,2.155428822511452e-16,within_support,0.0,scenario_assumption,B,0.23787508761664436,0.015263997408687141,0.48719201349395447
0,0.7,10.0,0.275,A4:170,0.01348873365388759,2.155428822511452e-16,within_support,0.5,scenario_assumption,A,0.23787508761664436,0.015367291341002592,0.49048892042593767
0,0.7,10.0,0.275,A4:170,0.01348873365388759,2.155428822511452e-16,within_support,0.5,scenario_assumption,B,0.23948482670018365,0.015367291341002592,0.49048892042593767
0,0.7,10.0,0.275,A4:170,0.01348873365388759,2.155428822511452e-16,within_support,1.0,scenario_assumption,A,0.23787508761664436,0.015471284280017766,0.4938081380588705
0,0.7,10.0,0.275,A4:170,0.01348873365388759,2.155428822511452e-16,within_support,1.0,scenario_assumption,B,0.2411054591477277,0.015471284280017766,0.4938081380588705
0,0.7,10.0,0.275,A4:170,0.01348873365388759,2.155428822511452e-16,within_support,1.5,scenario_assumption,A,0.23787508761664436,0.015575980956023736,0.49714981737286484
0,0.7,10.0,0.275,A4:170,0.01348873365388759,2.155428822511452e-16,within_support,1.5,scenario_assumption,B,0.24273705867642772,0.015575980956023736,0.49714981737286484
0,0.7,10.0,0.275,A4:261,0.09251971762376993,2.3316024210731286e-16,within_support,0.0,scenario_assumption,A,0.23787508761664436,0.015263997408687141,0.48719201349395447
0,0.7,10.0,0.275,A4:261,0.09251971762376993,2.3316024210731286e-16,within_support,0.0,scenario_assumption,B,0.23787508761664436,0.015263997408687141,0.48719201349395447
0,0.7,10.0,0.275,A4:261,0.09251971762376993,2.3316024210731286e-16,within_support,0.5,scenario_assumption,A,0.23787508761664436,0.015986694839359387,0.5102588685889202
0,0.7,10.0,0.275,A4:261,0.09251971762376993,2.3316024210731286e-16,within_support,0.5,scenario_assumption,B,0.24913764945012876,0.015986694839359387,0.5102588685889202
0,0.7,10.0,0.275,A4:261,0.09251971762376993,2.3316024210731286e-16,within_support,1.0,scenario_assumption,A,0.23787508761664436,0.01674360949126904,0.5344178594111454
0,0.7,10.0,0.275,A4:261,0.09251971762376993,2.3316024210731286e-16,within_support,1.0,scenario_assumption,B,0.2609334545934695,0.01674360949126904,0.5344178594111454
0,0.7,10.0,0.275,A4:261,0.09251971762376993,2.3316024210731286e-16,within_support,1.5,scenario_assumption,A,0.23787508761664436,0.01753636143137569,0.5597206948061505
0,0.7,10.0,0.275,A4:261,0.09251971762376993,2.3316024210731286e-16,within_support,1.5,scenario_assumption,B,0.2732877502712065,0.01753636143137569,0.5597206948061505
0,0.7,10.0,0.5,p0,0.0,0.25199741134123815,within_support,0.0,scenario_assumption,A,0.23787508761664436,0.014210356136404447,0.4535621851338167
0,0.7,10.0,0.5,p0,0.0,0.25199741134123815,within_support,0.0,scenario_assumption,B,0.23787508761664436,0.014210356136404447,0.4535621851338167
0,0.7,10.0,0.5,p0,0.0,0.25199741134123815,within_support,0.5,scenario_assumption,A,0.23787508761664436,0.014210356136404447,0.4535621851338167
0,0.7,10.0,0.5,p0,0.0,0.25199741134123815,within_support,0.5,scenario_assumption,B,0.23787508761664436,0.014210356136404447,0.4535621851338167
0,0.7,10.0,0.5,p0,0.0,0.25199741134123815,within_support,1.0,scenario_assumption,A,0.23787508761664436,0.014210356136404447,0.4535621851338167
0,0.7,10.0,0.5,p0,0.0,0.25199741134123815,within_support,1.0,scenario_assumption,B,0.23787508761664436,0.014210356136404447,0.4535621851338167
0,0.7,10.0,0.5,p0,0.0,0.25199741134123815,within_support,1.5,scenario_assumption,A,0.23787508761664436,0.014210356136404447,0.4535621851338167
0,0.7,10.0,0.5,p0,0.0,0.25199741134123815,within_support,1.5,scenario_assumption,B,0.23787508761664436,0.014210356136404447,0.4535621851338167
0,0.7,10.0,0.5,A4:170,0.01348873365388759,2.155428822511452e-16,within_support,0.0,scenario_assumption,A,0.23787508761664436,0.014210356136404447,0.4535621851338167
0,0.7,10.0,0.5,A4:170,0.01348873365388759,2.155428822511452e-16,within_support,0.0,scenario_assumption,B,0.23787508761664436,0.014210356136404447,0.4535621851338167
0,0.7,10.0,0.5,A4:170,0.01348873365388759,2.155428822511452e-16,within_support,0.5,scenario_assumption,A,0.23787508761664436,0.014306519908294036,0.45663151359330645
0,0.7,10.0,0.5,A4:170,0.01348873365388759,2.155428822511452e-16,within_support,0.5,scenario_assumption,B,0.23948482670018365,0.014306519908294036,0.45663151359330645
0,0.7,10.0,0.5,A4:170,0.01348873365388759,2.155428822511452e-16,within_support,1.0,scenario_assumption,A,0.23787508761664436,0.014403334435937753,0.4597216126935176
0,0.7,10.0,0.5,A4:170,0.01348873365388759,2.155428822511452e-16,within_support,1.0,scenario_assumption,B,0.2411054591477277,0.014403334435937753,0.4597216126935176
0,0.7,10.0,0.5,A4:170,0.01348873365388759,2.155428822511452e-16,within_support,1.5,scenario_assumption,A,0.23787508761664436,0.014500804123104751,0.46283262299272593
0,0.7,10.0,0.5,A4:170,0.01348873365388759,2.155428822511452e-16,within_support,1.5,scenario_assumption,B,0.24273705867642772,0.014500804123104751,0.46283262299272593
0,0.7,10.0,0.5,A4:261,0.09251971762376993,2.3316024210731286e-16,within_support,0.0,scenario_assumption,A,0.23787508761664436,0.014210356136404447,0.4535621851338167
0,0.7,10.0,0.5,A4:261,0.09251971762376993,2.3316024210731286e-16,within_support,0.0,scenario_assumption,B,0.23787508761664436,0.014210356136404447,0.4535621851338167
0,0.7,10.0,0.5,A4:261,0.09251971762376993,2.3316024210731286e-16,within_support,0.5,scenario_assumption,A,0.23787508761664436,0.014883167300724504,0.47503678428827845
0,0.7,10.0,0.5,A4:261,0.09251971762376993,2.3316024210731286e-16,within_support,0.5,scenario_assumption,B,0.24913764945012876,0.014883167300724504,0.47503678428827845
0,0.7,10.0,0.5,A4:261,0.09251971762376993,2.3316024210731286e-16,within_support,1.0,scenario_assumption,A,0.23787508761664436,0.01558783374428517,0.4975281313638853
0,0.7,10.0,0.5,A4:261,0.09251971762376993,2.3316024210731286e-16,within_support,1.0,scenario_assumption,B,0.2609334545934695,0.01558783374428517,0.4975281313638853
0,0.7,10.0,0.5,A4:261,0.09251971762376993,2.3316024210731286e-16,within_support,1.5,scenario_assumption,A,0.23787508761664436,0.01632586370426994,0.5210843658545441
0,0.7,10.0,0.5,A4:261,0.09251971762376993,2.3316024210731286e-16,within_support,1.5,scenario_assumption,B,0.2732877502712065,0.01632586370426994,0.5210843658545441
0,0.7,10.0,0.8250000000000001,p0,0.0,0.25199741134123815,within_support,0.0,scenario_assumption,A,0.23787508761664436,0.012815504877183252,0.40904171154425767
0,0.7,10.0,0.8250000000000001,p0,0.0,0.25199741134123815,within_support,0.0,scenario_assumption,B,0.23787508761664436,0.012815504877183252,0.40904171154425767
0,0.7,10.0,0.8250000000000001,p0,0.0,0.25199741134123815,within_support,0.5,scenario_assumption,A,0.23787508761664436,0.012815504877183252,0.40904171154425767
0,0.7,10.0,0.8250000000000001,p0,0.0,0.25199741134123815,within_support,0.5,scenario_assumption,B,0.23787508761664436,0.012815504877183252,0.40904171154425767
0,0.7,10.0,0.8250000000000001,p0,0.0,0.25199741134123815,within_support,1.0,scenario_assumption,A,0.23787508761664436,0.012815504877183252,0.40904171154425767
0,0.7,10.0,0.8250000000000001,p0,0.0,0.25199741134123815,within_support,1.0,scenario_assumption,B,0.23787508761664436,0.012815504877183252,0.40904171154425767
0,0.7,10.0,0.8250000000000001,p0,0.0,0.25199741134123815,within_support,1.5,scenario_assumption,A,0.23787508761664436,0.012815504877183252,0.40904171154425767
0,0.7,10.0,0.8250000000000001,p0,0.0,0.25199741134123815,within_support,1.5,scenario_assumption,B,0.23787508761664436,0.012815504877183252,0.40904171154425767
0,0.7,10.0,0.8250000000000001,A4:170,0.01348873365388759,2.155428822511452e-16,within_support,0.0,scenario_assumption,A,0.23787508761664436,0.012815504877183252,0.40904171154425767
0,0.7,10.0,0.8250000000000001,A4:170,0.01348873365388759,2.155428822511452e-16,within_support,0.0,scenario_assumption,B,0.23787508761664436,0.012815504877183252,0.40904171154425767
0,0.7,10.0,0.8250000000000001,A4:170,0.01348873365388759,2.155428822511452e-16,within_support,0.5,scenario_assumption,A,0.23787508761664436,0.012902229465633372,0.4118097627784909
0,0.7,10.0,0.8250000000000001,A4:170,0.01348873365388759,2.155428822511452e-16,within_support,0.5,scenario_assumption,B,0.23948482670018365,0.012902229465633372,0.4118097627784909
0,0.7,10.0,0.8250000000000001,A4:170,0.01348873365388759,2.155428822511452e-16,within_support,1.0,scenario_assumption,A,0.23787508761664436,0.012989540933360893,0.4145965458618708
0,0.7,10.0,0.8250000000000001,A4:170,0.01348873365388759,2.155428822511452e-16,within_support,1.0,scenario_assumption,B,0.2411054591477277,0.012989540933360893,0.4145965458618708
0,0.7,10.0,0.8250000000000001,A4:170,0.01348873365388759,2.155428822511452e-16,within_support,1.5,scenario_assumption,A,0.23787508761664436,0.013077443251872541,0.4174021875558417
0,0.7,10.0,0.8250000000000001,A4:170,0.01348873365388759,2.155428822511452e-16,within_support,1.5,scenario_assumption,B,0.24273705867642772,0.013077443251872541,0.4174021875558417
0,0.7,10.0,0.8250000000000001,A4:261,0.09251971762376993,2.3316024210731286e-16,within_support,0.0,scenario_assumption,A,0.23787508761664436,0.012815504877183252,0.40904171154425767
0,0.7,10.0,0.8250000000000001,A4:261,0.09251971762376993,2.3316024210731286e-16,within_support,0.0,scenario_assumption,B,0.23787508761664436,0.012815504877183252,0.40904171154425767
0,0.7,10.0,0.8250000000000001,A4:261,0.09251971762376993,2.3316024210731286e-16,within_support,0.5,scenario_assumption,A,0.23787508761664436,0.013422274663598235,0.4284084204119211
0,0.7,10.0,0.8250000000000001,A4:261,0.09251971762376993,2.3316024210731286e-16,within_support,0.5,scenario_assumption,B,0.24913764945012876,0.013422274663598235,0.4284084204119211
0,0.7,10.0,0.8250000000000001,A4:261,0.09251971762376993,2.3316024210731286e-16,within_support,1.0,scenario_assumption,A,0.23787508761664436,0.01405777289865683,0.4486920758935346
0,0.7,10.0,0.8250000000000001,A4:261,0.09251971762376993,2.3316024210731286e-16,within_support,1.0,scenario_assumption,B,0.2609334545934695,0.01405777289865683,0.4486920758935346
0,0.7,10.0,0.8250000000000001,A4:261,0.09251971762376993,2.3316024210731286e-16,within_support,1.5,scenario_assumption,A,0.23787508761664436,0.014723359774939392,0.46993609223663907
0,0.7,10.0,0.8250000000000001,A4:261,0.09251971762376993,2.3316024210731286e-16,within_support,1.5,scenario_assumption,B,0.2732877502712065,0.014723359774939392,0.46993609223663907
1,0.41,300.0,0.275,p0,0.0,0.25199741134123815,within_support,0.0,scenario_assumption,A,0.4715104493503415,0.00036260116227534165,0.347202083990722
1,0.41,300.0,0.275,p0,0.0,0.25199741134123815,within_support,0.0,scenario_assumption,B,0.4715104493503415,0.00036260116227534165,0.347202083990722
1,0.41,300.0,0.275,p0,0.0,0.25199741134123815,within_support,0.5,scenario_assumption,A,0.4715104493503415,0.00036260116227534165,0.347202083990722
1,0.41,300.0,0.275,p0,0.0,0.25199741134123815,within_support,0.5,scenario_assumption,B,0.4715104493503415,0.00036260116227534165,0.347202083990722
1,0.41,300.0,0.275,p0,0.0,0.25199741134123815,within_support,1.0,scenario_assumption,A,0.4715104493503415,0.00036260116227534165,0.347202083990722
1,0.41,300.0,0.275,p0,0.0,0.25199741134123815,within_support,1.0,scenario_assumption,B,0.4715104493503415,0.00036260116227534165,0.347202083990722
1,0.41,300.0,0.275,p0,0.0,0.25199741134123815,within_support,1.5,scenario_assumption,A,0.4715104493503415,0.00036260116227534165,0.347202083990722
1,0.41,300.0,0.275,p0,0.0,0.25199741134123815,within_support,1.5,scenario_assumption,B,0.4715104493503415,0.00036260116227534165,0.347202083990722
1,0.41,300.0,0.275,A4:170,0.01348873365388759,2.155428822511452e-16,within_support,0.0,scenario_assumption,A,0.4715104493503415,0.00036260116227534165,0.347202083990722
1,0.41,300.0,0.275,A4:170,0.01348873365388759,2.155428822511452e-16,within_support,0.0,scenario_assumption,B,0.4715104493503415,0.00036260116227534165,0.347202083990722
1,0.41,300.0,0.275,A4:170,0.01348873365388759,2.155428822511452e-16,within_support,0.5,scenario_assumption,A,0.4715104493503415,0.0003650549428225171,0.34955165649150804
1,0.41,300.0,0.275,A4:170,0.01348873365388759,2.155428822511452e-16,within_support,0.5,scenario_assumption,B,0.4747012366085668,0.0003650549428225171,0.34955165649150804
1,0.41,300.0,0.275,A4:170,0.01348873365388759,2.155428822511452e-16,within_support,1.0,scenario_assumption,A,0.4715104493503415,0.00036752532849841294,0.3519171289283574
1,0.41,300.0,0.275,A4:170,0.01348873365388759,2.155428822511452e-16,within_support,1.0,scenario_assumption,B,0.477913616438794,0.00036752532849841294,0.3519171289283574
1,0.41,300.0,0.275,A4:170,0.01348873365388759,2.155428822511452e-16,within_support,1.5,scenario_assumption,A,0.4715104493503415,0.0003700124316726131,0.3542986088987016
1,0.41,300.0,0.275,A4:170,0.01348873365388759,2.155428822511452e-16,within_support,1.5,scenario_assumption,B,0.4811477349614404,0.0003700124316726131,0.3542986088987016
1,0.41,300.0,0.275,A4:261,0.09251971762376993,2.3316024210731286e-16,within_support,0.0,scenario_assumption,A,0.4715104493503415,0.00036260116227534165,0.347202083990722
1,0.41,300.0,0.275,A4:261,0.09251971762376993,2.3316024210731286e-16,within_support,0.0,scenario_assumption,B,0.4715104493503415,0.00036260116227534165,0.347202083990722
1,0.41,300.0,0.275,A4:261,0.09251971762376993,2.3316024210731286e-16,within_support,0.5,scenario_assumption,A,0.4715104493503415,0.00037976907192042715,0.3636409005933334
1,0.41,300.0,0.275,A4:261,0.09251971762376993,2.3316024210731286e-16,within_support,0.5,scenario_assumption,B,0.4938348366754254,0.00037976907192042715,0.3636409005933334
1,0.41,300.0,0.275,A4:261,0.09251971762376993,2.3316024210731286e-16,within_support,1.0,scenario_assumption,A,0.4715104493503415,0.0003977498226489012,0.38085803824801995
1,0.41,300.0,0.275,A4:261,0.09251971762376993,2.3316024210731286e-16,within_support,1.0,scenario_assumption,B,0.517216206449418,0.0003977498226489012,0.38085803824801995
1,0.41,300.0,0.275,A4:261,0.09251971762376993,2.3316024210731286e-16,within_support,1.5,scenario_assumption,A,0.4715104493503415,0.0004165818996718641,0.3988903477619135
1,0.41,300.0,0.275,A4:261,0.09251971762376993,2.3316024210731286e-16,within_support,1.5,scenario_assumption,B,0.5417046031318169,0.0004165818996718641,0.3988903477619135
1,0.41,300.0,0.5,p0,0.0,0.25199741134123815,within_support,0.0,scenario_assumption,A,0.4715104493503415,0.00033757157535117604,0.32323546268436715
1,0.41,300.0,0.5,p0,0.0,0.25199741134123815,within_support,0.0,scenario_assumption,B,0.4715104493503415,0.00033757157535117604,0.32323546268436715
1,0.41,300.0,0.5,p0,0.0,0.25199741134123815,within_support,0.5,scenario_assumption,A,0.4715104493503415,0.00033757157535117604,0.32323546268436715
1,0.41,300.0,0.5,p0,0.0,0.25199741134123815,within_support,0.5,scenario_assumption,B,0.4715104493503415,0.00033757157535117604,0.32323546268436715
1,0.41,300.0,0.5,p0,0.0,0.25199741134123815,within_support,1.0,scenario_assumption,A,0.4715104493503415,0.00033757157535117604,0.32323546268436715
1,0.41,300.0,0.5,p0,0.0,0.25199741134123815,within_support,1.0,scenario_assumption,B,0.4715104493503415,0.00033757157535117604,0.32323546268436715
1,0.41,300.0,0.5,p0,0.0,0.25199741134123815,within_support,1.5,scenario_assumption,A,0.4715104493503415,0.00033757157535117604,0.32323546268436715
1,0.41,300.0,0.5,p0,0.0,0.25199741134123815,within_support,1.5,scenario_assumption,B,0.4715104493503415,0.00033757157535117604,0.32323546268436715
1,0.41,300.0,0.5,A4:170,0.01348873365388759,2.155428822511452e-16,within_support,0.0,scenario_assumption,A,0.4715104493503415,0.00033757157535117604,0.32323546268436715
1,0.41,300.0,0.5,A4:170,0.01348873365388759,2.155428822511452e-16,within_support,0.0,scenario_assumption,B,0.4715104493503415,0.00033757157535117604,0.32323546268436715
1,0.41,300.0,0.5,A4:170,0.01348873365388759,2.155428822511452e-16,within_support,0.5,scenario_assumption,A,0.4715104493503415,0.0003398559766467436,0.32542284919332126
1,0.41,300.0,0.5,A4:170,0.01348873365388759,2.155428822511452e-16,within_support,0.5,scenario_assumption,B,0.4747012366085668,0.0003398559766467436,0.32542284919332126
1,0.41,300.0,0.5,A4:170,0.01348873365388759,2.155428822511452e-16,within_support,1.0,scenario_assumption,A,0.4715104493503415,0.0003421558368543176,0.3276250380995737
1,0.41,300.0,0.5,A4:170,0.01348873365388759,2.155428822511452e-16,within_support,1.0,scenario_assumption,B,0.477913616438794,0.0003421558368543176,0.3276250380995737
1,0.41,300.0,0.5,A4:170,0.01348873365388759,2.155428822511452e-16,within_support,1.5,scenario_assumption,A,0.4715104493503415,0.0003444712605868486,0.3298421295733343
1,0.41,300.0,0.5,A4:170,0.01348873365388759,2.155428822511452e-16,within_support,1.5,scenario_assumption,B,0.4811477349614404,0.0003444712605868486,0.3298421295733343
1,0.41,300.0,0.5,A4:261,0.09251971762376993,2.3316024210731286e-16,within_support,0.0,scenario_assumption,A,0.4715104493503415,0.00033757157535117604,0.32323546268436715
1,0.41,300.0,0.5,A4:261,0.09251971762376993,2.3316024210731286e-16,within_support,0.0,scenario_assumption,B,0.4715104493503415,0.00033757157535117604,0.32323546268436715
1,0.41,300.0,0.5,A4:261,0.09251971762376993,2.3316024210731286e-16,within_support,0.5,scenario_assumption,A,0.4715104493503415,0.00035355442071221047,0.338539542744758
1,0.41,300.0,0.5,A4:261,0.09251971762376993,2.3316024210731286e-16,within_support,0.5,scenario_assumption,B,0.4938348366754254,0.00035355442071221047,0.338539542744758
1,0.41,300.0,0.5,A4:261,0.09251971762376993,2.3316024210731286e-16,within_support,1.0,scenario_assumption,A,0.4715104493503415,0.00037029399846568356,0.3545682180106062
1,0.41,300.0,0.5,A4:261,0.09251971762376993,2.3316024210731286e-16,within_support,1.0,scenario_assumption,B,0.517216206449418,0.00037029399846568356,0.3545682180106062
1,0.41,300.0,0.5,A4:261,0.09251971762376993,2.3316024210731286e-16,within_support,1.5,scenario_assumption,A,0.4715104493503415,0.0003878261372704371,0.37135579555621456
1,0.41,300.0,0.5,A4:261,0.09251971762376993,2.3316024210731286e-16,within_support,1.5,scenario_assumption,B,0.5417046031318169,0.0003878261372704371,0.37135579555621456
1,0.41,300.0,0.8250000000000001,p0,0.0,0.25199741134123815,within_support,0.0,scenario_assumption,A,0.4715104493503415,0.00030443643556747943,0.2915075180908324
1,0.41,300.0,0.8250000000000001,p0,0.0,0.25199741134123815,within_support,0.0,scenario_assumption,B,0.4715104493503415,0.00030443643556747943,0.2915075180908324
1,0.41,300.0,0.8250000000000001,p0,0.0,0.25199741134123815,within_support,0.5,scenario_assumption,A,0.4715104493503415,0.00030443643556747943,0.2915075180908324
1,0.41,300.0,0.8250000000000001,p0,0.0,0.25199741134123815,within_support,0.5,scenario_assumption,B,0.4715104493503415,0.00030443643556747943,0.2915075180908324
1,0.41,300.0,0.8250000000000001,p0,0.0,0.25199741134123815,within_support,1.0,scenario_assumption,A,0.4715104493503415,0.00030443643556747943,0.2915075180908324
1,0.41,300.0,0.8250000000000001,p0,0.0,0.25199741134123815,within_support,1.0,scenario_assumption,B,0.4715104493503415,0.00030443643556747943,0.2915075180908324
1,0.41,300.0,0.8250000000000001,p0,0.0,0.25199741134123815,within_support,1.5,scenario_assumption,A,0.4715104493503415,0.00030443643556747943,0.2915075180908324
1,0.41,300.0,0.8250000000000001,p0,0.0,0.25199741134123815,within_support,1.5,scenario_assumption,B,0.4715104493503415,0.00030443643556747943,0.2915075180908324
1,0.41,300.0,0.8250000000000001,A4:170,0.01348873365388759,2.155428822511452e-16,within_support,0.0,scenario_assumption,A,0.4715104493503415,0.00030443643556747943,0.2915075180908324
1,0.41,300.0,0.8250000000000001,A4:170,0.01348873365388759,2.155428822511452e-16,within_support,0.0,scenario_assumption,B,0.4715104493503415,0.00030443643556747943,0.2915075180908324
1,0.41,300.0,0.8250000000000001,A4:170,0.01348873365388759,2.155428822511452e-16,within_support,0.5,scenario_assumption,A,0.4715104493503415,0.0003064966060279362,0.29348019648148665
1,0.41,300.0,0.8250000000000001,A4:170,0.01348873365388759,2.155428822511452e-16,within_support,0.5,scenario_assumption,B,0.4747012366085668,0.0003064966060279362,0.29348019648148665
1,0.41,300.0,0.8250000000000001,A4:170,0.01348873365388759,2.155428822511452e-16,within_support,1.0,scenario_assumption,A,0.4715104493503415,0.00030857071799417294,0.2954662243049736
1,0.41,300.0,0.8250000000000001,A4:170,0.01348873365388759,2.155428822511452e-16,within_support,1.0,scenario_assumption,B,0.477913616438794,0.00030857071799417294,0.2954662243049736
1,0.41,300.0,0.8250000000000001,A4:170,0.01348873365388759,2.155428822511452e-16,within_support,1.5,scenario_assumption,A,0.4715104493503415,0.00031065886581060806,0.29746569189905814
1,0.41,300.0,0.8250000000000001,A4:170,0.01348873365388759,2.155428822511452e-16,within_support,1.5,scenario_assumption,B,0.4811477349614404,0.00031065886581060806,0.29746569189905814
1,0.41,300.0,0.8250000000000001,A4:261,0.09251971762376993,2.3316024210731286e-16,within_support,0.0,scenario_assumption,A,0.4715104493503415,0.00030443643556747943,0.2915075180908324
1,0.41,300.0,0.8250000000000001,A4:261,0.09251971762376993,2.3316024210731286e-16,within_support,0.0,scenario_assumption,B,0.4715104493503415,0.00030443643556747943,0.2915075180908324
1,0.41,300.0,0.8250000000000001,A4:261,0.09251971762376993,2.3316024210731286e-16,within_support,0.5,scenario_assumption,A,0.4715104493503415,0.00031885044677940603,0.3053093898224136
1,0.41,300.0,0.8250000000000001,A4:261,0.09251971762376993,2.3316024210731286e-16,within_support,0.5,scenario_assumption,B,0.4938348366754254,0.00031885044677940603,0.3053093898224136
1,0.41,300.0,0.8250000000000001,A4:261,0.09251971762376993,2.3316024210731286e-16,within_support,1.0,scenario_assumption,A,0.4715104493503415,0.0003339469115183891,0.319764732395991
1,0.41,300.0,0.8250000000000001,A4:261,0.09251971762376993,2.3316024210731286e-16,within_support,1.0,scenario_assumption,B,0.517216206449418,0.0003339469115183891,0.319764732395991
1,0.41,300.0,0.8250000000000001,A4:261,0.09251971762376993,2.3316024210731286e-16,within_support,1.5,scenario_assumption,A,0.4715104493503415,0.0003497581415961613,0.3349044853935026
1,0.41,300.0,0.8250000000000001,A4:261,0.09251971762376993,2.3316024210731286e-16,within_support,1.5,scenario_assumption,B,0.5417046031318169,0.0003497581415961613,0.3349044853935026
2,6.9,300.0,0.275,p0,0.0,0.25199741134123815,within_support,0.0,scenario_assumption,A,0.012743473239313144,0.00036260116227534165,0.347202083990722
2,6.9,300.0,0.275,p0,0.0,0.25199741134123815,within_support,0.0,scenario_assumption,B,0.012743473239313144,0.00036260116227534165,0.347202083990722
2,6.9,300.0,0.275,p0,0.0,0.25199741134123815,within_support,0.5,scenario_assumption,A,0.012743473239313144,0.00036260116227534165,0.347202083990722
2,6.9,300.0,0.275,p0,0.0,0.25199741134123815,within_support,0.5,scenario_assumption,B,0.012743473239313144,0.00036260116227534165,0.347202083990722
2,6.9,300.0,0.275,p0,0.0,0.25199741134123815,within_support,1.0,scenario_assumption,A,0.012743473239313144,0.00036260116227534165,0.347202083990722
2,6.9,300.0,0.275,p0,0.0,0.25199741134123815,within_support,1.0,scenario_assumption,B,0.012743473239313144,0.00036260116227534165,0.347202083990722
2,6.9,300.0,0.275,p0,0.0,0.25199741134123815,within_support,1.5,scenario_assumption,A,0.012743473239313144,0.00036260116227534165,0.347202083990722
2,6.9,300.0,0.275,p0,0.0,0.25199741134123815,within_support,1.5,scenario_assumption,B,0.012743473239313144,0.00036260116227534165,0.347202083990722
2,6.9,300.0,0.275,A4:170,0.01348873365388759,2.155428822511452e-16,within_support,0.0,scenario_assumption,A,0.012743473239313144,0.00036260116227534165,0.347202083990722
2,6.9,300.0,0.275,A4:170,0.01348873365388759,2.155428822511452e-16,within_support,0.0,scenario_assumption,B,0.012743473239313144,0.00036260116227534165,0.347202083990722
2,6.9,300.0,0.275,A4:170,0.01348873365388759,2.155428822511452e-16,within_support,0.5,scenario_assumption,A,0.012743473239313144,0.0003650549428225171,0.34955165649150804
2,6.9,300.0,0.275,A4:170,0.01348873365388759,2.155428822511452e-16,within_support,0.5,scenario_assumption,B,0.01282971037805219,0.0003650549428225171,0.34955165649150804
2,6.9,300.0,0.275,A4:170,0.01348873365388759,2.155428822511452e-16,within_support,1.0,scenario_assumption,A,0.012743473239313144,0.00036752532849841294,0.3519171289283574
2,6.9,300.0,0.275,A4:170,0.01348873365388759,2.155428822511452e-16,within_support,1.0,scenario_assumption,B,0.012916531097417824,0.00036752532849841294,0.3519171289283574
2,6.9,300.0,0.275,A4:170,0.01348873365388759,2.155428822511452e-16,within_support,1.5,scenario_assumption,A,0.012743473239313144,0.0003700124316726131,0.3542986088987016
2,6.9,300.0,0.275,A4:170,0.01348873365388759,2.155428822511452e-16,within_support,1.5,scenario_assumption,B,0.013003939346594266,0.0003700124316726131,0.3542986088987016
2,6.9,300.0,0.275,A4:261,0.09251971762376993,2.3316024210731286e-16,within_support,0.0,scenario_assumption,A,0.012743473239313144,0.00036260116227534165,0.347202083990722
2,6.9,300.0,0.275,A4:261,0.09251971762376993,2.3316024210731286e-16,within_support,0.0,scenario_assumption,B,0.012743473239313144,0.00036260116227534165,0.347202083990722
2,6.9,300.0,0.275,A4:261,0.09251971762376993,2.3316024210731286e-16,within_support,0.5,scenario_assumption,A,0.012743473239313144,0.00037976907192042715,0.3636409005933334
2,6.9,300.0,0.275,A4:261,0.09251971762376993,2.3316024210731286e-16,within_support,0.5,scenario_assumption,B,0.01334683257706111,0.00037976907192042715,0.3636409005933334
2,6.9,300.0,0.275,A4:261,0.09251971762376993,2.3316024210731286e-16,within_support,1.0,scenario_assumption,A,0.012743473239313144,0.0003977498226489012,0.38085803824801995
2,6.9,300.0,0.275,A4:261,0.09251971762376993,2.3316024210731286e-16,within_support,1.0,scenario_assumption,B,0.013978758890515872,0.0003977498226489012,0.38085803824801995
2,6.9,300.0,0.275,A4:261,0.09251971762376993,2.3316024210731286e-16,within_support,1.5,scenario_assumption,A,0.012743473239313144,0.0004165818996718641,0.3988903477619135
2,6.9,300.0,0.275,A4:261,0.09251971762376993,2.3316024210731286e-16,within_support,1.5,scenario_assumption,B,0.014640604727073278,0.0004165818996718641,0.3988903477619135
2,6.9,300.0,0.5,p0,0.0,0.25199741134123815,within_support,0.0,scenario_assumption,A,0.012743473239313144,0.00033757157535117604,0.32323546268436715
2,6.9,300.0,0.5,p0,0.0,0.25199741134123815,within_support,0.0,scenario_assumption,B,0.012743473239313144,0.00033757157535117604,0.32323546268436715
2,6.9,300.0,0.5,p0,0.0,0.25199741134123815,within_support,0.5,scenario_assumption,A,0.012743473239313144,0.00033757157535117604,0.32323546268436715
2,6.9,300.0,0.5,p0,0.0,0.25199741134123815,within_support,0.5,scenario_assumption,B,0.012743473239313144,0.00033757157535117604,0.32323546268436715
2,6.9,300.0,0.5,p0,0.0,0.25199741134123815,within_support,1.0,scenario_assumption,A,0.012743473239313144,0.00033757157535117604,0.32323546268436715
2,6.9,300.0,0.5,p0,0.0,0.25199741134123815,within_support,1.0,scenario_assumption,B,0.012743473239313144,0.00033757157535117604,0.32323546268436715
2,6.9,300.0,0.5,p0,0.0,0.25199741134123815,within_support,1.5,scenario_assumption,A,0.012743473239313144,0.00033757157535117604,0.32323546268436715
2,6.9,300.0,0.5,p0,0.0,0.25199741134123815,within_support,1.5,scenario_assumption,B,0.012743473239313144,0.00033757157535117604,0.32323546268436715
2,6.9,300.0,0.5,A4:170,0.01348873365388759,2.155428822511452e-16,within_support,0.0,scenario_assumption,A,0.012743473239313144,0.00033757157535117604,0.32323546268436715
2,6.9,300.0,0.5,A4:170,0.01348873365388759,2.155428822511452e-16,within_support,0.0,scenario_assumption,B,0.012743473239313144,0.00033757157535117604,0.32323546268436715
2,6.9,300.0,0.5,A4:170,0.01348873365388759,2.155428822511452e-16,within_support,0.5,scenario_assumption,A,0.012743473239313144,0.0003398559766467436,0.32542284919332126
2,6.9,300.0,0.5,A4:170,0.01348873365388759,2.155428822511452e-16,within_support,0.5,scenario_assumption,B,0.01282971037805219,0.0003398559766467436,0.32542284919332126
2,6.9,300.0,0.5,A4:170,0.01348873365388759,2.155428822511452e-16,within_support,1.0,scenario_assumption,A,0.012743473239313144,0.0003421558368543176,0.3276250380995737
2,6.9,300.0,0.5,A4:170,0.01348873365388759,2.155428822511452e-16,within_support,1.0,scenario_assumption,B,0.012916531097417824,0.0003421558368543176,0.3276250380995737
2,6.9,300.0,0.5,A4:170,0.01348873365388759,2.155428822511452e-16,within_support,1.5,scenario_assumption,A,0.012743473239313144,0.0003444712605868486,0.3298421295733343
2,6.9,300.0,0.5,A4:170,0.01348873365388759,2.155428822511452e-16,within_support,1.5,scenario_assumption,B,0.013003939346594266,0.0003444712605868486,0.3298421295733343
2,6.9,300.0,0.5,A4:261,0.09251971762376993,2.3316024210731286e-16,within_support,0.0,scenario_assumption,A,0.012743473239313144,0.00033757157535117604,0.32323546268436715
2,6.9,300.0,0.5,A4:261,0.09251971762376993,2.3316024210731286e-16,within_support,0.0,scenario_assumption,B,0.012743473239313144,0.00033757157535117604,0.32323546268436715
2,6.9,300.0,0.5,A4:261,0.09251971762376993,2.3316024210731286e-16,within_support,0.5,scenario_assumption,A,0.012743473239313144,0.00035355442071221047,0.338539542744758
2,6.9,300.0,0.5,A4:261,0.09251971762376993,2.3316024210731286e-16,within_support,0.5,scenario_assumption,B,0.01334683257706111,0.00035355442071221047,0.338539542744758
2,6.9,300.0,0.5,A4:261,0.09251971762376993,2.3316024210731286e-16,within_support,1.0,scenario_assumption,A,0.012743473239313144,0.00037029399846568356,0.3545682180106062
2,6.9,300.0,0.5,A4:261,0.09251971762376993,2.3316024210731286e-16,within_support,1.0,scenario_assumption,B,0.013978758890515872,0.00037029399846568356,0.3545682180106062
2,6.9,300.0,0.5,A4:261,0.09251971762376993,2.3316024210731286e-16,within_support,1.5,scenario_assumption,A,0.012743473239313144,0.0003878261372704371,0.37135579555621456
2,6.9,300.0,0.5,A4:261,0.09251971762376993,2.3316024210731286e-16,within_support,1.5,scenario_assumption,B,0.014640604727073278,0.0003878261372704371,0.37135579555621456
2,6.9,300.0,0.8250000000000001,p0,0.0,0.25199741134123815,within_support,0.0,scenario_assumption,A,0.012743473239313144,0.00030443643556747943,0.2915075180908324
2,6.9,300.0,0.8250000000000001,p0,0.0,0.25199741134123815,within_support,0.0,scenario_assumption,B,0.012743473239313144,0.00030443643556747943,0.2915075180908324
2,6.9,300.0,0.8250000000000001,p0,0.0,0.25199741134123815,within_support,0.5,scenario_assumption,A,0.012743473239313144,0.00030443643556747943,0.2915075180908324
2,6.9,300.0,0.8250000000000001,p0,0.0,0.25199741134123815,within_support,0.5,scenario_assumption,B,0.012743473239313144,0.00030443643556747943,0.2915075180908324
2,6.9,300.0,0.8250000000000001,p0,0.0,0.25199741134123815,within_support,1.0,scenario_assumption,A,0.012743473239313144,0.00030443643556747943,0.2915075180908324
2,6.9,300.0,0.8250000000000001,p0,0.0,0.25199741134123815,within_support,1.0,scenario_assumption,B,0.012743473239313144,0.00030443643556747943,0.2915075180908324
2,6.9,300.0,0.8250000000000001,p0,0.0,0.25199741134123815,within_support,1.5,scenario_assumption,A,0.012743473239313144,0.00030443643556747943,0.2915075180908324
2,6.9,300.0,0.8250000000000001,p0,0.0,0.25199741134123815,within_support,1.5,scenario_assumption,B,0.012743473239313144,0.00030443643556747943,0.2915075180908324
2,6.9,300.0,0.8250000000000001,A4:170,0.01348873365388759,2.155428822511452e-16,within_support,0.0,scenario_assumption,A,0.012743473239313144,0.00030443643556747943,0.2915075180908324
2,6.9,300.0,0.8250000000000001,A4:170,0.01348873365388759,2.155428822511452e-16,within_support,0.0,scenario_assumption,B,0.012743473239313144,0.00030443643556747943,0.2915075180908324
2,6.9,300.0,0.8250000000000001,A4:170,0.01348873365388759,2.155428822511452e-16,within_support,0.5,scenario_assumption,A,0.012743473239313144,0.0003064966060279362,0.29348019648148665
2,6.9,300.0,0.8250000000000001,A4:170,0.01348873365388759,2.155428822511452e-16,within_support,0.5,scenario_assumption,B,0.01282971037805219,0.0003064966060279362,0.29348019648148665
2,6.9,300.0,0.8250000000000001,A4:170,0.01348873365388759,2.155428822511452e-16,within_support,1.0,scenario_assumption,A,0.012743473239313144,0.00030857071799417294,0.2954662243049736
2,6.9,300.0,0.8250000000000001,A4:170,0.01348873365388759,2.155428822511452e-16,within_support,1.0,scenario_assumption,B,0.012916531097417824,0.00030857071799417294,0.2954662243049736
2,6.9,300.0,0.8250000000000001,A4:170,0.01348873365388759,2.155428822511452e-16,within_support,1.5,scenario_assumption,A,0.012743473239313144,0.00031065886581060806,0.29746569189905814
2,6.9,300.0,0.8250000000000001,A4:170,0.01348873365388759,2.155428822511452e-16,within_support,1.5,scenario_assumption,B,0.013003939346594266,0.00031065886581060806,0.29746569189905814
2,6.9,300.0,0.8250000000000001,A4:261,0.09251971762376993,2.3316024210731286e-16,within_support,0.0,scenario_assumption,A,0.012743473239313144,0.00030443643556747943,0.2915075180908324
2,6.9,300.0,0.8250000000000001,A4:261,0.09251971762376993,2.3316024210731286e-16,within_support,0.0,scenario_assumption,B,0.012743473239313144,0.00030443643556747943,0.2915075180908324
2,6.9,300.0,0.8250000000000001,A4:261,0.09251971762376993,2.3316024210731286e-16,within_support,0.5,scenario_assumption,A,0.012743473239313144,0.00031885044677940603,0.3053093898224136
2,6.9,300.0,0.8250000000000001,A4:261,0.09251971762376993,2.3316024210731286e-16,within_support,0.5,scenario_assumption,B,0.01334683257706111,0.00031885044677940603,0.3053093898224136
2,6.9,300.0,0.8250000000000001,A4:261,0.09251971762376993,2.3316024210731286e-16,within_support,1.0,scenario_assumption,A,0.012743473239313144,0.0003339469115183891,0.319764732395991
2,6.9,300.0,0.8250000000000001,A4:261,0.09251971762376993,2.3316024210731286e-16,within_support,1.0,scenario_assumption,B,0.013978758890515872,0.0003339469115183891,0.319764732395991
2,6.9,300.0,0.8250000000000001,A4:261,0.09251971762376993,2.3316024210731286e-16,within_support,1.5,scenario_assumption,A,0.012743473239313144,0.0003497581415961613,0.3349044853935026
2,6.9,300.0,0.8250000000000001,A4:261,0.09251971762376993,2.3316024210731286e-16,within_support,1.5,scenario_assumption,B,0.014640604727073278,0.0003497581415961613,0.3349044853935026
