workpoint,N_billions,D_billions,Q_B,recipe,h_agg,nearest_distance,support_status,lambda_p,lambda_role,form,dN_dQ_iso_loss,dlogN_dQ_iso_loss
0,0.7,10.0,0.275,p0,0.0,0.25199741134123815,within_support,0.0,scenario_assumption,A,-2.0481001956754095,-2.925857422393442
0,0.7,10.0,0.275,p0,0.0,0.25199741134123815,within_support,0.0,scenario_assumption,B,-2.0481001956754095,-2.925857422393442
0,0.7,10.0,0.275,p0,0.0,0.25199741134123815,within_support,0.5,scenario_assumption,A,-2.0481001956754095,-2.925857422393442
0,0.7,10.0,0.275,p0,0.0,0.25199741134123815,within_support,0.5,scenario_assumption,B,-2.0481001956754095,-2.925857422393442
0,0.7,10.0,0.275,p0,0.0,0.25199741134123815,within_support,1.0,scenario_assumption,A,-2.0481001956754095,-2.925857422393442
0,0.7,10.0,0.275,p0,0.0,0.25199741134123815,within_support,1.0,scenario_assumption,B,-2.0481001956754095,-2.925857422393442
0,0.7,10.0,0.275,p0,0.0,0.25199741134123815,within_support,1.5,scenario_assumption,A,-2.0481001956754095,-2.925857422393442
0,0.7,10.0,0.275,p0,0.0,0.25199741134123815,within_support,1.5,scenario_assumption,B,-2.0481001956754095,-2.925857422393442
0,0.7,10.0,0.275,A4:170,0.01348873365388759,2.155428822511452e-16,within_support,0.0,scenario_assumption,A,-2.0481001956754095,-2.925857422393442
0,0.7,10.0,0.275,A4:170,0.01348873365388759,2.155428822511452e-16,within_support,0.0,scenario_assumption,B,-2.0481001956754095,-2.925857422393442
0,0.7,10.0,0.275,A4:170,0.01348873365388759,2.155428822511452e-16,within_support,0.5,scenario_assumption,A,-2.0619600200269885,-2.945657171467127
0,0.7,10.0,0.275,A4:170,0.01348873365388759,2.155428822511452e-16,within_support,0.5,scenario_assumption,B,-2.0481001956754095,-2.925857422393442
0,0.7,10.0,0.275,A4:170,0.01348873365388759,2.155428822511452e-16,within_support,1.0,scenario_assumption,A,-2.0759136360453336,-2.9655909086361913
0,0.7,10.0,0.275,A4:170,0.01348873365388759,2.155428822511452e-16,within_support,1.0,scenario_assumption,B,-2.0481001956754095,-2.925857422393442
0,0.7,10.0,0.275,A4:170,0.01348873365388759,2.155428822511452e-16,within_support,1.5,scenario_assumption,A,-2.0899616784337813,-2.9856595406196877
0,0.7,10.0,0.275,A4:170,0.01348873365388759,2.155428822511452e-16,within_support,1.5,scenario_assumption,B,-2.048100195675409,-2.9258574223934417
0,0.7,10.0,0.275,A4:261,0.09251971762376993,2.3316024210731286e-16,within_support,0.0,scenario_assumption,A,-2.0481001956754095,-2.925857422393442
0,0.7,10.0,0.275,A4:261,0.09251971762376993,2.3316024210731286e-16,within_support,0.0,scenario_assumption,B,-2.0481001956754095,-2.925857422393442
0,0.7,10.0,0.275,A4:261,0.09251971762376993,2.3316024210731286e-16,within_support,0.5,scenario_assumption,A,-2.1450706490594977,-3.0643866415135683
0,0.7,10.0,0.275,A4:261,0.09251971762376993,2.3316024210731286e-16,within_support,0.5,scenario_assumption,B,-2.048100195675409,-2.9258574223934417
0,0.7,10.0,0.275,A4:261,0.09251971762376993,2.3316024210731286e-16,within_support,1.0,scenario_assumption,A,-2.2466323176826513,-3.2094747395466445
0,0.7,10.0,0.275,A4:261,0.09251971762376993,2.3316024210731286e-16,within_support,1.0,scenario_assumption,B,-2.0481001956754095,-2.925857422393442
0,0.7,10.0,0.275,A4:261,0.09251971762376993,2.3316024210731286e-16,within_support,1.5,scenario_assumption,A,-2.3530025796908474,-3.3614322567012107
0,0.7,10.0,0.275,A4:261,0.09251971762376993,2.3316024210731286e-16,within_support,1.5,scenario_assumption,B,-2.0481001956754095,-2.925857422393442
0,0.7,10.0,0.5,p0,0.0,0.25199741134123815,within_support,0.0,scenario_assumption,A,-1.9067241957878758,-2.7238917082683938
0,0.7,10.0,0.5,p0,0.0,0.25199741134123815,within_support,0.0,scenario_assumption,B,-1.9067241957878758,-2.7238917082683938
0,0.7,10.0,0.5,p0,0.0,0.25199741134123815,within_support,0.5,scenario_assumption,A,-1.9067241957878758,-2.7238917082683938
0,0.7,10.0,0.5,p0,0.0,0.25199741134123815,within_support,0.5,scenario_assumption,B,-1.9067241957878758,-2.7238917082683938
0,0.7,10.0,0.5,p0,0.0,0.25199741134123815,within_support,1.0,scenario_assumption,A,-1.9067241957878758,-2.7238917082683938
0,0.7,10.0,0.5,p0,0.0,0.25199741134123815,within_support,1.0,scenario_assumption,B,-1.9067241957878758,-2.7238917082683938
0,0.7,10.0,0.5,p0,0.0,0.25199741134123815,within_support,1.5,scenario_assumption,A,-1.9067241957878758,-2.7238917082683938
0,0.7,10.0,0.5,p0,0.0,0.25199741134123815,within_support,1.5,scenario_assumption,B,-1.9067241957878758,-2.7238917082683938
0,0.7,10.0,0.5,A4:170,0.01348873365388759,2.155428822511452e-16,within_support,0.0,scenario_assumption,A,-1.9067241957878758,-2.7238917082683938
0,0.7,10.0,0.5,A4:170,0.01348873365388759,2.155428822511452e-16,within_support,0.0,scenario_assumption,B,-1.9067241957878758,-2.7238917082683938
0,0.7,10.0,0.5,A4:170,0.01348873365388759,2.155428822511452e-16,within_support,0.5,scenario_assumption,A,-1.919627305946415,-2.742324722780593
0,0.7,10.0,0.5,A4:170,0.01348873365388759,2.155428822511452e-16,within_support,0.5,scenario_assumption,B,-1.9067241957878758,-2.723891708268394
0,0.7,10.0,0.5,A4:170,0.01348873365388759,2.155428822511452e-16,within_support,1.0,scenario_assumption,A,-1.9326177335324728,-2.760882476474961
0,0.7,10.0,0.5,A4:170,0.01348873365388759,2.155428822511452e-16,within_support,1.0,scenario_assumption,B,-1.9067241957878758,-2.7238917082683938
0,0.7,10.0,0.5,A4:170,0.01348873365388759,2.155428822511452e-16,within_support,1.5,scenario_assumption,A,-1.9456960694371639,-2.7795658134816628
0,0.7,10.0,0.5,A4:170,0.01348873365388759,2.155428822511452e-16,within_support,1.5,scenario_assumption,B,-1.9067241957878753,-2.7238917082683933
0,0.7,10.0,0.5,A4:261,0.09251971762376993,2.3316024210731286e-16,within_support,0.0,scenario_assumption,A,-1.9067241957878758,-2.7238917082683938
0,0.7,10.0,0.5,A4:261,0.09251971762376993,2.3316024210731286e-16,within_support,0.0,scenario_assumption,B,-1.9067241957878758,-2.7238917082683938
0,0.7,10.0,0.5,A4:261,0.09251971762376993,2.3316024210731286e-16,within_support,0.5,scenario_assumption,A,-1.9970009850457313,-2.8528585500653305
0,0.7,10.0,0.5,A4:261,0.09251971762376993,2.3316024210731286e-16,within_support,0.5,scenario_assumption,B,-1.9067241957878756,-2.7238917082683938
0,0.7,10.0,0.5,A4:261,0.09251971762376993,2.3316024210731286e-16,within_support,1.0,scenario_assumption,A,-2.0915520677209107,-2.9879315253155867
0,0.7,10.0,0.5,A4:261,0.09251971762376993,2.3316024210731286e-16,within_support,1.0,scenario_assumption,B,-1.9067241957878758,-2.723891708268394
0,0.7,10.0,0.5,A4:261,0.09251971762376993,2.3316024210731286e-16,within_support,1.5,scenario_assumption,A,-2.190579816808371,-3.1293997382976735
0,0.7,10.0,0.5,A4:261,0.09251971762376993,2.3316024210731286e-16,within_support,1.5,scenario_assumption,B,-1.9067241957878758,-2.723891708268394
0,0.7,10.0,0.8250000000000001,p0,0.0,0.25199741134123815,within_support,0.0,scenario_assumption,A,-1.7195651534702223,-2.4565216478146037
0,0.7,10.0,0.8250000000000001,p0,0.0,0.25199741134123815,within_support,0.0,scenario_assumption,B,-1.7195651534702223,-2.4565216478146037
0,0.7,10.0,0.8250000000000001,p0,0.0,0.25199741134123815,within_support,0.5,scenario_assumption,A,-1.7195651534702223,-2.4565216478146037
0,0.7,10.0,0.8250000000000001,p0,0.0,0.25199741134123815,within_support,0.5,scenario_assumption,B,-1.7195651534702223,-2.4565216478146037
0,0.7,10.0,0.8250000000000001,p0,0.0,0.25199741134123815,within_support,1.0,scenario_assumption,A,-1.7195651534702223,-2.4565216478146037
0,0.7,10.0,0.8250000000000001,p0,0.0,0.25199741134123815,within_support,1.0,scenario_assumption,B,-1.7195651534702223,-2.4565216478146037
0,0.7,10.0,0.8250000000000001,p0,0.0,0.25199741134123815,within_support,1.5,scenario_assumption,A,-1.7195651534702223,-2.4565216478146037
0,0.7,10.0,0.8250000000000001,p0,0.0,0.25199741134123815,within_support,1.5,scenario_assumption,B,-1.7195651534702223,-2.4565216478146037
0,0.7,10.0,0.8250000000000001,A4:170,0.01348873365388759,2.155428822511452e-16,within_support,0.0,scenario_assumption,A,-1.7195651534702223,-2.4565216478146037
0,0.7,10.0,0.8250000000000001,A4:170,0.01348873365388759,2.155428822511452e-16,within_support,0.0,scenario_assumption,B,-1.7195651534702223,-2.4565216478146037
0,0.7,10.0,0.8250000000000001,A4:170,0.01348873365388759,2.155428822511452e-16,within_support,0.5,scenario_assumption,A,-1.7312017282034884,-2.473145326004983
0,0.7,10.0,0.8250000000000001,A4:170,0.01348873365388759,2.155428822511452e-16,within_support,0.5,scenario_assumption,B,-1.7195651534702223,-2.4565216478146037
0,0.7,10.0,0.8250000000000001,A4:170,0.01348873365388759,2.155428822511452e-16,within_support,1.0,scenario_assumption,A,-1.7429170495147766,-2.489881499306824
0,0.7,10.0,0.8250000000000001,A4:170,0.01348873365388759,2.155428822511452e-16,within_support,1.0,scenario_assumption,B,-1.719565153470222,-2.4565216478146032
0,0.7,10.0,0.8250000000000001,A4:170,0.01348873365388759,2.155428822511452e-16,within_support,1.5,scenario_assumption,A,-1.7547116502948819,-2.5067309289926887
0,0.7,10.0,0.8250000000000001,A4:170,0.01348873365388759,2.155428822511452e-16,within_support,1.5,scenario_assumption,B,-1.7195651534702219,-2.456521647814603
0,0.7,10.0,0.8250000000000001,A4:261,0.09251971762376993,2.3316024210731286e-16,within_support,0.0,scenario_assumption,A,-1.7195651534702223,-2.4565216478146037
0,0.7,10.0,0.8250000000000001,A4:261,0.09251971762376993,2.3316024210731286e-16,within_support,0.0,scenario_assumption,B,-1.7195651534702223,-2.4565216478146037
0,0.7,10.0,0.8250000000000001,A4:261,0.09251971762376993,2.3316024210731286e-16,within_support,0.5,scenario_assumption,A,-1.8009806100516805,-2.5728294429309724
0,0.7,10.0,0.8250000000000001,A4:261,0.09251971762376993,2.3316024210731286e-16,within_support,0.5,scenario_assumption,B,-1.7195651534702225,-2.4565216478146037
0,0.7,10.0,0.8250000000000001,A4:261,0.09251971762376993,2.3316024210731286e-16,within_support,1.0,scenario_assumption,A,-1.8862508066277186,-2.694644009468169
0,0.7,10.0,0.8250000000000001,A4:261,0.09251971762376993,2.3316024210731286e-16,within_support,1.0,scenario_assumption,B,-1.7195651534702223,-2.4565216478146032
0,0.7,10.0,0.8250000000000001,A4:261,0.09251971762376993,2.3316024210731286e-16,within_support,1.5,scenario_assumption,A,-1.975558251791295,-2.8222260739875646
0,0.7,10.0,0.8250000000000001,A4:261,0.09251971762376993,2.3316024210731286e-16,within_support,1.5,scenario_assumption,B,-1.7195651534702225,-2.4565216478146037
1,0.41,300.0,0.275,p0,0.0,0.25199741134123815,within_support,0.0,scenario_assumption,A,-0.7363613775030977,-1.7960033597636529
1,0.41,300.0,0.275,p0,0.0,0.25199741134123815,within_support,0.0,scenario_assumption,B,-0.7363613775030977,-1.7960033597636529
1,0.41,300.0,0.275,p0,0.0,0.25199741134123815,within_support,0.5,scenario_assumption,A,-0.7363613775030977,-1.7960033597636529
1,0.41,300.0,0.275,p0,0.0,0.25199741134123815,within_support,0.5,scenario_assumption,B,-0.7363613775030977,-1.7960033597636529
1,0.41,300.0,0.275,p0,0.0,0.25199741134123815,within_support,1.0,scenario_assumption,A,-0.7363613775030977,-1.7960033597636529
1,0.41,300.0,0.275,p0,0.0,0.25199741134123815,within_support,1.0,scenario_assumption,B,-0.7363613775030977,-1.7960033597636529
1,0.41,300.0,0.275,p0,0.0,0.25199741134123815,within_support,1.5,scenario_assumption,A,-0.7363613775030977,-1.7960033597636529
1,0.41,300.0,0.275,p0,0.0,0.25199741134123815,within_support,1.5,scenario_assumption,B,-0.7363613775030977,-1.7960033597636529
1,0.41,300.0,0.275,A4:170,0.01348873365388759,2.155428822511452e-16,within_support,0.0,scenario_assumption,A,-0.7363613775030977,-1.7960033597636529
1,0.41,300.0,0.275,A4:170,0.01348873365388759,2.155428822511452e-16,within_support,0.0,scenario_assumption,B,-0.7363613775030977,-1.7960033597636529
1,0.41,300.0,0.275,A4:170,0.01348873365388759,2.155428822511452e-16,within_support,0.5,scenario_assumption,A,-0.7413444537085632,-1.8081572041672271
1,0.41,300.0,0.275,A4:170,0.01348873365388759,2.155428822511452e-16,within_support,0.5,scenario_assumption,B,-0.7363613775030975,-1.7960033597636524
1,0.41,300.0,0.275,A4:170,0.01348873365388759,2.155428822511452e-16,within_support,1.0,scenario_assumption,A,-0.7463612511944059,-1.820393295596112
1,0.41,300.0,0.275,A4:170,0.01348873365388759,2.155428822511452e-16,within_support,1.0,scenario_assumption,B,-0.7363613775030976,-1.7960033597636529
1,0.41,300.0,0.275,A4:170,0.01348873365388759,2.155428822511452e-16,within_support,1.5,scenario_assumption,A,-0.7514119981579682,-1.8327121906291908
1,0.41,300.0,0.275,A4:170,0.01348873365388759,2.155428822511452e-16,within_support,1.5,scenario_assumption,B,-0.7363613775030976,-1.7960033597636527
1,0.41,300.0,0.275,A4:261,0.09251971762376993,2.3316024210731286e-16,within_support,0.0,scenario_assumption,A,-0.7363613775030977,-1.7960033597636529
1,0.41,300.0,0.275,A4:261,0.09251971762376993,2.3316024210731286e-16,within_support,0.0,scenario_assumption,B,-0.7363613775030977,-1.7960033597636529
1,0.41,300.0,0.275,A4:261,0.09251971762376993,2.3316024210731286e-16,within_support,0.5,scenario_assumption,A,-0.771225539315972,-1.8810379007706635
1,0.41,300.0,0.275,A4:261,0.09251971762376993,2.3316024210731286e-16,within_support,0.5,scenario_assumption,B,-0.7363613775030976,-1.7960033597636527
1,0.41,300.0,0.275,A4:261,0.09251971762376993,2.3316024210731286e-16,within_support,1.0,scenario_assumption,A,-0.8077403984848593,-1.970098532889901
1,0.41,300.0,0.275,A4:261,0.09251971762376993,2.3316024210731286e-16,within_support,1.0,scenario_assumption,B,-0.7363613775030976,-1.7960033597636529
1,0.41,300.0,0.275,A4:261,0.09251971762376993,2.3316024210731286e-16,within_support,1.5,scenario_assumption,A,-0.8459841098145635,-2.0633758775964965
1,0.41,300.0,0.275,A4:261,0.09251971762376993,2.3316024210731286e-16,within_support,1.5,scenario_assumption,B,-0.7363613775030976,-1.7960033597636529
1,0.41,300.0,0.5,p0,0.0,0.25199741134123815,within_support,0.0,scenario_assumption,A,-0.6855319179664603,-1.672029068210879
1,0.41,300.0,0.5,p0,0.0,0.25199741134123815,within_support,0.0,scenario_assumption,B,-0.6855319179664603,-1.672029068210879
1,0.41,300.0,0.5,p0,0.0,0.25199741134123815,within_support,0.5,scenario_assumption,A,-0.6855319179664603,-1.672029068210879
1,0.41,300.0,0.5,p0,0.0,0.25199741134123815,within_support,0.5,scenario_assumption,B,-0.6855319179664603,-1.672029068210879
1,0.41,300.0,0.5,p0,0.0,0.25199741134123815,within_support,1.0,scenario_assumption,A,-0.6855319179664603,-1.672029068210879
1,0.41,300.0,0.5,p0,0.0,0.25199741134123815,within_support,1.0,scenario_assumption,B,-0.6855319179664603,-1.672029068210879
1,0.41,300.0,0.5,p0,0.0,0.25199741134123815,within_support,1.5,scenario_assumption,A,-0.6855319179664603,-1.672029068210879
1,0.41,300.0,0.5,p0,0.0,0.25199741134123815,within_support,1.5,scenario_assumption,B,-0.6855319179664603,-1.672029068210879
1,0.41,300.0,0.5,A4:170,0.01348873365388759,2.155428822511452e-16,within_support,0.0,scenario_assumption,A,-0.6855319179664603,-1.672029068210879
1,0.41,300.0,0.5,A4:170,0.01348873365388759,2.155428822511452e-16,within_support,0.0,scenario_assumption,B,-0.6855319179664603,-1.672029068210879
1,0.41,300.0,0.5,A4:170,0.01348873365388759,2.155428822511452e-16,within_support,0.5,scenario_assumption,A,-0.6901710230212219,-1.6833439585883463
1,0.41,300.0,0.5,A4:170,0.01348873365388759,2.155428822511452e-16,within_support,0.5,scenario_assumption,B,-0.6855319179664603,-1.672029068210879
1,0.41,300.0,0.5,A4:170,0.01348873365388759,2.155428822511452e-16,within_support,1.0,scenario_assumption,A,-0.6948415216481065,-1.6947354186539183
1,0.41,300.0,0.5,A4:170,0.01348873365388759,2.155428822511452e-16,within_support,1.0,scenario_assumption,B,-0.6855319179664604,-1.672029068210879
1,0.41,300.0,0.5,A4:170,0.01348873365388759,2.155428822511452e-16,within_support,1.5,scenario_assumption,A,-0.6995436262924793,-1.706203966567023
1,0.41,300.0,0.5,A4:170,0.01348873365388759,2.155428822511452e-16,within_support,1.5,scenario_assumption,B,-0.6855319179664602,-1.6720290682108785
1,0.41,300.0,0.5,A4:261,0.09251971762376993,2.3316024210731286e-16,within_support,0.0,scenario_assumption,A,-0.6855319179664603,-1.672029068210879
1,0.41,300.0,0.5,A4:261,0.09251971762376993,2.3316024210731286e-16,within_support,0.0,scenario_assumption,B,-0.6855319179664603,-1.672029068210879
1,0.41,300.0,0.5,A4:261,0.09251971762376993,2.3316024210731286e-16,within_support,0.5,scenario_assumption,A,-0.7179894808507552,-1.7511938557335494
1,0.41,300.0,0.5,A4:261,0.09251971762376993,2.3316024210731286e-16,within_support,0.5,scenario_assumption,B,-0.6855319179664603,-1.672029068210879
1,0.41,300.0,0.5,A4:261,0.09251971762376993,2.3316024210731286e-16,within_support,1.0,scenario_assumption,A,-0.7519837969638612,-1.8341068218630763
1,0.41,300.0,0.5,A4:261,0.09251971762376993,2.3316024210731286e-16,within_support,1.0,scenario_assumption,B,-0.6855319179664602,-1.6720290682108787
1,0.41,300.0,0.5,A4:261,0.09251971762376993,2.3316024210731286e-16,within_support,1.5,scenario_assumption,A,-0.7875876262506537,-1.9209454298796433
1,0.41,300.0,0.5,A4:261,0.09251971762376993,2.3316024210731286e-16,within_support,1.5,scenario_assumption,B,-0.6855319179664601,-1.6720290682108785
1,0.41,300.0,0.8250000000000001,p0,0.0,0.25199741134123815,within_support,0.0,scenario_assumption,A,-0.6182419042727018,-1.5079070835919557
1,0.41,300.0,0.8250000000000001,p0,0.0,0.25199741134123815,within_support,0.0,scenario_assumption,B,-0.6182419042727018,-1.5079070835919557
1,0.41,300.0,0.8250000000000001,p0,0.0,0.25199741134123815,within_support,0.5,scenario_assumption,A,-0.6182419042727018,-1.5079070835919557
1,0.41,300.0,0.8250000000000001,p0,0.0,0.25199741134123815,within_support,0.5,scenario_assumption,B,-0.6182419042727018,-1.5079070835919557
1,0.41,300.0,0.8250000000000001,p0,0.0,0.25199741134123815,within_support,1.0,scenario_assumption,A,-0.6182419042727018,-1.5079070835919557
1,0.41,300.0,0.8250000000000001,p0,0.0,0.25199741134123815,within_support,1.0,scenario_assumption,B,-0.6182419042727018,-1.5079070835919557
1,0.41,300.0,0.8250000000000001,p0,0.0,0.25199741134123815,within_support,1.5,scenario_assumption,A,-0.6182419042727018,-1.5079070835919557
1,0.41,300.0,0.8250000000000001,p0,0.0,0.25199741134123815,within_support,1.5,scenario_assumption,B,-0.6182419042727018,-1.5079070835919557
1,0.41,300.0,0.8250000000000001,A4:170,0.01348873365388759,2.155428822511452e-16,within_support,0.0,scenario_assumption,A,-0.6182419042727018,-1.5079070835919557
1,0.41,300.0,0.8250000000000001,A4:170,0.01348873365388759,2.155428822511452e-16,within_support,0.0,scenario_assumption,B,-0.6182419042727018,-1.5079070835919557
1,0.41,300.0,0.8250000000000001,A4:170,0.01348873365388759,2.155428822511452e-16,within_support,0.5,scenario_assumption,A,-0.6224256469519408,-1.5181113340291241
1,0.41,300.0,0.8250000000000001,A4:170,0.01348873365388759,2.155428822511452e-16,within_support,0.5,scenario_assumption,B,-0.6182419042727016,-1.5079070835919555
1,0.41,300.0,0.8250000000000001,A4:170,0.01348873365388759,2.155428822511452e-16,within_support,1.0,scenario_assumption,A,-0.6266377016926648,-1.528384638274792
1,0.41,300.0,0.8250000000000001,A4:170,0.01348873365388759,2.155428822511452e-16,within_support,1.0,scenario_assumption,B,-0.6182419042727019,-1.5079070835919557
1,0.41,300.0,0.8250000000000001,A4:170,0.01348873365388759,2.155428822511452e-16,within_support,1.5,scenario_assumption,A,-0.6308782600871594,-1.5387274636272181
1,0.41,300.0,0.8250000000000001,A4:170,0.01348873365388759,2.155428822511452e-16,within_support,1.5,scenario_assumption,B,-0.6182419042727018,-1.5079070835919557
1,0.41,300.0,0.8250000000000001,A4:261,0.09251971762376993,2.3316024210731286e-16,within_support,0.0,scenario_assumption,A,-0.6182419042727018,-1.5079070835919557
1,0.41,300.0,0.8250000000000001,A4:261,0.09251971762376993,2.3316024210731286e-16,within_support,0.0,scenario_assumption,B,-0.6182419042727018,-1.5079070835919557
1,0.41,300.0,0.8250000000000001,A4:261,0.09251971762376993,2.3316024210731286e-16,within_support,0.5,scenario_assumption,A,-0.6475135179783953,-1.5793012633619399
1,0.41,300.0,0.8250000000000001,A4:261,0.09251971762376993,2.3316024210731286e-16,within_support,0.5,scenario_assumption,B,-0.6182419042727018,-1.5079070835919555
1,0.41,300.0,0.8250000000000001,A4:261,0.09251971762376993,2.3316024210731286e-16,within_support,1.0,scenario_assumption,A,-0.6781710412496066,-1.6540757103648944
1,0.41,300.0,0.8250000000000001,A4:261,0.09251971762376993,2.3316024210731286e-16,within_support,1.0,scenario_assumption,B,-0.6182419042727016,-1.5079070835919557
1,0.41,300.0,0.8250000000000001,A4:261,0.09251971762376993,2.3316024210731286e-16,within_support,1.5,scenario_assumption,A,-0.7102800921060013,-1.7323904685512226
1,0.41,300.0,0.8250000000000001,A4:261,0.09251971762376993,2.3316024210731286e-16,within_support,1.5,scenario_assumption,B,-0.6182419042727016,-1.5079070835919552
2,6.9,300.0,0.275,p0,0.0,0.25199741134123815,within_support,0.0,scenario_assumption,A,-27.245483038298882,-3.9486207301882437
2,6.9,300.0,0.275,p0,0.0,0.25199741134123815,within_support,0.0,scenario_assumption,B,-27.245483038298882,-3.9486207301882437
2,6.9,300.0,0.275,p0,0.0,0.25199741134123815,within_support,0.5,scenario_assumption,A,-27.245483038298882,-3.9486207301882437
2,6.9,300.0,0.275,p0,0.0,0.25199741134123815,within_support,0.5,scenario_assumption,B,-27.245483038298882,-3.9486207301882437
2,6.9,300.0,0.275,p0,0.0,0.25199741134123815,within_support,1.0,scenario_assumption,A,-27.245483038298882,-3.9486207301882437
2,6.9,300.0,0.275,p0,0.0,0.25199741134123815,within_support,1.0,scenario_assumption,B,-27.245483038298882,-3.9486207301882437
2,6.9,300.0,0.275,p0,0.0,0.25199741134123815,within_support,1.5,scenario_assumption,A,-27.245483038298882,-3.9486207301882437
2,6.9,300.0,0.275,p0,0.0,0.25199741134123815,within_support,1.5,scenario_assumption,B,-27.245483038298882,-3.9486207301882437
2,6.9,300.0,0.275,A4:170,0.01348873365388759,2.155428822511452e-16,within_support,0.0,scenario_assumption,A,-27.245483038298882,-3.9486207301882437
2,6.9,300.0,0.275,A4:170,0.01348873365388759,2.155428822511452e-16,within_support,0.0,scenario_assumption,B,-27.245483038298882,-3.9486207301882437
2,6.9,300.0,0.275,A4:170,0.01348873365388759,2.155428822511452e-16,within_support,0.5,scenario_assumption,A,-27.429857616301504,-3.975341683521957
2,6.9,300.0,0.275,A4:170,0.01348873365388759,2.155428822511452e-16,within_support,0.5,scenario_assumption,B,-27.245483038298882,-3.948620730188243
2,6.9,300.0,0.275,A4:170,0.01348873365388759,2.155428822511452e-16,within_support,1.0,scenario_assumption,A,-27.615479886810295,-4.0022434618565645
2,6.9,300.0,0.275,A4:170,0.01348873365388759,2.155428822511452e-16,within_support,1.0,scenario_assumption,B,-27.245483038298886,-3.9486207301882446
2,6.9,300.0,0.275,A4:170,0.01348873365388759,2.155428822511452e-16,within_support,1.5,scenario_assumption,A,-27.802358293161667,-4.0293272888640095
2,6.9,300.0,0.275,A4:170,0.01348873365388759,2.155428822511452e-16,within_support,1.5,scenario_assumption,B,-27.245483038298886,-3.948620730188244
2,6.9,300.0,0.275,A4:261,0.09251971762376993,2.3316024210731286e-16,within_support,0.0,scenario_assumption,A,-27.245483038298882,-3.9486207301882437
2,6.9,300.0,0.275,A4:261,0.09251971762376993,2.3316024210731286e-16,within_support,0.0,scenario_assumption,B,-27.245483038298882,-3.9486207301882437
2,6.9,300.0,0.275,A4:261,0.09251971762376993,2.3316024210731286e-16,within_support,0.5,scenario_assumption,A,-28.53546233153413,-4.135574250946975
2,6.9,300.0,0.275,A4:261,0.09251971762376993,2.3316024210731286e-16,within_support,0.5,scenario_assumption,B,-27.245483038298882,-3.9486207301882437
2,6.9,300.0,0.275,A4:261,0.09251971762376993,2.3316024210731286e-16,within_support,1.0,scenario_assumption,A,-29.886517678170105,-4.331379373647841
2,6.9,300.0,0.275,A4:261,0.09251971762376993,2.3316024210731286e-16,within_support,1.0,scenario_assumption,B,-27.245483038298886,-3.948620730188244
2,6.9,300.0,0.275,A4:261,0.09251971762376993,2.3316024210731286e-16,within_support,1.5,scenario_assumption,A,-31.301540817879346,-4.536455190997007
2,6.9,300.0,0.275,A4:261,0.09251971762376993,2.3316024210731286e-16,within_support,1.5,scenario_assumption,B,-27.24548303829889,-3.948620730188244
2,6.9,300.0,0.5,p0,0.0,0.25199741134123815,within_support,0.0,scenario_assumption,A,-25.36478529944236,-3.6760558404988926
2,6.9,300.0,0.5,p0,0.0,0.25199741134123815,within_support,0.0,scenario_assumption,B,-25.36478529944236,-3.6760558404988926
2,6.9,300.0,0.5,p0,0.0,0.25199741134123815,within_support,0.5,scenario_assumption,A,-25.36478529944236,-3.6760558404988926
2,6.9,300.0,0.5,p0,0.0,0.25199741134123815,within_support,0.5,scenario_assumption,B,-25.36478529944236,-3.6760558404988926
2,6.9,300.0,0.5,p0,0.0,0.25199741134123815,within_support,1.0,scenario_assumption,A,-25.36478529944236,-3.6760558404988926
2,6.9,300.0,0.5,p0,0.0,0.25199741134123815,within_support,1.0,scenario_assumption,B,-25.36478529944236,-3.6760558404988926
2,6.9,300.0,0.5,p0,0.0,0.25199741134123815,within_support,1.5,scenario_assumption,A,-25.36478529944236,-3.6760558404988926
2,6.9,300.0,0.5,p0,0.0,0.25199741134123815,within_support,1.5,scenario_assumption,B,-25.36478529944236,-3.6760558404988926
2,6.9,300.0,0.5,A4:170,0.01348873365388759,2.155428822511452e-16,within_support,0.0,scenario_assumption,A,-25.36478529944236,-3.6760558404988926
2,6.9,300.0,0.5,A4:170,0.01348873365388759,2.155428822511452e-16,within_support,0.0,scenario_assumption,B,-25.36478529944236,-3.6760558404988926
2,6.9,300.0,0.5,A4:170,0.01348873365388759,2.155428822511452e-16,within_support,0.5,scenario_assumption,A,-25.536432892518174,-3.7009323032635026
2,6.9,300.0,0.5,A4:170,0.01348873365388759,2.155428822511452e-16,within_support,0.5,scenario_assumption,B,-25.364785299442364,-3.6760558404988926
2,6.9,300.0,0.5,A4:170,0.01348873365388759,2.155428822511452e-16,within_support,1.0,scenario_assumption,A,-25.70924205254048,-3.7259771090638374
2,6.9,300.0,0.5,A4:170,0.01348873365388759,2.155428822511452e-16,within_support,1.0,scenario_assumption,B,-25.364785299442364,-3.676055840498893
2,6.9,300.0,0.5,A4:170,0.01348873365388759,2.155428822511452e-16,within_support,1.5,scenario_assumption,A,-25.88322064002014,-3.751191397104368
2,6.9,300.0,0.5,A4:170,0.01348873365388759,2.155428822511452e-16,within_support,1.5,scenario_assumption,B,-25.36478529944236,-3.6760558404988926
2,6.9,300.0,0.5,A4:261,0.09251971762376993,2.3316024210731286e-16,within_support,0.0,scenario_assumption,A,-25.36478529944236,-3.6760558404988926
2,6.9,300.0,0.5,A4:261,0.09251971762376993,2.3316024210731286e-16,within_support,0.0,scenario_assumption,B,-25.36478529944236,-3.6760558404988926
2,6.9,300.0,0.5,A4:261,0.09251971762376993,2.3316024210731286e-16,within_support,0.5,scenario_assumption,A,-26.565720066047305,-3.8501043573981595
2,6.9,300.0,0.5,A4:261,0.09251971762376993,2.3316024210731286e-16,within_support,0.5,scenario_assumption,B,-25.36478529944236,-3.6760558404988926
2,6.9,300.0,0.5,A4:261,0.09251971762376993,2.3316024210731286e-16,within_support,1.0,scenario_assumption,A,-27.82351493600476,-4.032393468986196
2,6.9,300.0,0.5,A4:261,0.09251971762376993,2.3316024210731286e-16,within_support,1.0,scenario_assumption,B,-25.36478529944236,-3.6760558404988926
2,6.9,300.0,0.5,A4:261,0.09251971762376993,2.3316024210731286e-16,within_support,1.5,scenario_assumption,A,-29.140862038348825,-4.223313338891134
2,6.9,300.0,0.5,A4:261,0.09251971762376993,2.3316024210731286e-16,within_support,1.5,scenario_assumption,B,-25.364785299442357,-3.676055840498892
2,6.9,300.0,0.8250000000000001,p0,0.0,0.25199741134123815,within_support,0.0,scenario_assumption,A,-22.875044551554634,-3.315223848051396
2,6.9,300.0,0.8250000000000001,p0,0.0,0.25199741134123815,within_support,0.0,scenario_assumption,B,-22.875044551554634,-3.315223848051396
2,6.9,300.0,0.8250000000000001,p0,0.0,0.25199741134123815,within_support,0.5,scenario_assumption,A,-22.875044551554634,-3.315223848051396
2,6.9,300.0,0.8250000000000001,p0,0.0,0.25199741134123815,within_support,0.5,scenario_assumption,B,-22.875044551554634,-3.315223848051396
2,6.9,300.0,0.8250000000000001,p0,0.0,0.25199741134123815,within_support,1.0,scenario_assumption,A,-22.875044551554634,-3.315223848051396
2,6.9,300.0,0.8250000000000001,p0,0.0,0.25199741134123815,within_support,1.0,scenario_assumption,B,-22.875044551554634,-3.315223848051396
2,6.9,300.0,0.8250000000000001,p0,0.0,0.25199741134123815,within_support,1.5,scenario_assumption,A,-22.875044551554634,-3.315223848051396
2,6.9,300.0,0.8250000000000001,p0,0.0,0.25199741134123815,within_support,1.5,scenario_assumption,B,-22.875044551554634,-3.315223848051396
2,6.9,300.0,0.8250000000000001,A4:170,0.01348873365388759,2.155428822511452e-16,within_support,0.0,scenario_assumption,A,-22.875044551554634,-3.315223848051396
2,6.9,300.0,0.8250000000000001,A4:170,0.01348873365388759,2.155428822511452e-16,within_support,0.0,scenario_assumption,B,-22.875044551554634,-3.315223848051396
2,6.9,300.0,0.8250000000000001,A4:170,0.01348873365388759,2.155428822511452e-16,within_support,0.5,scenario_assumption,A,-23.02984366743213,-3.337658502526396
2,6.9,300.0,0.8250000000000001,A4:170,0.01348873365388759,2.155428822511452e-16,within_support,0.5,scenario_assumption,B,-22.87504455155463,-3.315223848051396
2,6.9,300.0,0.8250000000000001,A4:170,0.01348873365388759,2.155428822511452e-16,within_support,1.0,scenario_assumption,A,-23.18569033389353,-3.360244975926598
2,6.9,300.0,0.8250000000000001,A4:170,0.01348873365388759,2.155428822511452e-16,within_support,1.0,scenario_assumption,B,-22.875044551554637,-3.3152238480513962
2,6.9,300.0,0.8250000000000001,A4:170,0.01348873365388759,2.155428822511452e-16,within_support,1.5,scenario_assumption,A,-23.34259163988256,-3.3829842956351537
2,6.9,300.0,0.8250000000000001,A4:170,0.01348873365388759,2.155428822511452e-16,within_support,1.5,scenario_assumption,B,-22.875044551554634,-3.3152238480513967
2,6.9,300.0,0.8250000000000001,A4:261,0.09251971762376993,2.3316024210731286e-16,within_support,0.0,scenario_assumption,A,-22.875044551554634,-3.315223848051396
2,6.9,300.0,0.8250000000000001,A4:261,0.09251971762376993,2.3316024210731286e-16,within_support,0.0,scenario_assumption,B,-22.875044551554634,-3.315223848051396
2,6.9,300.0,0.8250000000000001,A4:261,0.09251971762376993,2.3316024210731286e-16,within_support,0.5,scenario_assumption,A,-23.958098713665084,-3.4721882193717506
2,6.9,300.0,0.8250000000000001,A4:261,0.09251971762376993,2.3316024210731286e-16,within_support,0.5,scenario_assumption,B,-22.875044551554634,-3.315223848051396
2,6.9,300.0,0.8250000000000001,A4:261,0.09251971762376993,2.3316024210731286e-16,within_support,1.0,scenario_assumption,A,-25.0924317406285,-3.6365843102360143
2,6.9,300.0,0.8250000000000001,A4:261,0.09251971762376993,2.3316024210731286e-16,within_support,1.0,scenario_assumption,B,-22.875044551554634,-3.3152238480513962
2,6.9,300.0,0.8250000000000001,A4:261,0.09251971762376993,2.3316024210731286e-16,within_support,1.5,scenario_assumption,A,-26.280471509159263,-3.8087639868346757
2,6.9,300.0,0.8250000000000001,A4:261,0.09251971762376993,2.3316024210731286e-16,within_support,1.5,scenario_assumption,B,-22.875044551554634,-3.315223848051396
