bootstrap,N,D,Q,L
0,6.158713849502044,123.23244204445331,1.0,2.191416346503644
1,7.724138088790703,99.20716365273763,1.0,2.1743929093404013
2,4.961756870093619,151.23709613293602,1.0,2.190431809192514
3,4.892253857804203,153.25945168375574,1.0,2.182303981067797
4,6.369800332788875,119.33550455383424,1.0,2.186890119705814
5,5.19828825066907,144.7373556482096,1.0,2.1789033366924326
6,5.861655961310849,129.16839848713482,1.0,2.1903523931583373
7,5.726196573035749,132.06931750347454,1.0,2.173811660790472
8,5.774645252422264,131.01692062499072,1.0,2.1742773157849378
9,6.713531105200913,113.49138271800143,1.0,2.194895735232841
10,5.213156222315445,144.34740501912853,1.0,2.1853131596112583
11,8.297749834696717,92.59253695944342,1.0,2.1771628167367902
12,6.857945809105641,111.20335914736917,1.0,2.185652851405803
13,7.842599254179048,97.76481614517274,1.0,2.187273411563261
14,6.08224674413403,124.70767695447084,1.0,2.1746746384267928
15,4.949676476418893,151.58476295886368,1.0,2.172172853164885
16,8.63904088369479,89.05949029596198,1.0,2.1782399174313927
17,6.634965603866859,114.77612081381241,1.0,2.1929823629169993
18,6.450511823740371,117.90982044751205,1.0,2.1788762442195924
19,7.314063839477665,104.5464486509216,1.0,2.1836809260793775
20,4.955709738565119,151.41092954589985,1.0,2.1794506447113644
21,6.6606284947222365,114.35328278227874,1.0,2.1947248937084494
22,6.815227102856573,111.87050359712231,1.0,2.1783334388399993
23,7.201572267808913,106.11307876775504,1.0,2.172905376103944
24,7.781584712872811,98.5024336001815,1.0,2.167052553565793
25,5.539793300977847,136.28103441756866,1.0,2.1777971807430676
26,6.33061189091635,120.0402346063904,1.0,2.1922924739328162
27,5.814907713113786,130.1550205607134,1.0,2.1651753545016117
28,5.889143887946115,128.59521804438916,1.0,2.184270821925273
29,4.874311259186209,153.79034832334804,1.0,2.180942740246908
30,5.663977472265007,133.4458902061342,1.0,2.1894665421591344
31,6.425448223336806,118.34888248025565,1.0,2.2048879306018514
32,6.429191090331318,118.28310767535041,1.0,2.1820224932050127
33,5.643661202990746,133.9016156401205,1.0,2.177481694633964
34,6.706854556831337,113.59944132606005,1.0,2.1775116591446677
35,5.121831438592915,146.77637460027202,1.0,2.18891808909407
36,5.708440085772792,132.45926813255562,1.0,2.172450283915863
37,7.10835059519759,107.44736766726132,1.0,2.180866028672483
38,6.940601685627666,109.93484505276813,1.0,2.179026504257264
39,6.764160768927533,112.67859405738668,1.0,2.169442616759171
40,6.675830068498871,114.1042781637089,1.0,2.182707602467053
41,7.749696400843841,98.89238422926257,1.0,2.1800640469993864
42,7.118088443577609,107.30642165675009,1.0,2.17628743001636
43,5.943479353440182,127.47704636100008,1.0,2.19003150717085
44,7.460642020671746,102.57320450376442,1.0,2.180875433767592
45,5.926025227887215,127.83410958762852,1.0,2.1815047713590543
46,5.253039347811956,143.3116715418874,1.0,2.1821631509497075
47,5.993028029909208,126.47420028621156,1.0,2.202351187213434
48,8.421289824366026,91.28173906168901,1.0,2.1745498085254775
49,6.338412725330471,119.89928859587916,1.0,2.187352424607112
50,6.389304289305705,118.98783772790655,1.0,2.1817464070482253
51,5.873567410051999,128.91939386856498,1.0,2.1856856787352297
52,6.419308251099907,118.45694108831425,1.0,2.17973082225467
53,7.5252019929053295,101.72752844069704,1.0,2.167596442926846
54,5.041485163933182,148.98195996475636,1.0,2.181189264387684
55,5.881910260400801,128.74556045560115,1.0,2.1808692693625913
56,7.758507705054933,98.78432562120395,1.0,2.1845420511578952
57,6.173534216769723,122.95055002343086,1.0,2.190188977041479
58,6.111255288944312,124.14389291242593,1.0,2.179771542603476
59,6.3776936289489115,119.19455854332303,1.0,2.1746960849356527
