row,eta,Lctx,cost_type,C,checked,success,local_loss,grid_loss,relative_improvement,budget_remaining_C18
0,0.0001,2048,exp,1e+19,True,True,3.230760896662174,3.2307608968758865,6.614930971105983e-11,-7.105427357601002e-14
15,0.0001,4096,log,1e+19,True,True,3.2429780413821705,3.2429780413821705,0.0,0.0
30,0.0001,32768,pow,1e+19,True,True,3.341569451754034,3.341569451754034,0.0,0.0
45,0.0002,2048,pow,1e+19,True,True,3.2429780413821705,3.2429780413821705,0.0,0.0
61,0.0002,8192,exp,1e+22,True,True,2.138268216468497,2.138268216468497,0.0,0.0
76,0.0002,32768,log,1e+22,True,True,2.1789038800438356,2.1789038800438356,0.0,0.0
91,0.0004,2048,log,1e+22,True,True,2.1240924525782585,2.1240924525782585,0.0,0.0
106,0.0004,8192,pow,1e+22,True,True,2.156274449690371,2.156274449690371,0.0,0.0
122,0.0004,131072,log,1e+24,True,True,1.988764207340827,1.988764207340827,0.0,579636.9954357157
