eta,Lctx,cost_type,C,feasible,N,D,Q,L,budget_used_fraction,idle_fraction,s_train,s_attention,s_quality,dominant_cost,N_status,D_status,Q_status
0.0001,2048,exp,1e+19,True,0.14994311500360996,10.0,0.5496073098812826,3.2307608968758865,1.0,0.0,0.8996586900216597,0.03070834995273932,0.06963296002560103,train,interior,min,interior
0.0001,2048,exp,1e+22,True,8.067437771101863,185.5622530171025,1.0,2.120583809424512,1.0,0.0,0.89820715732856,0.03065880430348152,0.0711340383679584,train,interior,interior,max
0.0001,2048,exp,1e+24,True,11.97,600.0,1.0,1.988764207340827,0.046862933139417286,0.9531370668605827,0.043092000000000005,0.0014708736000000001,0.002300059539417285,train,max,max,max
0.0001,2048,pow,1e+19,True,0.16116554925219187,10.0,0.5,3.2347946080655383,1.0,0.0,0.9669932955131513,0.0330067044868489,0.0,train,interior,min,reference
0.0001,2048,pow,1e+22,True,8.323571076106994,177.5139720925674,1.0,2.121991457206585,0.9999999999999998,2.220446049250313e-16,0.8865300982287349,0.030260227352874154,0.08320967441839097,train,interior,interior,max
0.0001,2048,pow,1e+24,True,11.97,600.0,1.0,1.988764207340827,0.0473753736,0.9526246264,0.043092000000000005,0.0014708736000000001,0.0028125,train,max,max,max
0.0001,2048,log,1e+19,True,0.16116554925219187,10.0,0.5,3.2347946080655383,1.0,0.0,0.9669932955131513,0.0330067044868489,0.0,train,interior,min,reference
0.0001,2048,log,1e+22,True,7.213510649997205,217.53003891465428,1.0,2.115859350851162,1.0,0.0,0.9414931514430991,0.03213629956925779,0.026370548987643207,train,interior,interior,max
0.0001,2048,log,1e+24,True,11.97,600.0,1.0,1.988764207340827,0.04529023656428438,0.9547097634357156,0.043092000000000005,0.0014708736000000001,0.000727362964284379,train,max,max,max
0.0001,4096,exp,1e+19,True,0.14541830761240856,10.0,0.5485527060869526,3.2391086287091158,1.0000000000000002,0.0,0.8725098456744513,0.059563338798042556,0.06792681552750618,train,interior,min,interior
0.0001,4096,exp,1e+22,True,7.971412199845436,182.0598374477973,1.0,2.1233219069711122,1.0,0.0,0.8707644055999489,0.05944418342228985,0.06979141097776105,train,interior,interior,max
0.0001,4096,exp,1e+24,True,11.97,600.0,1.0,1.988764207340827,0.04833380673941729,0.9516661932605827,0.043092000000000005,0.0029417472000000003,0.002300059539417285,train,max,max,max
0.0001,4096,pow,1e+19,True,0.15601597603594608,10.0,0.5,3.2429780413821705,1.0,0.0,0.9360958562156764,0.06390414378432352,0.0,train,interior,min,reference
0.0001,4096,pow,1e+22,True,8.218960886585412,174.31396043770624,1.0,2.1247060506223416,1.0000000000000002,0.0,0.8596077736939828,0.05868255735084256,0.0817096689551748,train,interior,interior,max
0.0001,4096,pow,1e+24,True,11.97,600.0,1.0,1.988764207340827,0.048846247200000005,0.9511537528,0.043092000000000005,0.0029417472000000003,0.0028125,train,max,max,max
0.0001,4096,log,1e+19,True,0.15601597603594608,10.0,0.5,3.2429780413821705,1.0,0.0,0.9360958562156764,0.06390414378432352,0.0,train,interior,min,reference
0.0001,4096,log,1e+22,True,7.142025602650294,212.8121471465953,1.0,2.118683505236524,1.0,0.0,0.9119458820855793,0.06225550555037555,0.025798612364045164,train,interior,interior,max
0.0001,4096,log,1e+24,True,11.97,600.0,1.0,1.988764207340827,0.046761110164284386,0.9532388898357156,0.043092000000000005,0.0029417472000000003,0.000727362964284379,train,max,max,max
0.0001,8192,exp,1e+19,True,0.13716712735443864,10.0,0.5464957262902468,3.2552316705803372,1.0,0.0,0.8230027641266318,0.11236731072875614,0.06462992514461192,train,interior,min,interior
0.0001,8192,exp,1e+22,True,7.7922731031807695,175.52943663646005,1.0,2.1285703245149628,1.0,0.0,0.8206639847512565,0.1120479893847049,0.06728802586403862,train,interior,interior,max
0.0001,8192,exp,1e+24,True,11.97,600.0,1.0,1.988764207340827,0.05127555393941729,0.9487244460605827,0.043092000000000005,0.0058834944000000005,0.002300059539417285,train,max,max,max
0.0001,8192,pow,1e+19,True,0.14664476771468793,10.0,0.5,3.2587955355850786,1.0,0.0,0.8798686062881276,0.12013139371187236,0.0,train,interior,min,reference
0.0001,8192,pow,1e+22,True,8.02853738837879,168.249042861083,1.0,2.1299104408868814,1.0,0.0,0.8104762387014903,0.11065702245737682,0.07886673884113267,train,interior,interior,max
0.0001,8192,pow,1e+24,True,11.97,600.0,1.0,1.988764207340827,0.0517879944,0.9482120056,0.043092000000000005,0.0058834944000000005,0.0028125,train,max,max,max
0.0001,8192,log,1e+19,True,0.14664476771468793,10.0,0.5,3.2587955355850786,1.0,0.0,0.8798686062881276,0.12013139371187236,0.0,train,interior,min,reference
0.0001,8192,log,1e+22,True,7.007890206708218,204.07964806292566,1.0,2.1240924525782585,1.0,0.0,0.858100660229182,0.11715934347662431,0.02473999629419374,train,interior,interior,max
0.0001,8192,log,1e+24,True,11.97,600.0,1.0,1.988764207340827,0.049702857364284384,0.9502971426357156,0.043092000000000005,0.0058834944000000005,0.000727362964284379,train,max,max,max
0.0001,32768,exp,1e+19,True,0.10252551949492249,10.0,0.5363103051459216,3.3393625150864836,1.0,0.0,0.6151531169695349,0.33595562228096204,0.04889126074950314,train,interior,min,interior
0.0001,32768,exp,1e+22,True,6.982012165534493,145.76374901124063,1.0,2.1551375464584623,1.0,0.0,0.6106345613342391,0.3334878884300058,0.05587755023575513,train,interior,interior,max
0.0001,32768,exp,1e+24,True,11.97,600.0,1.0,1.988764207340827,0.06892603713941728,0.9310739628605827,0.043092000000000005,0.023533977600000002,0.002300059539417285,train,max,max,max
0.0001,32768,pow,1e+19,True,0.1077957916522939,10.0,0.5,3.341569451754034,1.0,0.0,0.6467747499137634,0.3532252500862367,0.0,train,interior,min,reference
0.0001,32768,pow,1e+22,True,7.161579258333692,140.59944030178144,1.0,2.156274449690371,1.0,0.0,0.6041484212391385,0.32994559111940147,0.06590598764146005,train,interior,interior,max
0.0001,32768,pow,1e+24,True,11.97,600.0,1.0,1.988764207340827,0.06943847759999999,0.9305615224,0.043092000000000005,0.023533977600000002,0.0028125,train,max,max,max
0.0001,32768,log,1e+19,True,0.1077957916522939,10.0,0.5,3.341569451754034,1.0,0.0,0.6467747499137634,0.3532252500862367,0.0,train,interior,min,reference
0.0001,32768,log,1e+22,True,6.38971963805821,165.3208919346043,1.0,2.1513893056458997,1.0,0.0,0.6338124898655042,0.34614612779854737,0.020041382335948547,train,interior,interior,max
0.0001,32768,log,1e+24,True,11.97,600.0,1.0,1.988764207340827,0.06735334056428438,0.9326466594357157,0.043092000000000005,0.023533977600000002,0.000727362964284379,train,max,max,max
0.0001,131072,exp,1e+19,False,,,,,,,,,,,,,
0.0001,131072,exp,1e+22,True,5.485277257195815,92.04566901055196,1.0,2.220675782481802,1.0,0.0,0.30293760890817256,0.6617773045801999,0.035285086511627664,attention,interior,interior,max
0.0001,131072,exp,1e+24,True,11.97,600.0,1.0,1.988764207340827,0.1395279699394173,0.8604720300605827,0.043092000000000005,0.09413591040000001,0.002300059539417285,attention,max,max,max
0.0001,131072,pow,1e+19,False,,,,,,,,,,,,,
0.0001,131072,pow,1e+22,True,5.577810541380729,89.87645814067218,1.0,2.221431526637437,0.9999999999999998,2.220446049250313e-16,0.3007883133834031,0.6570820968631569,0.04212958975344008,attention,interior,interior,max
0.0001,131072,pow,1e+24,True,11.97,600.0,1.0,1.988764207340827,0.14004041039999998,0.8599595896000001,0.043092000000000005,0.09413591040000001,0.0028125,attention,max,max,max
0.0001,131072,log,1e+19,False,,,,,,,,,,,,,
0.0001,131072,log,1e+22,True,5.183438752556727,99.74736730924022,1.0,2.2182461717214643,1.0,0.0,0.3102206215057355,0.6776872883666627,0.012092090127601953,attention,interior,interior,max
0.0001,131072,log,1e+24,True,11.97,600.0,1.0,1.988764207340827,0.13795527336428437,0.8620447266357156,0.043092000000000005,0.09413591040000001,0.000727362964284379,attention,max,max,max
0.0002,2048,exp,1e+19,True,0.14541830761240856,10.0,0.5485527060869526,3.2391086287091158,1.0000000000000002,0.0,0.8725098456744513,0.059563338798042556,0.06792681552750618,train,interior,min,interior
0.0002,2048,exp,1e+22,True,7.971412199845436,182.0598374477973,1.0,2.1233219069711122,1.0,0.0,0.8707644055999489,0.05944418342228985,0.06979141097776105,train,interior,interior,max
0.0002,2048,exp,1e+24,True,11.97,600.0,1.0,1.988764207340827,0.04833380673941729,0.9516661932605827,0.043092000000000005,0.0029417472000000003,0.002300059539417285,train,max,max,max
0.0002,2048,pow,1e+19,True,0.15601597603594608,10.0,0.5,3.2429780413821705,1.0,0.0,0.9360958562156764,0.06390414378432352,0.0,train,interior,min,reference
0.0002,2048,pow,1e+22,True,8.218960886585412,174.31396043770624,1.0,2.1247060506223416,1.0000000000000002,0.0,0.8596077736939828,0.05868255735084256,0.0817096689551748,train,interior,interior,max
0.0002,2048,pow,1e+24,True,11.97,600.0,1.0,1.988764207340827,0.048846247200000005,0.9511537528,0.043092000000000005,0.0029417472000000003,0.0028125,train,max,max,max
0.0002,2048,log,1e+19,True,0.15601597603594608,10.0,0.5,3.2429780413821705,1.0,0.0,0.9360958562156764,0.06390414378432352,0.0,train,interior,min,reference
0.0002,2048,log,1e+22,True,7.142025602650294,212.8121471465953,1.0,2.118683505236524,1.0,0.0,0.9119458820855793,0.06225550555037555,0.025798612364045164,train,interior,interior,max
0.0002,2048,log,1e+24,True,11.97,600.0,1.0,1.988764207340827,0.046761110164284386,0.9532388898357156,0.043092000000000005,0.0029417472000000003,0.000727362964284379,train,max,max,max
0.0002,4096,exp,1e+19,True,0.13716712735443864,10.0,0.5464957262902468,3.2552316705803372,1.0,0.0,0.8230027641266318,0.11236731072875614,0.06462992514461192,train,interior,min,interior
0.0002,4096,exp,1e+22,True,7.7922731031807695,175.52943663646005,1.0,2.1285703245149628,1.0,0.0,0.8206639847512565,0.1120479893847049,0.06728802586403862,train,interior,interior,max
0.0002,4096,exp,1e+24,True,11.97,600.0,1.0,1.988764207340827,0.05127555393941729,0.9487244460605827,0.043092000000000005,0.0058834944000000005,0.002300059539417285,train,max,max,max
0.0002,4096,pow,1e+19,True,0.14664476771468793,10.0,0.5,3.2587955355850786,1.0,0.0,0.8798686062881276,0.12013139371187236,0.0,train,interior,min,reference
0.0002,4096,pow,1e+22,True,8.02853738837879,168.249042861083,1.0,2.1299104408868814,1.0,0.0,0.8104762387014903,0.11065702245737682,0.07886673884113267,train,interior,interior,max
0.0002,4096,pow,1e+24,True,11.97,600.0,1.0,1.988764207340827,0.0517879944,0.9482120056,0.043092000000000005,0.0058834944000000005,0.0028125,train,max,max,max
0.0002,4096,log,1e+19,True,0.14664476771468793,10.0,0.5,3.2587955355850786,1.0,0.0,0.8798686062881276,0.12013139371187236,0.0,train,interior,min,reference
0.0002,4096,log,1e+22,True,7.007890206708218,204.07964806292566,1.0,2.1240924525782585,1.0,0.0,0.858100660229182,0.11715934347662431,0.02473999629419374,train,interior,interior,max
0.0002,4096,log,1e+24,True,11.97,600.0,1.0,1.988764207340827,0.049702857364284384,0.9502971426357156,0.043092000000000005,0.0058834944000000005,0.000727362964284379,train,max,max,max
0.0002,8192,exp,1e+19,True,0.12322432149883529,10.0,0.5427714948262894,3.285450286735794,1.0,0.0,0.7393459289930118,0.20189072834369176,0.05876334266329651,train,interior,min,interior
0.0002,8192,exp,1e+22,True,7.479415490161822,164.03069383838613,1.0,2.138268216468497,1.0,0.0,0.7361122274140899,0.20100771223254082,0.06288006035336934,train,interior,interior,max
0.0002,8192,exp,1e+24,True,11.97,600.0,1.0,1.988764207340827,0.05715904833941729,0.9428409516605827,0.043092000000000005,0.011766988800000001,0.002300059539417285,train,max,max,max
0.0002,8192,pow,1e+19,True,0.13091746962714704,10.0,0.5,3.2884820504120427,0.9999999999999998,2.220446049250313e-16,0.7855048177628823,0.21449518223711772,0.0,train,interior,min,reference
0.0002,8192,pow,1e+22,True,7.69225884836247,157.61919363591602,1.0,2.1395304363495273,1.0,0.0,0.7274685821505794,0.19864742083258494,0.07388399701683564,train,interior,interior,max
0.0002,8192,pow,1e+24,True,11.97,600.0,1.0,1.988764207340827,0.057671488800000004,0.9423285111999999,0.043092000000000005,0.011766988800000001,0.0028125,train,max,max,max
0.0002,8192,log,1e+19,True,0.13091746962714704,10.0,0.5,3.2884820504120427,0.9999999999999998,2.220446049250313e-16,0.7855048177628823,0.21449518223711772,0.0,train,interior,min,reference
0.0002,8192,log,1e+22,True,6.7720366079290075,188.89381428177413,1.0,2.134072226694614,1.0,0.0,0.7675174951965106,0.2095834440216605,0.022899060781829034,train,interior,interior,max
0.0002,8192,log,1e+24,True,11.97,600.0,1.0,1.988764207340827,0.055586351764284385,0.9444136482357156,0.043092000000000005,0.011766988800000001,0.000727362964284379,train,max,max,max
0.0002,32768,exp,1e+19,True,0.07694908118094877,10.0,0.5260726562096426,3.4289936933677723,1.0,0.0,0.4616944870856926,0.5042934984274658,0.0340120144868415,attention,interior,min,interior
0.0002,32768,exp,1e+22,True,6.294019608067617,120.70583395332558,1.0,2.1820377150721577,1.0,0.0,0.4558349314262311,0.4978933010991581,0.04627176747461088,attention,interior,interior,max
0.0002,32768,exp,1e+24,True,11.97,600.0,1.0,1.988764207340827,0.09246001473941728,0.9075399852605828,0.043092000000000005,0.047067955200000004,0.002300059539417285,attention,max,max,max
0.0002,32768,pow,1e+19,True,0.07965842467499364,10.0,0.5,3.430151971480811,1.0,0.0,0.47795054804996184,0.5220494519500383,0.0,attention,interior,min,reference
0.0002,32768,pow,1e+22,True,6.431196118116756,117.06563706563706,1.0,2.182999346916259,1.0,0.0,0.45172324239683415,0.4934022402286487,0.05487451737451737,attention,interior,interior,max
0.0002,32768,pow,1e+24,True,11.97,600.0,1.0,1.988764207340827,0.0929724552,0.9070275448,0.043092000000000005,0.047067955200000004,0.0028125,attention,max,max,max
0.0002,32768,log,1e+19,True,0.07965842467499364,10.0,0.5,3.430151971480811,1.0,0.0,0.47795054804996184,0.5220494519500383,0.0,attention,interior,min,reference
0.0002,32768,log,1e+22,True,5.847946083212826,134.00326468553894,1.0,2.1789038800438356,1.0,0.0,0.47018632011331746,0.5135688445824396,0.016244835304242974,attention,interior,interior,max
0.0002,32768,log,1e+24,True,11.97,600.0,1.0,1.988764207340827,0.09088731816428437,0.9091126818357156,0.043092000000000005,0.047067955200000004,0.000727362964284379,attention,max,max,max
0.0002,131072,exp,1e+19,False,,,,,,,,,,,,,
0.0002,131072,exp,1e+22,True,4.661298244943365,64.9374436916243,1.0,2.27078374553653,1.0,0.0,0.18161567538652615,0.7934909934754252,0.02489333113804887,attention,interior,interior,max
0.0002,131072,exp,1e+24,True,11.97,600.0,1.0,1.988764207340827,0.2336638803394173,0.7663361196605827,0.043092000000000005,0.18827182080000002,0.002300059539417285,attention,max,max,max
0.0002,131072,pow,1e+19,False,,,,,,,,,,,,,
0.0002,131072,pow,1e+22,True,4.717577530831207,63.83192100917853,1.0,2.271337466854318,1.0,0.0,0.18067922178161586,0.7893995652453318,0.029921212973052433,attention,interior,interior,max
0.0002,131072,pow,1e+24,True,11.97,600.0,1.0,1.988764207340827,0.23417632079999998,0.7658236792,0.043092000000000005,0.18827182080000002,0.0028125,attention,max,max,max
0.0002,131072,log,1e+19,False,,,,,,,,,,,,,
0.0002,131072,log,1e+22,True,4.476430464322208,68.76737559346255,1.0,2.2690269929861113,1.0,0.0,0.1846994250348379,0.8069641012722093,0.008336473692953029,attention,interior,interior,max
0.0002,131072,log,1e+24,True,11.97,600.0,1.0,1.988764207340827,0.23209118376428436,0.7679088162357156,0.043092000000000005,0.18827182080000002,0.000727362964284379,attention,max,max,max
0.0004,2048,exp,1e+19,True,0.13716712735443864,10.0,0.5464957262902468,3.2552316705803372,1.0,0.0,0.8230027641266318,0.11236731072875614,0.06462992514461192,train,interior,min,interior
0.0004,2048,exp,1e+22,True,7.7922731031807695,175.52943663646005,1.0,2.1285703245149628,1.0,0.0,0.8206639847512565,0.1120479893847049,0.06728802586403862,train,interior,interior,max
0.0004,2048,exp,1e+24,True,11.97,600.0,1.0,1.988764207340827,0.05127555393941729,0.9487244460605827,0.043092000000000005,0.0058834944000000005,0.002300059539417285,train,max,max,max
0.0004,2048,pow,1e+19,True,0.14664476771468793,10.0,0.5,3.2587955355850786,1.0,0.0,0.8798686062881276,0.12013139371187236,0.0,train,interior,min,reference
0.0004,2048,pow,1e+22,True,8.02853738837879,168.249042861083,1.0,2.1299104408868814,1.0,0.0,0.8104762387014903,0.11065702245737682,0.07886673884113267,train,interior,interior,max
0.0004,2048,pow,1e+24,True,11.97,600.0,1.0,1.988764207340827,0.0517879944,0.9482120056,0.043092000000000005,0.0058834944000000005,0.0028125,train,max,max,max
0.0004,2048,log,1e+19,True,0.14664476771468793,10.0,0.5,3.2587955355850786,1.0,0.0,0.8798686062881276,0.12013139371187236,0.0,train,interior,min,reference
0.0004,2048,log,1e+22,True,7.007890206708218,204.07964806292566,1.0,2.1240924525782585,1.0,0.0,0.858100660229182,0.11715934347662431,0.02473999629419374,train,interior,interior,max
0.0004,2048,log,1e+24,True,11.97,600.0,1.0,1.988764207340827,0.049702857364284384,0.9502971426357156,0.043092000000000005,0.0058834944000000005,0.000727362964284379,train,max,max,max
0.0004,4096,exp,1e+19,True,0.12322432149883529,10.0,0.5427714948262894,3.285450286735794,1.0,0.0,0.7393459289930118,0.20189072834369176,0.05876334266329651,train,interior,min,interior
0.0004,4096,exp,1e+22,True,7.479415490161822,164.03069383838613,1.0,2.138268216468497,1.0,0.0,0.7361122274140899,0.20100771223254082,0.06288006035336934,train,interior,interior,max
0.0004,4096,exp,1e+24,True,11.97,600.0,1.0,1.988764207340827,0.05715904833941729,0.9428409516605827,0.043092000000000005,0.011766988800000001,0.002300059539417285,train,max,max,max
0.0004,4096,pow,1e+19,True,0.13091746962714704,10.0,0.5,3.2884820504120427,0.9999999999999998,2.220446049250313e-16,0.7855048177628823,0.21449518223711772,0.0,train,interior,min,reference
0.0004,4096,pow,1e+22,True,7.69225884836247,157.61919363591602,1.0,2.1395304363495273,1.0,0.0,0.7274685821505794,0.19864742083258494,0.07388399701683564,train,interior,interior,max
0.0004,4096,pow,1e+24,True,11.97,600.0,1.0,1.988764207340827,0.057671488800000004,0.9423285111999999,0.043092000000000005,0.011766988800000001,0.0028125,train,max,max,max
0.0004,4096,log,1e+19,True,0.13091746962714704,10.0,0.5,3.2884820504120427,0.9999999999999998,2.220446049250313e-16,0.7855048177628823,0.21449518223711772,0.0,train,interior,min,reference
0.0004,4096,log,1e+22,True,6.7720366079290075,188.89381428177413,1.0,2.134072226694614,1.0,0.0,0.7675174951965106,0.2095834440216605,0.022899060781829034,train,interior,interior,max
0.0004,4096,log,1e+24,True,11.97,600.0,1.0,1.988764207340827,0.055586351764284385,0.9444136482357156,0.043092000000000005,0.011766988800000001,0.000727362964284379,train,max,max,max
0.0004,8192,exp,1e+19,True,0.10252551949492249,10.0,0.5363103051459216,3.3393625150864836,1.0,0.0,0.6151531169695349,0.33595562228096204,0.04889126074950314,train,interior,min,interior
0.0004,8192,exp,1e+22,True,6.982012165534493,145.76374901124063,1.0,2.1551375464584623,1.0,0.0,0.6106345613342391,0.3334878884300058,0.05587755023575513,train,interior,interior,max
0.0004,8192,exp,1e+24,True,11.97,600.0,1.0,1.988764207340827,0.06892603713941728,0.9310739628605827,0.043092000000000005,0.023533977600000002,0.002300059539417285,train,max,max,max
0.0004,8192,pow,1e+19,True,0.1077957916522939,10.0,0.5,3.341569451754034,1.0,0.0,0.6467747499137634,0.3532252500862367,0.0,train,interior,min,reference
0.0004,8192,pow,1e+22,True,7.161579258333692,140.59944030178144,1.0,2.156274449690371,1.0,0.0,0.6041484212391385,0.32994559111940147,0.06590598764146005,train,interior,interior,max
0.0004,8192,pow,1e+24,True,11.97,600.0,1.0,1.988764207340827,0.06943847759999999,0.9305615224,0.043092000000000005,0.023533977600000002,0.0028125,train,max,max,max
0.0004,8192,log,1e+19,True,0.1077957916522939,10.0,0.5,3.341569451754034,1.0,0.0,0.6467747499137634,0.3532252500862367,0.0,train,interior,min,reference
0.0004,8192,log,1e+22,True,6.38971963805821,165.3208919346043,1.0,2.1513893056458997,1.0,0.0,0.6338124898655042,0.34614612779854737,0.020041382335948547,train,interior,interior,max
0.0004,8192,log,1e+24,True,11.97,600.0,1.0,1.988764207340827,0.06735334056428438,0.9326466594357157,0.043092000000000005,0.023533977600000002,0.000727362964284379,train,max,max,max
0.0004,32768,exp,1e+19,False,,,,,,,,,,,,,
0.0004,32768,exp,1e+22,True,5.485277257195815,92.04566901055196,1.0,2.220675782481802,1.0,0.0,0.30293760890817256,0.6617773045801999,0.035285086511627664,attention,interior,interior,max
0.0004,32768,exp,1e+24,True,11.97,600.0,1.0,1.988764207340827,0.1395279699394173,0.8604720300605827,0.043092000000000005,0.09413591040000001,0.002300059539417285,attention,max,max,max
0.0004,32768,pow,1e+19,False,,,,,,,,,,,,,
0.0004,32768,pow,1e+22,True,5.577810541380729,89.87645814067218,1.0,2.221431526637437,0.9999999999999998,2.220446049250313e-16,0.3007883133834031,0.6570820968631569,0.04212958975344008,attention,interior,interior,max
0.0004,32768,pow,1e+24,True,11.97,600.0,1.0,1.988764207340827,0.14004041039999998,0.8599595896000001,0.043092000000000005,0.09413591040000001,0.0028125,attention,max,max,max
0.0004,32768,log,1e+19,False,,,,,,,,,,,,,
0.0004,32768,log,1e+22,True,5.183438752556727,99.74736730924022,1.0,2.2182461717214643,1.0,0.0,0.3102206215057355,0.6776872883666627,0.012092090127601953,attention,interior,interior,max
0.0004,32768,log,1e+24,True,11.97,600.0,1.0,1.988764207340827,0.13795527336428437,0.8620447266357156,0.043092000000000005,0.09413591040000001,0.000727362964284379,attention,max,max,max
0.0004,131072,exp,1e+19,False,,,,,,,,,,,,,
0.0004,131072,exp,1e+22,True,3.904208997898911,43.11242769102301,1.0,2.330672611386012,1.0,0.0,0.10099195686753493,0.8824811847027692,0.016526858429695895,attention,interior,interior,max
0.0004,131072,exp,1e+24,True,11.97,600.0,1.0,1.988764207340827,0.4219357011394173,0.5780642988605826,0.043092000000000005,0.37654364160000003,0.002300059539417285,attention,max,max,max
0.0004,131072,pow,1e+19,False,,,,,,,,,,,,,
0.0004,131072,pow,1e+22,True,3.9361291808412506,42.61288494566086,1.0,2.331056409827027,1.0,0.0,0.10063789194866793,0.8793873182330535,0.019974789818278528,attention,interior,interior,max
0.0004,131072,pow,1e+24,True,11.97,600.0,1.0,1.988764207340827,0.42244814160000005,0.5775518583999999,0.043092000000000005,0.37654364160000003,0.0028125,attention,max,max,max
0.0004,131072,log,1e+19,False,,,,,,,,,,,,,
0.0004,131072,log,1e+22,True,3.8019217739385907,44.771976614785984,1.0,2.3294681904080274,1.0,0.0,0.10213173165241453,0.8924406887430186,0.005427579604566938,attention,interior,interior,max
0.0004,131072,log,1e+24,True,11.97,600.0,1.0,1.988764207340827,0.4203630045642844,0.5796369954357157,0.043092000000000005,0.37654364160000003,0.000727362964284379,attention,max,max,max
