data_type,group_id,N_params_B,D_tokens_B,n_rows,n_q_levels,q_min,q_max,loss_min,loss_max,pearson_Q_loss,spearman_Q_loss,monotonic_direction
all,N=0.07|D=5,0.07,5,12,12,0.05,1.0,1.0401,3.3659,0.9995546318923998,1.0,increasing
all,N=0.07|D=10,0.07,10,4,4,0.05,0.95,0.9918,3.2059,0.9994805750115854,1.0,increasing
all,N=0.07|D=20,0.07,20,12,12,0.05,1.0,0.9701,3.1277,0.999531116713286,1.0,increasing
all,N=0.07|D=50,0.07,50,4,4,0.05,0.95,0.9392,2.8636,0.9996953380142186,1.0,increasing
all,N=0.07|D=100,0.07,100,12,12,0.05,1.0,0.891,2.8644,0.9992405444257916,1.0,increasing
all,N=0.07|D=150,0.07,150,4,4,0.05,0.95,0.8911,2.7592,0.9984174907700152,1.0,increasing
all,N=0.07|D=300,0.07,300,4,4,0.05,0.95,0.8812,2.6843,0.9999476795502537,1.0,increasing
all,N=0.07|D=500,0.07,500,12,12,0.05,1.0,0.861,2.8055,0.9996918434504596,1.0,increasing
all,N=0.07|D=1000,0.07,1000,12,12,0.05,1.0,0.8471,2.7431,0.9993776989248836,1.0,increasing
all,N=0.07|D=2000,0.07,2000,12,12,0.05,1.0,0.8539,2.7374,0.9995900680439918,1.0,increasing
all,N=0.16|D=5,0.16,5,12,12,0.05,1.0,0.8104,3.1013,0.9991272597984032,1.0,increasing
all,N=0.16|D=10,0.16,10,4,4,0.05,0.95,0.7726,2.9363,0.9999075760614392,1.0,increasing
all,N=0.16|D=20,0.16,20,12,12,0.05,1.0,0.7755,2.8913,0.9993140793543246,1.0,increasing
all,N=0.16|D=50,0.16,50,4,4,0.05,0.95,0.7379,2.6024,0.9997769353352276,1.0,increasing
all,N=0.16|D=100,0.16,100,12,12,0.05,1.0,0.7109,2.678,0.999642604060322,1.0,increasing
all,N=0.16|D=150,0.16,150,4,4,0.05,0.95,0.6932,2.5091,0.9998395158591288,1.0,increasing
all,N=0.16|D=300,0.16,300,4,4,0.05,0.95,0.6809,2.4941,0.9999659121209946,1.0,increasing
all,N=0.16|D=500,0.16,500,12,12,0.05,1.0,0.6974,2.5293,0.9995242427048784,1.0,increasing
all,N=0.16|D=1000,0.16,1000,12,12,0.05,1.0,0.6787,2.5056,0.9986154963758608,1.0,increasing
all,N=0.16|D=2000,0.16,2000,12,12,0.05,1.0,0.6532,2.4771,0.9996561585724112,1.0,increasing
all,N=0.41|D=5,0.41,5,12,12,0.05,1.0,0.622,3.0229,0.9994329529157944,1.0,increasing
all,N=0.41|D=10,0.41,10,4,4,0.05,0.95,0.6007,2.7299,0.9998924785779002,1.0,increasing
all,N=0.41|D=20,0.41,20,12,12,0.05,1.0,0.581,2.7188,0.9996323495208236,1.0,increasing
all,N=0.41|D=50,0.41,50,4,4,0.05,0.95,0.536,2.4497,0.9998285035443354,1.0,increasing
all,N=0.41|D=100,0.41,100,12,12,0.05,1.0,0.535,2.488,0.9991275911930098,1.0,increasing
all,N=0.41|D=150,0.41,150,4,4,0.05,0.95,0.5231,2.3801,0.9998906801555008,1.0,increasing
all,N=0.41|D=300,0.41,300,4,4,0.05,0.95,0.5209,2.3692,0.9997986729836822,1.0,increasing
all,N=0.41|D=500,0.41,500,12,12,0.05,1.0,0.5057,2.3631,0.9997074179634184,1.0,increasing
all,N=0.41|D=1000,0.41,1000,12,12,0.05,1.0,0.5,2.4128,0.9990937252782456,1.0,increasing
all,N=0.41|D=2000,0.41,2000,12,12,0.05,1.0,0.5,2.3248,0.9993635226410064,1.0,increasing
all,N=0.7|D=5,0.7,5,12,12,0.05,1.0,0.5148,2.862,0.9996784432562352,1.0,increasing
all,N=0.7|D=10,0.7,10,12,12,0.05,1.0,0.5,2.657,0.9990669115397464,0.9930069930069932,mixed
all,N=0.7|D=20,0.7,20,12,12,0.05,1.0,0.5,2.5856,0.9995312023220014,1.0,increasing
all,N=0.7|D=50,0.7,50,12,12,0.05,1.0,0.5,2.492,0.9995266716803992,1.0,increasing
all,N=0.7|D=100,0.7,100,12,12,0.05,1.0,0.5,2.4334,0.9996393389737088,1.0,increasing
all,N=0.7|D=150,0.7,150,12,12,0.05,1.0,0.5,2.3563,0.9986184023982289,1.0,increasing
all,N=0.7|D=300,0.7,300,12,12,0.05,1.0,0.5,2.3162,0.9989754954173972,1.0,increasing
all,N=0.7|D=500,0.7,500,12,12,0.05,1.0,0.5,2.2912,0.9992989949327408,1.0,increasing
all,N=0.7|D=1000,0.7,1000,12,12,0.05,1.0,0.5,2.297,0.999170960877792,1.0,increasing
all,N=0.7|D=2000,0.7,2000,12,12,0.05,1.0,0.5,2.2183,0.9987455980358314,1.0,increasing
all,N=1.0|D=5,1.0,5,12,12,0.05,1.0,0.5,2.8125,0.9993090746892664,1.0,increasing
all,N=1.0|D=10,1.0,10,12,12,0.05,1.0,0.5,2.6513,0.9992033563786524,1.0,increasing
all,N=1.0|D=20,1.0,20,12,12,0.05,1.0,0.5,2.6133,0.9990603875014408,1.0,increasing
all,N=1.0|D=50,1.0,50,12,12,0.05,1.0,0.5,2.4688,0.9990411411422216,1.0,increasing
all,N=1.0|D=100,1.0,100,12,12,0.05,1.0,0.5,2.4489,0.9978905433716744,0.9982502173821436,increasing
all,N=1.0|D=150,1.0,150,12,12,0.05,1.0,0.5,2.2789,0.9989707893038992,0.9982502173821436,increasing
all,N=1.0|D=300,1.0,300,12,12,0.05,1.0,0.5,2.3325,0.996569323304538,0.9982502173821436,increasing
all,N=1.0|D=500,1.0,500,12,12,0.05,1.0,0.5,2.2572,0.9980149382527268,0.9982502173821436,increasing
all,N=1.0|D=1000,1.0,1000,12,12,0.05,1.0,0.5,2.1409,0.9974094841002492,0.9982502173821436,increasing
all,N=1.0|D=2000,1.0,2000,12,12,0.05,1.0,0.5,2.2081,0.9980318081912328,0.9982502173821436,increasing
all,N=2.8|D=5,2.8,5,12,12,0.05,1.0,0.5,2.721,0.9981037933158946,0.9982502173821436,increasing
all,N=2.8|D=10,2.8,10,12,12,0.05,1.0,0.5,2.5409,0.9969773673055567,0.9982502173821436,increasing
all,N=2.8|D=20,2.8,20,12,12,0.05,1.0,0.5,2.5073,0.9962660021404456,0.9982502173821436,increasing
all,N=2.8|D=50,2.8,50,12,12,0.05,1.0,0.5,2.3101,0.9954607029622656,0.9982502173821436,increasing
all,N=2.8|D=100,2.8,100,12,12,0.05,1.0,0.5,2.2588,0.994786938590242,0.9982502173821436,increasing
all,N=2.8|D=150,2.8,150,12,12,0.05,1.0,0.5,2.2385,0.9935078413229834,0.9982502173821436,increasing
all,N=2.8|D=300,2.8,300,12,12,0.05,1.0,0.5,2.1322,0.9940825071029058,0.9982502173821436,increasing
all,N=2.8|D=500,2.8,500,12,12,0.05,1.0,0.5,2.1517,0.9929940777866452,0.9982502173821436,increasing
all,N=2.8|D=1000,2.8,1000,12,12,0.05,1.0,0.5,2.1237,0.993322250300842,0.9982502173821436,increasing
all,N=2.8|D=2000,2.8,2000,12,12,0.05,1.0,0.5,2.0839,0.9926050064150074,0.9982502173821436,increasing
all,N=4.0|D=5,4.0,5,12,12,0.05,1.0,0.5,2.6973,0.9963833769008892,0.9982502173821436,increasing
all,N=4.0|D=10,4.0,10,12,12,0.05,1.0,0.5,2.4904,0.9954073252877238,0.9982502173821436,increasing
all,N=4.0|D=20,4.0,20,12,12,0.05,1.0,0.5,2.4139,0.9952287110467162,0.9982502173821436,increasing
all,N=4.0|D=50,4.0,50,12,12,0.05,1.0,0.5,2.4043,0.9926033545972904,0.9982502173821436,increasing
all,N=4.0|D=100,4.0,100,12,12,0.05,1.0,0.5,2.2786,0.9916227533640092,0.9982502173821436,increasing
all,N=4.0|D=150,4.0,150,12,12,0.05,1.0,0.5,2.1522,0.9921278754338738,0.9982502173821436,increasing
all,N=4.0|D=300,4.0,300,12,12,0.05,1.0,0.5,2.2315,0.9903683125010446,0.9929823694376384,increasing
all,N=4.0|D=500,4.0,500,12,12,0.05,1.0,0.5,2.1365,0.990151686061976,0.9929823694376384,increasing
all,N=4.0|D=1000,4.0,1000,12,12,0.05,1.0,0.5,2.1308,0.9905005692374012,0.9929823694376384,increasing
all,N=4.0|D=2000,4.0,2000,12,12,0.05,1.0,0.5,2.0978,0.9894283540995568,0.9929823694376384,increasing
all,N=6.9|D=5,6.9,5,12,12,0.05,1.0,0.5,2.633,0.9934031373975344,0.9982502173821436,increasing
all,N=6.9|D=10,6.9,10,12,12,0.05,1.0,0.5,2.514,0.9922197110289438,0.9982502173821436,increasing
all,N=6.9|D=20,6.9,20,12,12,0.05,1.0,0.5,2.4144,0.9914314578156376,0.9929823694376384,increasing
all,N=6.9|D=50,6.9,50,12,12,0.05,1.0,0.5,2.2898,0.9901620580660424,0.9929823694376384,increasing
all,N=6.9|D=100,6.9,100,12,12,0.05,1.0,0.5,2.2368,0.988966339421446,0.9929823694376384,increasing
all,N=6.9|D=150,6.9,150,12,12,0.05,1.0,0.5,2.2001,0.9884486744472252,0.9929823694376384,increasing
all,N=6.9|D=300,6.9,300,12,12,0.05,1.0,0.5,2.1543,0.9883083010579228,0.9929823694376384,increasing
all,N=6.9|D=500,6.9,500,12,12,0.05,1.0,0.5,2.1285,0.9877062686280842,0.9929823694376384,increasing
all,N=6.9|D=1000,6.9,1000,12,12,0.05,1.0,0.5,2.0548,0.9877277961897168,0.9929823694376384,increasing
all,N=6.9|D=2000,6.9,2000,12,12,0.05,1.0,0.5,1.9935,0.9877731140225072,0.9929823694376384,increasing
all,N=12.0|D=5,12.0,5,12,12,0.05,1.0,0.5,2.701,0.9901000253153364,0.9929823694376384,increasing
all,N=12.0|D=10,12.0,10,12,12,0.05,1.0,0.5,2.4582,0.9900297240638092,0.9929823694376384,increasing
all,N=12.0|D=20,12.0,20,12,12,0.05,1.0,0.5,2.3472,0.988305331733978,0.9929823694376384,increasing
all,N=12.0|D=50,12.0,50,12,12,0.05,1.0,0.5,2.2387,0.9884668557431786,0.9929823694376384,increasing
all,N=12.0|D=100,12.0,100,12,12,0.05,1.0,0.5,2.2111,0.987005140991285,0.9929823694376384,increasing
all,N=12.0|D=150,12.0,150,12,12,0.05,1.0,0.5,2.0668,0.9840050641473852,0.9929823694376384,increasing
all,N=12.0|D=300,12.0,300,12,12,0.05,1.0,0.5,2.0381,0.9837238612803362,0.9929823694376384,increasing
all,N=12.0|D=500,12.0,500,12,12,0.05,1.0,0.5,2.0759,0.9832023509802964,0.9929823694376384,increasing
all,N=12.0|D=1000,12.0,1000,12,12,0.05,1.0,0.5,2.0468,0.9822039919769088,0.9929823694376384,increasing
all,N=12.0|D=2000,12.0,2000,12,12,0.05,1.0,0.5,1.9695,0.9813434353925506,0.9929823694376384,increasing
all,N=20.0|D=5,20.0,5,12,12,0.05,1.0,0.5,2.5772,0.987474330945412,0.9929823694376384,increasing
all,N=20.0|D=10,20.0,10,12,12,0.05,1.0,0.5,2.4446,0.9868837398613264,0.9929823694376384,increasing
all,N=20.0|D=20,20.0,20,12,12,0.05,1.0,0.5,2.3884,0.9837753228324,0.9929823694376384,increasing
all,N=20.0|D=50,20.0,50,12,12,0.05,1.0,0.5,2.2835,0.9821934548851264,0.9929823694376384,increasing
all,N=20.0|D=100,20.0,100,12,12,0.05,1.0,0.5,2.1626,0.9812274041669744,0.9929823694376384,increasing
all,N=20.0|D=150,20.0,150,12,12,0.05,1.0,0.5,2.202,0.9798177050130916,0.9929823694376384,increasing
all,N=20.0|D=300,20.0,300,12,12,0.05,1.0,0.5,2.0706,0.9813962609351886,0.9929823694376384,increasing
all,N=20.0|D=500,20.0,500,12,12,0.05,1.0,0.5,2.0683,0.9778789983091468,0.9929823694376384,increasing
all,N=20.0|D=1000,20.0,1000,12,12,0.05,1.0,0.5,1.9818,0.9775453890860248,0.9929823694376384,increasing
all,N=20.0|D=2000,20.0,2000,12,12,0.05,1.0,0.5,1.9584,0.9768961471987848,0.9823619317924353,increasing
all,N=40.0|D=5,40.0,5,12,12,0.05,1.0,0.5,2.5961,0.982894991067174,0.9929823694376384,increasing
all,N=40.0|D=10,40.0,10,12,12,0.05,1.0,0.5,2.4636,0.9808622197160988,0.9929823694376384,increasing
all,N=40.0|D=20,40.0,20,12,12,0.05,1.0,0.5,2.3679,0.9784912894644596,0.9929823694376384,increasing
all,N=40.0|D=50,40.0,50,12,12,0.05,1.0,0.5,2.262,0.9760160314607904,0.9929823694376384,increasing
all,N=40.0|D=100,40.0,100,12,12,0.05,1.0,0.5,2.1214,0.9754990479444108,0.9823619317924353,increasing
all,N=40.0|D=150,40.0,150,12,12,0.05,1.0,0.5,2.0917,0.9759345026461472,0.9823619317924353,increasing
all,N=40.0|D=300,40.0,300,12,12,0.05,1.0,0.5,2.0147,0.9744147617605652,0.9823619317924353,increasing
all,N=40.0|D=500,40.0,500,12,12,0.05,1.0,0.5,2.0298,0.9739931047158228,0.9823619317924353,increasing
all,N=40.0|D=1000,40.0,1000,12,12,0.05,1.0,0.5,1.9394,0.9741490758021416,0.9823619317924353,increasing
all,N=40.0|D=2000,40.0,2000,12,12,0.05,1.0,0.5,1.9275,0.9709516404768124,0.9752433670693016,mixed
all,N=70.0|D=5,70.0,5,12,12,0.05,1.0,0.5,2.6033,0.9775765666871568,0.9929823694376384,increasing
all,N=70.0|D=10,70.0,10,12,12,0.05,1.0,0.5,2.4186,0.9765575695236832,0.9823619317924353,increasing
all,N=70.0|D=20,70.0,20,12,12,0.05,1.0,0.5,2.3369,0.9734129556478384,0.9823619317924353,increasing
all,N=70.0|D=50,70.0,50,12,12,0.05,1.0,0.5,2.2162,0.9722943982322412,0.9823619317924353,increasing
all,N=70.0|D=100,70.0,100,12,12,0.05,1.0,0.5,2.1223,0.9710371998691684,0.9823619317924353,increasing
all,N=70.0|D=150,70.0,150,12,12,0.05,1.0,0.5,2.0817,0.970325675783098,0.9823619317924353,increasing
all,N=70.0|D=300,70.0,300,12,12,0.05,1.0,0.5,2.0225,0.9703064850493917,0.9823619317924353,increasing
all,N=70.0|D=500,70.0,500,12,12,0.05,1.0,0.5,2.0232,0.9685426130802112,0.9823619317924353,increasing
all,N=70.0|D=1000,70.0,1000,12,12,0.05,1.0,0.5,1.9314,0.9689023878110278,0.9823619317924353,increasing
all,N=70.0|D=2000,70.0,2000,12,12,0.05,1.0,0.5,1.9285,0.9657422823495936,0.9823619317924353,increasing
all,N=120.0|D=5,120.0,5,12,12,0.05,1.0,0.5,2.5753,0.9731331543012768,0.9823619317924353,increasing
all,N=120.0|D=10,120.0,10,12,12,0.05,1.0,0.5,2.4219,0.9719454536503728,0.9823619317924353,increasing
all,N=120.0|D=20,120.0,20,12,12,0.05,1.0,0.5,2.2493,0.9707751945089172,0.9823619317924353,increasing
all,N=120.0|D=50,120.0,50,12,12,0.05,1.0,0.5,2.2004,0.9692896360168002,0.9823619317924353,increasing
all,N=120.0|D=100,120.0,100,12,12,0.05,1.0,0.5,2.1521,0.9659164886911712,0.9823619317924353,increasing
all,N=120.0|D=150,120.0,150,12,12,0.05,1.0,0.5,2.0881,0.965102830765118,0.9823619317924353,increasing
all,N=120.0|D=300,120.0,300,12,12,0.05,1.0,0.5,2.0619,0.964895206797729,0.9823619317924353,increasing
all,N=120.0|D=500,120.0,500,12,12,0.05,1.0,0.5,2.0294,0.962021415814868,0.9823619317924353,increasing
all,N=120.0|D=1000,120.0,1000,12,12,0.05,1.0,0.5,1.9082,0.9625657267770548,0.9823619317924353,increasing
all,N=120.0|D=2000,120.0,2000,12,12,0.05,1.0,0.5,1.9249,0.9601500197060836,0.9823619317924353,increasing
all,N=300.0|D=5,300.0,5,12,12,0.05,1.0,0.5,2.478,0.9687137103866676,0.9823619317924353,increasing
all,N=300.0|D=10,300.0,10,12,12,0.05,1.0,0.5,2.4246,0.9652133602752412,0.9823619317924353,increasing
all,N=300.0|D=20,300.0,20,12,12,0.05,1.0,0.5,2.3267,0.963599218345927,0.9823619317924353,increasing
all,N=300.0|D=50,300.0,50,12,12,0.05,1.0,0.5,2.1404,0.9595603876296144,0.9823619317924353,increasing
all,N=300.0|D=100,300.0,100,12,12,0.05,1.0,0.5,2.018,0.958074477313106,0.9823619317924353,increasing
all,N=300.0|D=150,300.0,150,12,12,0.05,1.0,0.5,2.0823,0.9558672576066488,0.9823619317924353,increasing
all,N=300.0|D=300,300.0,300,12,12,0.05,1.0,0.5,1.9949,0.9551182959779748,0.9823619317924353,increasing
all,N=300.0|D=500,300.0,500,12,12,0.05,1.0,0.5,1.92,0.9551090244982094,0.9823619317924353,increasing
all,N=300.0|D=1000,300.0,1000,12,12,0.05,1.0,0.5,1.9425,0.9526887241528874,0.9823619317924353,increasing
all,N=300.0|D=2000,300.0,2000,12,12,0.05,1.0,0.5,1.8777,0.9524192127855968,0.9644013324700096,increasing
all,N=700.0|D=5,700.0,5,12,12,0.05,1.0,0.5,2.5391,0.9602684216037694,0.9823619317924353,increasing
all,N=700.0|D=10,700.0,10,12,12,0.05,1.0,0.5,2.4033,0.9579050617871192,0.9823619317924353,increasing
all,N=700.0|D=20,700.0,20,12,12,0.05,1.0,0.5,2.2974,0.9578648966850196,0.9823619317924353,increasing
all,N=700.0|D=50,700.0,50,12,12,0.05,1.0,0.5,2.071,0.950397182544622,0.9823619317924353,increasing
all,N=700.0|D=100,700.0,100,12,12,0.05,1.0,0.5,2.0708,0.9488258467268382,0.9644013324700096,increasing
all,N=700.0|D=150,700.0,150,12,12,0.05,1.0,0.5,2.0154,0.9494629875442618,0.9644013324700096,increasing
all,N=700.0|D=300,700.0,300,12,12,0.05,1.0,0.5,2.0155,0.9470051116433388,0.9644013324700096,increasing
all,N=700.0|D=500,700.0,500,12,12,0.05,1.0,0.5,1.9675,0.9467075508115652,0.9644013324700096,increasing
all,N=700.0|D=1000,700.0,1000,12,12,0.05,1.0,0.5,1.882,0.9463945245730472,0.9644013324700096,increasing
all,N=700.0|D=2000,700.0,2000,12,12,0.05,1.0,0.5,1.8865,0.943022717168846,0.9644013324700096,increasing
calibrated,N=0.07|D=5,0.07,5,12,12,0.05,1.0,1.0401,3.3659,0.9995546318923998,1.0,increasing
calibrated,N=0.07|D=10,0.07,10,4,4,0.05,0.95,0.9918,3.2059,0.9994805750115854,1.0,increasing
calibrated,N=0.07|D=20,0.07,20,12,12,0.05,1.0,0.9701,3.1277,0.999531116713286,1.0,increasing
calibrated,N=0.07|D=50,0.07,50,4,4,0.05,0.95,0.9392,2.8636,0.9996953380142186,1.0,increasing
calibrated,N=0.07|D=100,0.07,100,12,12,0.05,1.0,0.891,2.8644,0.9992405444257916,1.0,increasing
calibrated,N=0.07|D=150,0.07,150,4,4,0.05,0.95,0.8911,2.7592,0.9984174907700152,1.0,increasing
calibrated,N=0.07|D=300,0.07,300,4,4,0.05,0.95,0.8812,2.6843,0.9999476795502537,1.0,increasing
calibrated,N=0.07|D=500,0.07,500,12,12,0.05,1.0,0.861,2.8055,0.9996918434504596,1.0,increasing
calibrated,N=0.07|D=1000,0.07,1000,12,12,0.05,1.0,0.8471,2.7431,0.9993776989248836,1.0,increasing
calibrated,N=0.07|D=2000,0.07,2000,12,12,0.05,1.0,0.8539,2.7374,0.9995900680439918,1.0,increasing
calibrated,N=0.16|D=5,0.16,5,12,12,0.05,1.0,0.8104,3.1013,0.9991272597984032,1.0,increasing
calibrated,N=0.16|D=10,0.16,10,4,4,0.05,0.95,0.7726,2.9363,0.9999075760614392,1.0,increasing
calibrated,N=0.16|D=20,0.16,20,12,12,0.05,1.0,0.7755,2.8913,0.9993140793543246,1.0,increasing
calibrated,N=0.16|D=50,0.16,50,4,4,0.05,0.95,0.7379,2.6024,0.9997769353352276,1.0,increasing
calibrated,N=0.16|D=100,0.16,100,12,12,0.05,1.0,0.7109,2.678,0.999642604060322,1.0,increasing
calibrated,N=0.16|D=150,0.16,150,4,4,0.05,0.95,0.6932,2.5091,0.9998395158591288,1.0,increasing
calibrated,N=0.16|D=300,0.16,300,4,4,0.05,0.95,0.6809,2.4941,0.9999659121209946,1.0,increasing
calibrated,N=0.16|D=500,0.16,500,12,12,0.05,1.0,0.6974,2.5293,0.9995242427048784,1.0,increasing
calibrated,N=0.16|D=1000,0.16,1000,12,12,0.05,1.0,0.6787,2.5056,0.9986154963758608,1.0,increasing
calibrated,N=0.16|D=2000,0.16,2000,12,12,0.05,1.0,0.6532,2.4771,0.9996561585724112,1.0,increasing
calibrated,N=0.41|D=5,0.41,5,12,12,0.05,1.0,0.622,3.0229,0.9994329529157944,1.0,increasing
calibrated,N=0.41|D=10,0.41,10,4,4,0.05,0.95,0.6007,2.7299,0.9998924785779002,1.0,increasing
calibrated,N=0.41|D=20,0.41,20,12,12,0.05,1.0,0.581,2.7188,0.9996323495208236,1.0,increasing
calibrated,N=0.41|D=50,0.41,50,4,4,0.05,0.95,0.536,2.4497,0.9998285035443354,1.0,increasing
calibrated,N=0.41|D=100,0.41,100,12,12,0.05,1.0,0.535,2.488,0.9991275911930098,1.0,increasing
calibrated,N=0.41|D=150,0.41,150,4,4,0.05,0.95,0.5231,2.3801,0.9998906801555008,1.0,increasing
calibrated,N=0.41|D=300,0.41,300,4,4,0.05,0.95,0.5209,2.3692,0.9997986729836822,1.0,increasing
calibrated,N=0.41|D=500,0.41,500,12,12,0.05,1.0,0.5057,2.3631,0.9997074179634184,1.0,increasing
calibrated,N=0.41|D=1000,0.41,1000,12,12,0.05,1.0,0.5,2.4128,0.9990937252782456,1.0,increasing
calibrated,N=0.41|D=2000,0.41,2000,12,12,0.05,1.0,0.5,2.3248,0.9993635226410064,1.0,increasing
calibrated,N=0.7|D=5,0.7,5,12,12,0.05,1.0,0.5148,2.862,0.9996784432562352,1.0,increasing
calibrated,N=0.7|D=10,0.7,10,12,12,0.05,1.0,0.5,2.657,0.9990669115397464,0.9930069930069932,mixed
calibrated,N=0.7|D=20,0.7,20,12,12,0.05,1.0,0.5,2.5856,0.9995312023220014,1.0,increasing
calibrated,N=0.7|D=50,0.7,50,12,12,0.05,1.0,0.5,2.492,0.9995266716803992,1.0,increasing
calibrated,N=0.7|D=100,0.7,100,12,12,0.05,1.0,0.5,2.4334,0.9996393389737088,1.0,increasing
calibrated,N=0.7|D=150,0.7,150,12,12,0.05,1.0,0.5,2.3563,0.9986184023982289,1.0,increasing
calibrated,N=0.7|D=300,0.7,300,12,12,0.05,1.0,0.5,2.3162,0.9989754954173972,1.0,increasing
calibrated,N=0.7|D=500,0.7,500,12,12,0.05,1.0,0.5,2.2912,0.9992989949327408,1.0,increasing
calibrated,N=0.7|D=1000,0.7,1000,12,12,0.05,1.0,0.5,2.297,0.999170960877792,1.0,increasing
calibrated,N=0.7|D=2000,0.7,2000,12,12,0.05,1.0,0.5,2.2183,0.9987455980358314,1.0,increasing
calibrated,N=1.0|D=5,1.0,5,12,12,0.05,1.0,0.5,2.8125,0.9993090746892664,1.0,increasing
calibrated,N=1.0|D=10,1.0,10,12,12,0.05,1.0,0.5,2.6513,0.9992033563786524,1.0,increasing
calibrated,N=1.0|D=20,1.0,20,12,12,0.05,1.0,0.5,2.6133,0.9990603875014408,1.0,increasing
calibrated,N=1.0|D=50,1.0,50,12,12,0.05,1.0,0.5,2.4688,0.9990411411422216,1.0,increasing
calibrated,N=1.0|D=100,1.0,100,12,12,0.05,1.0,0.5,2.4489,0.9978905433716744,0.9982502173821436,increasing
calibrated,N=1.0|D=150,1.0,150,12,12,0.05,1.0,0.5,2.2789,0.9989707893038992,0.9982502173821436,increasing
calibrated,N=1.0|D=300,1.0,300,12,12,0.05,1.0,0.5,2.3325,0.996569323304538,0.9982502173821436,increasing
calibrated,N=1.0|D=500,1.0,500,12,12,0.05,1.0,0.5,2.2572,0.9980149382527268,0.9982502173821436,increasing
calibrated,N=1.0|D=1000,1.0,1000,12,12,0.05,1.0,0.5,2.1409,0.9974094841002492,0.9982502173821436,increasing
calibrated,N=1.0|D=2000,1.0,2000,12,12,0.05,1.0,0.5,2.2081,0.9980318081912328,0.9982502173821436,increasing
calibrated,N=2.8|D=5,2.8,5,12,12,0.05,1.0,0.5,2.721,0.9981037933158946,0.9982502173821436,increasing
calibrated,N=2.8|D=10,2.8,10,12,12,0.05,1.0,0.5,2.5409,0.9969773673055567,0.9982502173821436,increasing
calibrated,N=2.8|D=20,2.8,20,12,12,0.05,1.0,0.5,2.5073,0.9962660021404456,0.9982502173821436,increasing
calibrated,N=2.8|D=50,2.8,50,12,12,0.05,1.0,0.5,2.3101,0.9954607029622656,0.9982502173821436,increasing
calibrated,N=2.8|D=100,2.8,100,12,12,0.05,1.0,0.5,2.2588,0.994786938590242,0.9982502173821436,increasing
calibrated,N=2.8|D=150,2.8,150,12,12,0.05,1.0,0.5,2.2385,0.9935078413229834,0.9982502173821436,increasing
calibrated,N=2.8|D=300,2.8,300,12,12,0.05,1.0,0.5,2.1322,0.9940825071029058,0.9982502173821436,increasing
calibrated,N=2.8|D=500,2.8,500,12,12,0.05,1.0,0.5,2.1517,0.9929940777866452,0.9982502173821436,increasing
calibrated,N=2.8|D=1000,2.8,1000,12,12,0.05,1.0,0.5,2.1237,0.993322250300842,0.9982502173821436,increasing
calibrated,N=2.8|D=2000,2.8,2000,12,12,0.05,1.0,0.5,2.0839,0.9926050064150074,0.9982502173821436,increasing
calibrated,N=4.0|D=5,4.0,5,12,12,0.05,1.0,0.5,2.6973,0.9963833769008892,0.9982502173821436,increasing
calibrated,N=4.0|D=10,4.0,10,12,12,0.05,1.0,0.5,2.4904,0.9954073252877238,0.9982502173821436,increasing
calibrated,N=4.0|D=20,4.0,20,12,12,0.05,1.0,0.5,2.4139,0.9952287110467162,0.9982502173821436,increasing
calibrated,N=4.0|D=50,4.0,50,12,12,0.05,1.0,0.5,2.4043,0.9926033545972904,0.9982502173821436,increasing
calibrated,N=4.0|D=100,4.0,100,12,12,0.05,1.0,0.5,2.2786,0.9916227533640092,0.9982502173821436,increasing
calibrated,N=4.0|D=150,4.0,150,12,12,0.05,1.0,0.5,2.1522,0.9921278754338738,0.9982502173821436,increasing
calibrated,N=4.0|D=300,4.0,300,12,12,0.05,1.0,0.5,2.2315,0.9903683125010446,0.9929823694376384,increasing
calibrated,N=4.0|D=500,4.0,500,12,12,0.05,1.0,0.5,2.1365,0.990151686061976,0.9929823694376384,increasing
calibrated,N=4.0|D=1000,4.0,1000,12,12,0.05,1.0,0.5,2.1308,0.9905005692374012,0.9929823694376384,increasing
calibrated,N=4.0|D=2000,4.0,2000,12,12,0.05,1.0,0.5,2.0978,0.9894283540995568,0.9929823694376384,increasing
calibrated,N=6.9|D=5,6.9,5,12,12,0.05,1.0,0.5,2.633,0.9934031373975344,0.9982502173821436,increasing
calibrated,N=6.9|D=10,6.9,10,12,12,0.05,1.0,0.5,2.514,0.9922197110289438,0.9982502173821436,increasing
calibrated,N=6.9|D=20,6.9,20,12,12,0.05,1.0,0.5,2.4144,0.9914314578156376,0.9929823694376384,increasing
calibrated,N=6.9|D=50,6.9,50,12,12,0.05,1.0,0.5,2.2898,0.9901620580660424,0.9929823694376384,increasing
calibrated,N=6.9|D=100,6.9,100,12,12,0.05,1.0,0.5,2.2368,0.988966339421446,0.9929823694376384,increasing
calibrated,N=6.9|D=150,6.9,150,12,12,0.05,1.0,0.5,2.2001,0.9884486744472252,0.9929823694376384,increasing
calibrated,N=6.9|D=300,6.9,300,12,12,0.05,1.0,0.5,2.1543,0.9883083010579228,0.9929823694376384,increasing
calibrated,N=6.9|D=500,6.9,500,12,12,0.05,1.0,0.5,2.1285,0.9877062686280842,0.9929823694376384,increasing
calibrated,N=6.9|D=1000,6.9,1000,12,12,0.05,1.0,0.5,2.0548,0.9877277961897168,0.9929823694376384,increasing
calibrated,N=6.9|D=2000,6.9,2000,12,12,0.05,1.0,0.5,1.9935,0.9877731140225072,0.9929823694376384,increasing
calibrated,N=12.0|D=5,12.0,5,12,12,0.05,1.0,0.5,2.701,0.9901000253153364,0.9929823694376384,increasing
calibrated,N=12.0|D=10,12.0,10,12,12,0.05,1.0,0.5,2.4582,0.9900297240638092,0.9929823694376384,increasing
calibrated,N=12.0|D=20,12.0,20,12,12,0.05,1.0,0.5,2.3472,0.988305331733978,0.9929823694376384,increasing
calibrated,N=12.0|D=50,12.0,50,12,12,0.05,1.0,0.5,2.2387,0.9884668557431786,0.9929823694376384,increasing
calibrated,N=12.0|D=100,12.0,100,12,12,0.05,1.0,0.5,2.2111,0.987005140991285,0.9929823694376384,increasing
calibrated,N=12.0|D=150,12.0,150,12,12,0.05,1.0,0.5,2.0668,0.9840050641473852,0.9929823694376384,increasing
calibrated,N=12.0|D=300,12.0,300,12,12,0.05,1.0,0.5,2.0381,0.9837238612803362,0.9929823694376384,increasing
calibrated,N=12.0|D=500,12.0,500,12,12,0.05,1.0,0.5,2.0759,0.9832023509802964,0.9929823694376384,increasing
calibrated,N=12.0|D=1000,12.0,1000,12,12,0.05,1.0,0.5,2.0468,0.9822039919769088,0.9929823694376384,increasing
calibrated,N=12.0|D=2000,12.0,2000,12,12,0.05,1.0,0.5,1.9695,0.9813434353925506,0.9929823694376384,increasing
extrapolated,N=20.0|D=5,20.0,5,12,12,0.05,1.0,0.5,2.5772,0.987474330945412,0.9929823694376384,increasing
extrapolated,N=20.0|D=10,20.0,10,12,12,0.05,1.0,0.5,2.4446,0.9868837398613264,0.9929823694376384,increasing
extrapolated,N=20.0|D=20,20.0,20,12,12,0.05,1.0,0.5,2.3884,0.9837753228324,0.9929823694376384,increasing
extrapolated,N=20.0|D=50,20.0,50,12,12,0.05,1.0,0.5,2.2835,0.9821934548851264,0.9929823694376384,increasing
extrapolated,N=20.0|D=100,20.0,100,12,12,0.05,1.0,0.5,2.1626,0.9812274041669744,0.9929823694376384,increasing
extrapolated,N=20.0|D=150,20.0,150,12,12,0.05,1.0,0.5,2.202,0.9798177050130916,0.9929823694376384,increasing
extrapolated,N=20.0|D=300,20.0,300,12,12,0.05,1.0,0.5,2.0706,0.9813962609351886,0.9929823694376384,increasing
extrapolated,N=20.0|D=500,20.0,500,12,12,0.05,1.0,0.5,2.0683,0.9778789983091468,0.9929823694376384,increasing
extrapolated,N=20.0|D=1000,20.0,1000,12,12,0.05,1.0,0.5,1.9818,0.9775453890860248,0.9929823694376384,increasing
extrapolated,N=20.0|D=2000,20.0,2000,12,12,0.05,1.0,0.5,1.9584,0.9768961471987848,0.9823619317924353,increasing
extrapolated,N=40.0|D=5,40.0,5,12,12,0.05,1.0,0.5,2.5961,0.982894991067174,0.9929823694376384,increasing
extrapolated,N=40.0|D=10,40.0,10,12,12,0.05,1.0,0.5,2.4636,0.9808622197160988,0.9929823694376384,increasing
extrapolated,N=40.0|D=20,40.0,20,12,12,0.05,1.0,0.5,2.3679,0.9784912894644596,0.9929823694376384,increasing
extrapolated,N=40.0|D=50,40.0,50,12,12,0.05,1.0,0.5,2.262,0.9760160314607904,0.9929823694376384,increasing
extrapolated,N=40.0|D=100,40.0,100,12,12,0.05,1.0,0.5,2.1214,0.9754990479444108,0.9823619317924353,increasing
extrapolated,N=40.0|D=150,40.0,150,12,12,0.05,1.0,0.5,2.0917,0.9759345026461472,0.9823619317924353,increasing
extrapolated,N=40.0|D=300,40.0,300,12,12,0.05,1.0,0.5,2.0147,0.9744147617605652,0.9823619317924353,increasing
extrapolated,N=40.0|D=500,40.0,500,12,12,0.05,1.0,0.5,2.0298,0.9739931047158228,0.9823619317924353,increasing
extrapolated,N=40.0|D=1000,40.0,1000,12,12,0.05,1.0,0.5,1.9394,0.9741490758021416,0.9823619317924353,increasing
extrapolated,N=40.0|D=2000,40.0,2000,12,12,0.05,1.0,0.5,1.9275,0.9709516404768124,0.9752433670693016,mixed
extrapolated,N=70.0|D=5,70.0,5,12,12,0.05,1.0,0.5,2.6033,0.9775765666871568,0.9929823694376384,increasing
extrapolated,N=70.0|D=10,70.0,10,12,12,0.05,1.0,0.5,2.4186,0.9765575695236832,0.9823619317924353,increasing
extrapolated,N=70.0|D=20,70.0,20,12,12,0.05,1.0,0.5,2.3369,0.9734129556478384,0.9823619317924353,increasing
extrapolated,N=70.0|D=50,70.0,50,12,12,0.05,1.0,0.5,2.2162,0.9722943982322412,0.9823619317924353,increasing
extrapolated,N=70.0|D=100,70.0,100,12,12,0.05,1.0,0.5,2.1223,0.9710371998691684,0.9823619317924353,increasing
extrapolated,N=70.0|D=150,70.0,150,12,12,0.05,1.0,0.5,2.0817,0.970325675783098,0.9823619317924353,increasing
extrapolated,N=70.0|D=300,70.0,300,12,12,0.05,1.0,0.5,2.0225,0.9703064850493917,0.9823619317924353,increasing
extrapolated,N=70.0|D=500,70.0,500,12,12,0.05,1.0,0.5,2.0232,0.9685426130802112,0.9823619317924353,increasing
extrapolated,N=70.0|D=1000,70.0,1000,12,12,0.05,1.0,0.5,1.9314,0.9689023878110278,0.9823619317924353,increasing
extrapolated,N=70.0|D=2000,70.0,2000,12,12,0.05,1.0,0.5,1.9285,0.9657422823495936,0.9823619317924353,increasing
extrapolated,N=120.0|D=5,120.0,5,12,12,0.05,1.0,0.5,2.5753,0.9731331543012768,0.9823619317924353,increasing
extrapolated,N=120.0|D=10,120.0,10,12,12,0.05,1.0,0.5,2.4219,0.9719454536503728,0.9823619317924353,increasing
extrapolated,N=120.0|D=20,120.0,20,12,12,0.05,1.0,0.5,2.2493,0.9707751945089172,0.9823619317924353,increasing
extrapolated,N=120.0|D=50,120.0,50,12,12,0.05,1.0,0.5,2.2004,0.9692896360168002,0.9823619317924353,increasing
extrapolated,N=120.0|D=100,120.0,100,12,12,0.05,1.0,0.5,2.1521,0.9659164886911712,0.9823619317924353,increasing
extrapolated,N=120.0|D=150,120.0,150,12,12,0.05,1.0,0.5,2.0881,0.965102830765118,0.9823619317924353,increasing
extrapolated,N=120.0|D=300,120.0,300,12,12,0.05,1.0,0.5,2.0619,0.964895206797729,0.9823619317924353,increasing
extrapolated,N=120.0|D=500,120.0,500,12,12,0.05,1.0,0.5,2.0294,0.962021415814868,0.9823619317924353,increasing
extrapolated,N=120.0|D=1000,120.0,1000,12,12,0.05,1.0,0.5,1.9082,0.9625657267770548,0.9823619317924353,increasing
extrapolated,N=120.0|D=2000,120.0,2000,12,12,0.05,1.0,0.5,1.9249,0.9601500197060836,0.9823619317924353,increasing
extrapolated,N=300.0|D=5,300.0,5,12,12,0.05,1.0,0.5,2.478,0.9687137103866676,0.9823619317924353,increasing
extrapolated,N=300.0|D=10,300.0,10,12,12,0.05,1.0,0.5,2.4246,0.9652133602752412,0.9823619317924353,increasing
extrapolated,N=300.0|D=20,300.0,20,12,12,0.05,1.0,0.5,2.3267,0.963599218345927,0.9823619317924353,increasing
extrapolated,N=300.0|D=50,300.0,50,12,12,0.05,1.0,0.5,2.1404,0.9595603876296144,0.9823619317924353,increasing
extrapolated,N=300.0|D=100,300.0,100,12,12,0.05,1.0,0.5,2.018,0.958074477313106,0.9823619317924353,increasing
extrapolated,N=300.0|D=150,300.0,150,12,12,0.05,1.0,0.5,2.0823,0.9558672576066488,0.9823619317924353,increasing
extrapolated,N=300.0|D=300,300.0,300,12,12,0.05,1.0,0.5,1.9949,0.9551182959779748,0.9823619317924353,increasing
extrapolated,N=300.0|D=500,300.0,500,12,12,0.05,1.0,0.5,1.92,0.9551090244982094,0.9823619317924353,increasing
extrapolated,N=300.0|D=1000,300.0,1000,12,12,0.05,1.0,0.5,1.9425,0.9526887241528874,0.9823619317924353,increasing
extrapolated,N=300.0|D=2000,300.0,2000,12,12,0.05,1.0,0.5,1.8777,0.9524192127855968,0.9644013324700096,increasing
extrapolated,N=700.0|D=5,700.0,5,12,12,0.05,1.0,0.5,2.5391,0.9602684216037694,0.9823619317924353,increasing
extrapolated,N=700.0|D=10,700.0,10,12,12,0.05,1.0,0.5,2.4033,0.9579050617871192,0.9823619317924353,increasing
extrapolated,N=700.0|D=20,700.0,20,12,12,0.05,1.0,0.5,2.2974,0.9578648966850196,0.9823619317924353,increasing
extrapolated,N=700.0|D=50,700.0,50,12,12,0.05,1.0,0.5,2.071,0.950397182544622,0.9823619317924353,increasing
extrapolated,N=700.0|D=100,700.0,100,12,12,0.05,1.0,0.5,2.0708,0.9488258467268382,0.9644013324700096,increasing
extrapolated,N=700.0|D=150,700.0,150,12,12,0.05,1.0,0.5,2.0154,0.9494629875442618,0.9644013324700096,increasing
extrapolated,N=700.0|D=300,700.0,300,12,12,0.05,1.0,0.5,2.0155,0.9470051116433388,0.9644013324700096,increasing
extrapolated,N=700.0|D=500,700.0,500,12,12,0.05,1.0,0.5,1.9675,0.9467075508115652,0.9644013324700096,increasing
extrapolated,N=700.0|D=1000,700.0,1000,12,12,0.05,1.0,0.5,1.882,0.9463945245730472,0.9644013324700096,increasing
extrapolated,N=700.0|D=2000,700.0,2000,12,12,0.05,1.0,0.5,1.8865,0.943022717168846,0.9644013324700096,increasing
