attachment,source_file,rows,columns,full_duplicate_rows,required_columns_missing,numeric_invalid_rows,status,provenance_type
B1,data/real_attachments/B_scaling_laws/pythia_training_log_existing.csv,1176,15,0,,0,valid,reported_observation
B2,data/real_attachments/B_scaling_laws/cerebras_training_log.csv,1029,15,0,,0,valid,semi_synthetic
B3,data/real_attachments/B_scaling_laws/training_trajectories/pythia_0.070542B_trajectory.csv,500,5,0,,0,valid,interpolated
B3,data/real_attachments/B_scaling_laws/training_trajectories/pythia_0.162405B_trajectory.csv,500,5,0,,0,valid,interpolated
B3,data/real_attachments/B_scaling_laws/training_trajectories/pythia_0.409009B_trajectory.csv,500,5,0,,0,valid,interpolated
B3,data/real_attachments/B_scaling_laws/training_trajectories/pythia_1.040867B_trajectory.csv,500,5,0,,0,valid,interpolated
B3,data/real_attachments/B_scaling_laws/training_trajectories/pythia_1.416184B_trajectory.csv,500,5,0,,0,valid,interpolated
B3,data/real_attachments/B_scaling_laws/training_trajectories/pythia_2.782831B_trajectory.csv,500,5,0,,0,valid,interpolated
B3,data/real_attachments/B_scaling_laws/training_trajectories/pythia_6.86104B_trajectory.csv,500,5,0,,0,valid,interpolated
B3,data/real_attachments/B_scaling_laws/training_trajectories/pythia_11.965825B_trajectory.csv,500,5,0,,0,valid,interpolated
B4,data/real_attachments/B_scaling_laws/scaling_baseline.csv,57,5,0,,0,valid,reported_observation
B5,data/real_attachments/B_scaling_laws/published_scaling_data.csv,44,6,0,,0,valid,mixed_reported_sources
B6,data/real_attachments/B_scaling_laws/supplementary_NQ_experiment.csv,360,5,0,,0,valid,semi_synthetic
B7,data/real_attachments/B_scaling_laws/supplementary_NQ_experiment_expanded.csv,450,5,0,,0,valid,semi_synthetic
B8,data/real_attachments/B_scaling_laws/supplementary_NQ_experiment_large.csv,1704,6,0,,0,valid,semi_synthetic_and_extrapolated
B9,data/real_attachments/B_scaling_laws/supplementary_large_models.csv,132,8,0,,4,numeric_invalid_present,metadata_only
B10,data/real_attachments/B_scaling_laws/supplementary_large_baseline.csv,128,5,0,,0,valid,estimated_reference
B11,data/real_attachments/B_scaling_laws/open_model_family_metadata.csv,18,8,0,,0,valid,metadata_only
B12,data/real_attachments/B_scaling_laws/pythia_checkpoint_index.csv,1386,5,0,,0,valid,metadata_only
