attachment,loss_column,loss_name,metric_type,validation_dataset,tokenizer,vocab,evaluation_protocol,observed_or_estimated,directly_comparable_to_B1,evidence,metric_definition,evaluation_dataset,tokenizer_if_known,absolute_comparable_to_B1,trend_comparable_to_B1
B1,val_loss,validation cross-entropy per contest description,cross_entropy_reported,unknown,unknown,unknown,unknown,reported_observation,within_B1,"docs/数据说明.pdf pp.1,9-11; actual CSV header; no per-source tokenizer/eval protocol supplied",validation cross-entropy per contest description,unknown,unknown,within_B1,conditional_on_loss_semantics
B2,val_loss,validation cross-entropy per contest description,cross_entropy_reported,unknown,unknown,unknown,unknown,semi_synthetic,uncertain,"docs/数据说明.pdf pp.1,9-11; actual CSV header; no per-source tokenizer/eval protocol supplied",validation cross-entropy per contest description,unknown,unknown,uncertain,conditional_on_loss_semantics
B3,val_loss,validation cross-entropy per contest description,cross_entropy_reported,unknown,unknown,unknown,unknown,interpolated,uncertain,"docs/数据说明.pdf pp.1,9-11; actual CSV header; no per-source tokenizer/eval protocol supplied",validation cross-entropy per contest description,unknown,unknown,uncertain,conditional_on_loss_semantics
B4,val_loss,validation cross-entropy per contest description,cross_entropy_reported,unknown,unknown,unknown,unknown,reported_observation,uncertain,"docs/数据说明.pdf pp.1,9-11; actual CSV header; no per-source tokenizer/eval protocol supplied",validation cross-entropy per contest description,unknown,unknown,uncertain,conditional_on_loss_semantics
B5,val_loss,validation cross-entropy per contest description,cross_entropy_reported,unknown,unknown,unknown,unknown,mixed_reported_sources,uncertain,"docs/数据说明.pdf pp.1,9-11; actual CSV header; no per-source tokenizer/eval protocol supplied",validation cross-entropy per contest description,unknown,unknown,uncertain,conditional_on_loss_semantics
B6,val_loss,validation cross-entropy per contest description,cross_entropy_reported,unknown,unknown,unknown,unknown,semi_synthetic,uncertain,"docs/数据说明.pdf pp.1,9-11; actual CSV header; no per-source tokenizer/eval protocol supplied",validation cross-entropy per contest description,unknown,unknown,uncertain,conditional_on_loss_semantics
B7,val_loss,validation cross-entropy per contest description,cross_entropy_reported,unknown,unknown,unknown,unknown,semi_synthetic,uncertain,"docs/数据说明.pdf pp.1,9-11; actual CSV header; no per-source tokenizer/eval protocol supplied",validation cross-entropy per contest description,unknown,unknown,uncertain,conditional_on_loss_semantics
B8,val_loss,validation cross-entropy per contest description,cross_entropy_reported,unknown,unknown,unknown,unknown,semi_synthetic_and_extrapolated,uncertain,"docs/数据说明.pdf pp.1,9-11; actual CSV header; no per-source tokenizer/eval protocol supplied",validation cross-entropy per contest description,unknown,unknown,uncertain,conditional_on_loss_semantics
B10,val_loss,validation cross-entropy per contest description,cross_entropy_reported,unknown,unknown,unknown,unknown,estimated_reference,uncertain,"docs/数据说明.pdf pp.1,9-11; actual CSV header; no per-source tokenizer/eval protocol supplied",validation cross-entropy per contest description,unknown,unknown,uncertain,conditional_on_loss_semantics
