attachment,source_file,column,dtype,non_null,null_count,unique_count,numeric_min,numeric_max
B1,data/real_attachments/B_scaling_laws/pythia_training_log_existing.csv,run_id,int64,1176,0,1176,8.0,1232.0
B1,data/real_attachments/B_scaling_laws/pythia_training_log_existing.csv,N_params_B,float64,1176,0,8,0.070542,11.965825
B1,data/real_attachments/B_scaling_laws/pythia_training_log_existing.csv,D_tokens_B,float64,1176,0,147,0.134,299.893
B1,data/real_attachments/B_scaling_laws/pythia_training_log_existing.csv,C_FLOPs_1e21,float64,1176,0,1151,0.0001,21.5308
B1,data/real_attachments/B_scaling_laws/pythia_training_log_existing.csv,steps,int64,1176,0,147,64.0,143000.0
B1,data/real_attachments/B_scaling_laws/pythia_training_log_existing.csv,batch_tokens_M,float64,1176,0,2,2.09,2.1
B1,data/real_attachments/B_scaling_laws/pythia_training_log_existing.csv,lr,float64,1176,0,8,0.00019,0.000318
B1,data/real_attachments/B_scaling_laws/pythia_training_log_existing.csv,wd,float64,1176,0,91,0.01,0.1
B1,data/real_attachments/B_scaling_laws/pythia_training_log_existing.csv,precision,str,1176,0,2,,
B1,data/real_attachments/B_scaling_laws/pythia_training_log_existing.csv,gpu_days,float64,1176,0,765,0.0,798.7
B1,data/real_attachments/B_scaling_laws/pythia_training_log_existing.csv,step_time_ms,float64,1176,0,8,100.4,1307.4
B1,data/real_attachments/B_scaling_laws/pythia_training_log_existing.csv,train_loss,float64,1176,0,1098,1.943,4.4729
B1,data/real_attachments/B_scaling_laws/pythia_training_log_existing.csv,val_loss,float64,1176,0,1132,2.0933,4.7388
B1,data/real_attachments/B_scaling_laws/pythia_training_log_existing.csv,ppl,float64,1176,0,735,8.11,114.3
B1,data/real_attachments/B_scaling_laws/pythia_training_log_existing.csv,grad_norm_avg,float64,1176,0,762,0.392,25.788
B2,data/real_attachments/B_scaling_laws/cerebras_training_log.csv,run_id,str,1029,0,7,,
B2,data/real_attachments/B_scaling_laws/cerebras_training_log.csv,N_params_B,float64,1029,0,7,0.111,13.0
B2,data/real_attachments/B_scaling_laws/cerebras_training_log.csv,D_tokens_B,float64,1029,0,143,14.0,2050.0
B2,data/real_attachments/B_scaling_laws/cerebras_training_log.csv,C_FLOPs_1e21,float64,1029,0,975,0.009548,159.9
B2,data/real_attachments/B_scaling_laws/cerebras_training_log.csv,steps,int64,1029,0,147,1000.0,147000.0
B2,data/real_attachments/B_scaling_laws/cerebras_training_log.csv,batch_tokens_M,float64,1029,0,1,14.3,14.3
B2,data/real_attachments/B_scaling_laws/cerebras_training_log.csv,lr,float64,1029,0,1,0.0006,0.0006
B2,data/real_attachments/B_scaling_laws/cerebras_training_log.csv,wd,float64,1029,0,1,0.1,0.1
B2,data/real_attachments/B_scaling_laws/cerebras_training_log.csv,precision,str,1029,0,1,,
B2,data/real_attachments/B_scaling_laws/cerebras_training_log.csv,gpu_days,float64,0,1029,0,,
B2,data/real_attachments/B_scaling_laws/cerebras_training_log.csv,step_time_ms,float64,0,1029,0,,
B2,data/real_attachments/B_scaling_laws/cerebras_training_log.csv,train_loss,float64,1029,0,985,2.8505,6.504
B2,data/real_attachments/B_scaling_laws/cerebras_training_log.csv,val_loss,float64,1029,0,995,2.8354,6.4979
B2,data/real_attachments/B_scaling_laws/cerebras_training_log.csv,ppl,float64,1029,0,878,17.04,663.77
B2,data/real_attachments/B_scaling_laws/cerebras_training_log.csv,grad_norm_avg,float64,0,1029,0,,
B3,data/real_attachments/B_scaling_laws/training_trajectories/pythia_0.070542B_trajectory.csv,N_params_B,float64,500,0,1,0.070542,0.070542
B3,data/real_attachments/B_scaling_laws/training_trajectories/pythia_0.070542B_trajectory.csv,D_tokens_B,float64,500,0,500,0.134,299.893
B3,data/real_attachments/B_scaling_laws/training_trajectories/pythia_0.070542B_trajectory.csv,val_loss,float64,500,0,499,2.8127,4.7385
B3,data/real_attachments/B_scaling_laws/training_trajectories/pythia_0.070542B_trajectory.csv,step,int64,500,0,117,0.0,143.0
B3,data/real_attachments/B_scaling_laws/training_trajectories/pythia_0.070542B_trajectory.csv,interpolated,int64,500,0,1,1.0,1.0
B3,data/real_attachments/B_scaling_laws/training_trajectories/pythia_0.162405B_trajectory.csv,N_params_B,float64,500,0,1,0.162405,0.162405
B3,data/real_attachments/B_scaling_laws/training_trajectories/pythia_0.162405B_trajectory.csv,D_tokens_B,float64,500,0,500,0.134,299.893
B3,data/real_attachments/B_scaling_laws/training_trajectories/pythia_0.162405B_trajectory.csv,val_loss,float64,500,0,492,2.5959,4.5229
B3,data/real_attachments/B_scaling_laws/training_trajectories/pythia_0.162405B_trajectory.csv,step,int64,500,0,117,0.0,143.0
B3,data/real_attachments/B_scaling_laws/training_trajectories/pythia_0.162405B_trajectory.csv,interpolated,int64,500,0,1,1.0,1.0
B3,data/real_attachments/B_scaling_laws/training_trajectories/pythia_0.409009B_trajectory.csv,N_params_B,float64,500,0,1,0.409009,0.409009
B3,data/real_attachments/B_scaling_laws/training_trajectories/pythia_0.409009B_trajectory.csv,D_tokens_B,float64,500,0,500,0.134,299.893
B3,data/real_attachments/B_scaling_laws/training_trajectories/pythia_0.409009B_trajectory.csv,val_loss,float64,500,0,496,2.4196,4.3484
B3,data/real_attachments/B_scaling_laws/training_trajectories/pythia_0.409009B_trajectory.csv,step,int64,500,0,117,0.0,143.0
B3,data/real_attachments/B_scaling_laws/training_trajectories/pythia_0.409009B_trajectory.csv,interpolated,int64,500,0,1,1.0,1.0
B3,data/real_attachments/B_scaling_laws/training_trajectories/pythia_1.040867B_trajectory.csv,N_params_B,float64,500,0,1,1.040867,1.040867
B3,data/real_attachments/B_scaling_laws/training_trajectories/pythia_1.040867B_trajectory.csv,D_tokens_B,float64,500,0,500,0.134,299.893
B3,data/real_attachments/B_scaling_laws/training_trajectories/pythia_1.040867B_trajectory.csv,val_loss,float64,500,0,496,2.2923,4.2162
B3,data/real_attachments/B_scaling_laws/training_trajectories/pythia_1.040867B_trajectory.csv,step,int64,500,0,117,0.0,143.0
B3,data/real_attachments/B_scaling_laws/training_trajectories/pythia_1.040867B_trajectory.csv,interpolated,int64,500,0,1,1.0,1.0
B3,data/real_attachments/B_scaling_laws/training_trajectories/pythia_1.416184B_trajectory.csv,N_params_B,float64,500,0,1,1.416184,1.416184
B3,data/real_attachments/B_scaling_laws/training_trajectories/pythia_1.416184B_trajectory.csv,D_tokens_B,float64,500,0,500,0.134,299.893
B3,data/real_attachments/B_scaling_laws/training_trajectories/pythia_1.416184B_trajectory.csv,val_loss,float64,500,0,496,2.2523,4.1845
B3,data/real_attachments/B_scaling_laws/training_trajectories/pythia_1.416184B_trajectory.csv,step,int64,500,0,117,0.0,143.0
B3,data/real_attachments/B_scaling_laws/training_trajectories/pythia_1.416184B_trajectory.csv,interpolated,int64,500,0,1,1.0,1.0
B3,data/real_attachments/B_scaling_laws/training_trajectories/pythia_2.782831B_trajectory.csv,N_params_B,float64,500,0,1,2.782831,2.782831
B3,data/real_attachments/B_scaling_laws/training_trajectories/pythia_2.782831B_trajectory.csv,D_tokens_B,float64,500,0,500,0.134,299.893
B3,data/real_attachments/B_scaling_laws/training_trajectories/pythia_2.782831B_trajectory.csv,val_loss,float64,500,0,496,2.1897,4.1185
B3,data/real_attachments/B_scaling_laws/training_trajectories/pythia_2.782831B_trajectory.csv,step,int64,500,0,117,0.0,143.0
B3,data/real_attachments/B_scaling_laws/training_trajectories/pythia_2.782831B_trajectory.csv,interpolated,int64,500,0,1,1.0,1.0
B3,data/real_attachments/B_scaling_laws/training_trajectories/pythia_6.86104B_trajectory.csv,N_params_B,float64,500,0,1,6.86104,6.86104
B3,data/real_attachments/B_scaling_laws/training_trajectories/pythia_6.86104B_trajectory.csv,D_tokens_B,float64,500,0,500,0.134,299.893
B3,data/real_attachments/B_scaling_laws/training_trajectories/pythia_6.86104B_trajectory.csv,val_loss,float64,500,0,497,2.1224,4.0498
B3,data/real_attachments/B_scaling_laws/training_trajectories/pythia_6.86104B_trajectory.csv,step,int64,500,0,117,0.0,143.0
B3,data/real_attachments/B_scaling_laws/training_trajectories/pythia_6.86104B_trajectory.csv,interpolated,int64,500,0,1,1.0,1.0
B3,data/real_attachments/B_scaling_laws/training_trajectories/pythia_11.965825B_trajectory.csv,N_params_B,float64,500,0,1,11.965825,11.965825
B3,data/real_attachments/B_scaling_laws/training_trajectories/pythia_11.965825B_trajectory.csv,D_tokens_B,float64,500,0,500,0.134,299.893
B3,data/real_attachments/B_scaling_laws/training_trajectories/pythia_11.965825B_trajectory.csv,val_loss,float64,500,0,492,2.0936,4.0229
B3,data/real_attachments/B_scaling_laws/training_trajectories/pythia_11.965825B_trajectory.csv,step,int64,500,0,117,0.0,143.0
B3,data/real_attachments/B_scaling_laws/training_trajectories/pythia_11.965825B_trajectory.csv,interpolated,int64,500,0,1,1.0,1.0
B4,data/real_attachments/B_scaling_laws/scaling_baseline.csv,family,str,57,0,12,,
B4,data/real_attachments/B_scaling_laws/scaling_baseline.csv,N_params_B,float64,57,0,42,0.07,72.0
B4,data/real_attachments/B_scaling_laws/scaling_baseline.csv,D_tokens_B,int64,57,0,30,6.0,33739.0
B4,data/real_attachments/B_scaling_laws/scaling_baseline.csv,val_loss,float64,57,0,50,1.71,4.3629
B4,data/real_attachments/B_scaling_laws/scaling_baseline.csv,is_converged,int64,57,0,1,1.0,1.0
B5,data/real_attachments/B_scaling_laws/published_scaling_data.csv,family,str,44,0,9,,
B5,data/real_attachments/B_scaling_laws/published_scaling_data.csv,N_params_B,float64,44,0,32,0.125,540.0
B5,data/real_attachments/B_scaling_laws/published_scaling_data.csv,D_tokens_B,int64,44,0,15,5.0,2000.0
B5,data/real_attachments/B_scaling_laws/published_scaling_data.csv,val_loss,float64,44,0,43,1.473,3.015
B5,data/real_attachments/B_scaling_laws/published_scaling_data.csv,source,str,44,0,6,,
B5,data/real_attachments/B_scaling_laws/published_scaling_data.csv,is_converged,int64,44,0,1,1.0,1.0
B6,data/real_attachments/B_scaling_laws/supplementary_NQ_experiment.csv,experiment_id,str,360,0,360,,
B6,data/real_attachments/B_scaling_laws/supplementary_NQ_experiment.csv,N_params_B,float64,360,0,9,0.07,11.97
B6,data/real_attachments/B_scaling_laws/supplementary_NQ_experiment.csv,D_tokens_B,int64,360,0,5,10.0,600.0
B6,data/real_attachments/B_scaling_laws/supplementary_NQ_experiment.csv,Q_score,float64,360,0,8,0.1,1.0
B6,data/real_attachments/B_scaling_laws/supplementary_NQ_experiment.csv,val_loss,float64,360,0,357,2.0161,3.7216
B7,data/real_attachments/B_scaling_laws/supplementary_NQ_experiment_expanded.csv,experiment_id,str,450,0,450,,
B7,data/real_attachments/B_scaling_laws/supplementary_NQ_experiment_expanded.csv,N_params_B,float64,450,0,9,0.07,11.97
B7,data/real_attachments/B_scaling_laws/supplementary_NQ_experiment_expanded.csv,D_tokens_B,float64,450,0,5,10.0,600.0
B7,data/real_attachments/B_scaling_laws/supplementary_NQ_experiment_expanded.csv,Q_score,float64,450,0,10,0.1,1.0
B7,data/real_attachments/B_scaling_laws/supplementary_NQ_experiment_expanded.csv,val_loss,float64,450,0,443,2.0161,3.7216
B8,data/real_attachments/B_scaling_laws/supplementary_NQ_experiment_large.csv,experiment_id,str,1704,0,1704,,
B8,data/real_attachments/B_scaling_laws/supplementary_NQ_experiment_large.csv,N_params_B,float64,1704,0,15,0.07,700.0
B8,data/real_attachments/B_scaling_laws/supplementary_NQ_experiment_large.csv,D_tokens_B,int64,1704,0,10,5.0,2000.0
B8,data/real_attachments/B_scaling_laws/supplementary_NQ_experiment_large.csv,Q_score,float64,1704,0,12,0.05,1.0
B8,data/real_attachments/B_scaling_laws/supplementary_NQ_experiment_large.csv,val_loss,float64,1704,0,1298,0.5,3.3659
B8,data/real_attachments/B_scaling_laws/supplementary_NQ_experiment_large.csv,data_type,str,1704,0,2,,
B9,data/real_attachments/B_scaling_laws/supplementary_large_models.csv,model_name,str,132,0,132,,
B9,data/real_attachments/B_scaling_laws/supplementary_large_models.csv,N_params_B,float64,132,0,71,100.0,10000.0
B9,data/real_attachments/B_scaling_laws/supplementary_large_models.csv,D_tokens_B,float64,132,0,100,0.0,36000.0
B9,data/real_attachments/B_scaling_laws/supplementary_large_models.csv,FLOPs,float64,121,11,107,1.449e+18,4.9999999999999994e+26
B9,data/real_attachments/B_scaling_laws/supplementary_large_models.csv,publication_date,str,132,0,114,,
B9,data/real_attachments/B_scaling_laws/supplementary_large_models.csv,organization,str,131,1,67,,
B9,data/real_attachments/B_scaling_laws/supplementary_large_models.csv,accessibility,str,130,2,6,,
B9,data/real_attachments/B_scaling_laws/supplementary_large_models.csv,country,str,131,1,21,,
B10,data/real_attachments/B_scaling_laws/supplementary_large_baseline.csv,family,str,128,0,128,,
B10,data/real_attachments/B_scaling_laws/supplementary_large_baseline.csv,N_params_B,float64,128,0,71,100.0,10000.0
B10,data/real_attachments/B_scaling_laws/supplementary_large_baseline.csv,D_tokens_B,float64,128,0,99,0.1,36000.0
B10,data/real_attachments/B_scaling_laws/supplementary_large_baseline.csv,val_loss,float64,128,0,115,1.7838,4.0812
B10,data/real_attachments/B_scaling_laws/supplementary_large_baseline.csv,is_converged,int64,128,0,1,1.0,1.0
B11,data/real_attachments/B_scaling_laws/open_model_family_metadata.csv,family,str,18,0,3,,
B11,data/real_attachments/B_scaling_laws/open_model_family_metadata.csv,model_repo,str,18,0,18,,
B11,data/real_attachments/B_scaling_laws/open_model_family_metadata.csv,config_bytes,int64,18,0,11,359.0,1322.0
B11,data/real_attachments/B_scaling_laws/open_model_family_metadata.csv,readme_bytes,int64,18,0,13,10560.0,17697.0
B11,data/real_attachments/B_scaling_laws/open_model_family_metadata.csv,weight_file_count,int64,18,0,4,1.0,6.0
B11,data/real_attachments/B_scaling_laws/open_model_family_metadata.csv,weight_total_bytes,int64,18,0,18,56303938.0,55104826062.0
B11,data/real_attachments/B_scaling_laws/open_model_family_metadata.csv,source_url,str,18,0,18,,
B11,data/real_attachments/B_scaling_laws/open_model_family_metadata.csv,error,float64,0,18,0,,
B12,data/real_attachments/B_scaling_laws/pythia_checkpoint_index.csv,model_repo,str,1386,0,9,,
B12,data/real_attachments/B_scaling_laws/pythia_checkpoint_index.csv,model_size,str,1386,0,9,,
B12,data/real_attachments/B_scaling_laws/pythia_checkpoint_index.csv,step,int64,1386,0,154,0.0,143000.0
B12,data/real_attachments/B_scaling_laws/pythia_checkpoint_index.csv,branch,str,1386,0,154,,
B12,data/real_attachments/B_scaling_laws/pythia_checkpoint_index.csv,commit,str,1386,0,1384,,
