base,pre_model,chat_model,N,S_pre,S_chat,delta_S,year,date,dlnS,dlnL,Nband
01-ai/yi-1.5-34b,01-ai/Yi-1.5-34B,01-ai/Yi-1.5-34B-Chat,34.389,25.64649419429311,33.35799367075618,7.7114994764630715,2024.4462696783025,2024-06-12,0.2628905502277088,-0.09611031705030848,10–40B
01-ai/yi-1.5-6b,01-ai/Yi-1.5-6B,01-ai/Yi-1.5-6B-Chat,6.061,16.745698054972127,22.784006289829847,6.03830823485772,2024.807665982204,2024-10-22,0.3079174185480129,-0.11257171737945121,3–10B
01-ai/yi-1.5-9b,01-ai/Yi-1.5-9B,01-ai/Yi-1.5-9B-Chat,8.829,22.153901514184795,29.530872220260974,7.376970706076179,2024.4462696783025,2024-06-12,0.28742261049530216,-0.10507900796815785,3–10B
01-ai/yi-34b,01-ai/Yi-34B,01-ai/Yi-34B-Chat,34.389,22.373127018936653,24.226662652803373,1.85353563386672,2024.4462696783025,2024-06-12,0.07959323717401601,-0.029098540260306366,10–40B
01-ai/yi-6b,01-ai/Yi-6B,01-ai/Yi-6B-Chat,6.061,13.611617485376058,14.11765000523676,0.5060325198607014,2024.4462696783025,2024-06-12,0.03650213302625582,-0.0133448371389814,3–10B
allenai/olmoe-1b-7b-0924,allenai/OLMoE-1B-7B-0924,allenai/OLMoE-1B-7B-0924-Instruct,6.919,7.266580603765461,13.698377341715071,6.43179673794961,2024.7474332648871,2024-09-30,0.633991546070384,-0.2317813570980821,3–10B
braindao/qwen2.5-14b,braindao/Qwen2.5-14B,braindao/Qwen2.5-14B-Instruct,14.77,32.436238941896505,41.60549009199536,9.169251150098852,2025.1752224503764,2025-03-06,0.24895584830477402,-0.09101592085137791,10–40B
bramvanroy/fietje-2,BramVanroy/fietje-2,BramVanroy/fietje-2-chat,2.78,9.140300477810824,10.615455210257904,1.4751547324470806,2024.8240930869267,2024-10-28,0.14961771795554846,-0.0546988330185166,<3B
bramvanroy/fietje-2,BramVanroy/fietje-2,BramVanroy/fietje-2-instruct,2.78,9.140300477810824,10.48571837435655,1.345417896545726,2024.8240930869267,2024-10-28,0.13732091653039857,-0.05020323786436536,<3B
deci/decilm-7b,Deci/DeciLM-7B,Deci/DeciLM-7B-instruct,7.044,15.023477940437225,17.470092220993035,2.44661428055581,2024.4462696783025,2024-06-12,0.1508762294637549,-0.055158933010549076,3–10B
dicta-il/dictalm2.0,dicta-il/dictalm2.0,dicta-il/dictalm2.0-instruct,7.251,11.895185345587594,16.7792214696191,4.884036124031505,2024.580424366872,2024-07-31,0.34400757819492744,-0.1257659409187027,3–10B
google/gemma-2-27b,google/gemma-2-27b,google/gemma-2-27b-it,27.227,23.926167340782825,36.17428251510342,12.248115174320596,2024.599589322382,2024-08-07,0.4133757107767613,-0.1511262789371408,10–40B
google/gemma-2-2b-jpn,google/gemma-2-2b-jpn-it,google/gemma-2-2b-jpn-it,2.614,17.11540570593849,16.678630066922224,-0.4367756390162647,2024.7857631759068,2024-10-14,-0.02585071312379661,0.009450778022080433,<3B
google/gemma-2-9b,google/gemma-2-9b,google/gemma-2-9b-it,9.0,21.205286776100692,32.07276025267082,10.867473476570126,2024.5256673511294,2024-07-11,0.41375655279991097,-0.1512655112053197,3–10B
google/gemma-2b,google/gemma-2b,google/gemma-2b-it,2.506,7.321959810488082,7.485804130315127,0.16384431982704495,2024.4462696783025,2024-06-12,0.022130418528800266,-0.00809067324564043,<3B
google/gemma-7b,google/gemma-7b,google/gemma-7b-it,8.538,15.442818570272308,13.067087110466217,-2.375731459806092,2024.4462696783025,2024-06-12,-0.16704744339249133,0.06107097700160543,3–10B
google/recurrentgemma-2b,google/recurrentgemma-2b,google/recurrentgemma-2b-it,2.683,7.01512699699078,7.995905374047496,0.9807783770567156,2024.4462696783025,2024-06-12,0.130860765382677,-0.047841467255027595,<3B
google/recurrentgemma-9b,google/recurrentgemma-9b,google/recurrentgemma-9b-it,9.0,13.709460856107864,19.218115006306835,5.508654150198971,2024.5092402464065,2024-07-05,0.3377671562022102,-0.12348450122553657,3–10B
huggingfacetb/smollm-1.7b,HuggingFaceTB/SmolLM-1.7B,HuggingFaceTB/SmolLM-1.7B-Instruct,1.71,5.576455936269043,5.490688803655309,-0.08576713261373392,2024.5448323066394,2024-07-18,-0.015499724940973403,0.0056665539213151764,<3B
huggingfacetb/smollm-135m,HuggingFaceTB/SmolLM-135M,HuggingFaceTB/SmolLM-135M-Instruct,0.13,6.951489892134872,3.652287650202965,-3.299202241931907,2024.7802874743327,2024-10-12,-0.643602284824415,0.23529495295741415,<3B
huggingfacetb/smollm-360m,HuggingFaceTB/SmolLM-360M,HuggingFaceTB/SmolLM-360M-Instruct,0.36,6.260888857386585,5.0088989557053685,-1.2519899016812168,2024.6351813826147,2024-08-20,-0.2231060434065668,0.08156547486804622,<3B
huggingfacetb/smollm2-1.7b,HuggingFaceTB/SmolLM2-1.7B,HuggingFaceTB/SmolLM2-1.7B-Instruct,1.71,9.5836210417532,15.02227766709556,5.438656625342359,2024.848733744011,2024-11-06,0.44947877725001995,-0.16432522109092967,<3B
huggingfacetb/smollm2-135m,HuggingFaceTB/SmolLM2-135M,HuggingFaceTB/SmolLM2-135M-Instruct,0.135,5.695927392648112,6.467364720358819,0.7714373277107063,2024.848733744011,2024-11-06,0.1270172910714118,-0.046436329130776076,<3B
huggingfacetb/smollm2-360m,HuggingFaceTB/SmolLM2-360M,HuggingFaceTB/SmolLM2-360M-Instruct,0.36,6.251282350517303,8.139566424375877,1.888284073858574,2024.848733744011,2024-11-06,0.2639502949917949,-0.09649774978678569,<3B
llm360/k2,LLM360/K2,LLM360/K2-Chat,65.286,14.643753289939289,24.387145154830876,9.743391864891587,2024.4462696783025,2024-06-12,0.5100423076155067,-0.1864666791999074,>40B
meta-llama/llama-3.1-70b,meta-llama/Llama-3.1-70B,meta-llama/Llama-3.1-70B-Instruct,70.554,26.200215843375947,43.409948245645786,17.20973240226984,2024.621492128679,2024-08-15,0.5049209880589478,-0.1845943728508565,>40B
meta-llama/llama-3.2-1b,meta-llama/Llama-3.2-1B,meta-llama/Llama-3.2-1B-Instruct,1.24,4.195140014045501,14.443126333711136,10.247986319665635,2024.7282683093772,2024-09-23,1.2362918993619687,-0.4519767116447807,<3B
meta-llama/llama-3.2-3b,meta-llama/Llama-3.2-3B,meta-llama/Llama-3.2-3B-Instruct,3.213,8.697822716562822,24.204650807793456,15.506828091230634,2024.7392197125257,2024-09-27,1.0234720649626259,-0.3741717782190713,3–10B
meta-llama/meta-llama-3-70b,meta-llama/Meta-Llama-3-70B,meta-llama/Meta-Llama-3-70B-Instruct,70.554,26.705350171613343,36.37222412927012,9.66687395765678,2024.4462696783025,2024-06-12,0.30894148369039476,-0.11294610598120672,>40B
meta-llama/meta-llama-3-8b,meta-llama/Meta-Llama-3-8B,meta-llama/Meta-Llama-3-8B-Instruct,8.03,13.626857071686077,23.908735693936837,10.28187862225076,2024.4462696783025,2024-06-12,0.5622012722606344,-0.20553550698666853,3–10B
microsoft/phi-4,microsoft/phi-4,microsoft/phi-4,14.66,29.48341679122318,30.35812781134617,0.8747110201229873,2025.01916495551,2025-01-08,0.029236321719095404,-0.010688524739185978,10–40B
primeintellect/intellect-1,PrimeIntellect/INTELLECT-1,PrimeIntellect/INTELLECT-1-Instruct,10.211,3.8063018019018697,1.4059110426100174,-2.4003907592918523,2024.911704312115,2024-11-29,-0.9959725405280819,0.3641182102614272,10–40B
qwen/qwen1.5-0.5b,Qwen/Qwen1.5-0.5B,Qwen/Qwen1.5-0.5B-Chat,0.62,5.3510150735736985,5.67816209115329,0.3271470175795912,2024.4462696783025,2024-06-12,0.059341328580954755,-0.021694632611031606,<3B
qwen/qwen1.5-1.8b,Qwen/Qwen1.5-1.8B,Qwen/Qwen1.5-1.8B-Chat,1.837,9.269492522098927,9.257783499275524,-0.011709022823403359,2024.4462696783025,2024-06-12,-0.0012639768921012262,0.0004620980850733836,<3B
qwen/qwen1.5-110b,Qwen/Qwen1.5-110B,Qwen/Qwen1.5-110B-Chat,111.21,29.83367750486893,33.12715289782008,3.2934753929511515,2024.4462696783025,2024-06-12,0.10471540231395293,-0.03828296797936348,>40B
qwen/qwen1.5-14b,Qwen/Qwen1.5-14B,Qwen/Qwen1.5-14B-Chat,14.167,20.854080062460586,23.566106475051377,2.7120264125907916,2024.4462696783025,2024-06-12,0.1222598978952174,-0.04469707084971206,10–40B
qwen/qwen1.5-32b,Qwen/Qwen1.5-32B,Qwen/Qwen1.5-32B-Chat,32.512,27.2987558571606,29.25746822860332,1.9587123714427186,2024.4462696783025,2024-06-12,0.06929373698838726,-0.025333139687927195,10–40B
qwen/qwen1.5-4b,Qwen/Qwen1.5-4B,Qwen/Qwen1.5-4B-Chat,3.95,11.76818275851784,12.627280110791752,0.8590973522739116,2024.4462696783025,2024-06-12,0.07046004838555886,-0.02575953218497381,3–10B
qwen/qwen1.5-7b,Qwen/Qwen1.5-7B,Qwen/Qwen1.5-7B-Chat,7.721,16.024674155407357,17.62098662745355,1.5963124720461934,2024.4462696783025,2024-06-12,0.0949609446039501,-0.0347168298190144,3–10B
qwen/qwen1.5-moe-a2.7b,Qwen/Qwen1.5-MoE-A2.7B,Qwen/Qwen1.5-MoE-A2.7B-Chat,14.316,13.945920112290064,15.880899856122356,1.934979743832292,2024.4462696783025,2024-06-12,0.1299301197938867,-0.04750123196500811,10–40B
qwen/qwen2-0.5b,Qwen/Qwen2-0.5B,Qwen/Qwen2-0.5B-Instruct,0.494,7.224121473565234,6.586780633287707,-0.6373408402775276,2024.4462696783025,2024-06-12,-0.09236092512431338,0.03376628710719606,<3B
qwen/qwen2-1.5b,Qwen/Qwen2-1.5B,Qwen/Qwen2-1.5B-Instruct,1.544,10.445452935561454,14.141936815181689,3.696483879620235,2024.4462696783025,2024-06-12,0.3029778673553385,-0.11076586383772839,<3B
qwen/qwen2-57b-a14b,Qwen/Qwen2-57B-A14B,Qwen/Qwen2-57B-A14B-Instruct,57.409,25.0338731324107,33.015868823547095,7.981995691136394,2024.6187542778919,2024-08-14,0.27675848624307875,-0.10118030426025619,>40B
qwen/qwen2-72b,Qwen/Qwen2-72B,Qwen/Qwen2-72B-Instruct,72.706,35.45667093247413,43.59406246367795,8.137391531203818,2024.4845995893224,2024-06-26,0.2066095451497345,-0.07553450998052663,>40B
qwen/qwen2-7b,Qwen/Qwen2-7B,Qwen/Qwen2-7B-Instruct,7.616,23.9251621404824,27.93668778218485,4.011525641702452,2024.4462696783025,2024-06-12,0.15501008492998514,-0.056670231758851,3–10B
qwen/qwen2.5-0.5b,Qwen/Qwen2.5-0.5B,Qwen/Qwen2.5-0.5B-Instruct,0.5,6.550067614297009,8.140647319276075,1.5905797049790662,2024.7173169062287,2024-09-19,0.21739432771791445,-0.07947732523595746,<3B
qwen/qwen2.5-1.5b,Qwen/Qwen2.5-1.5B,Qwen/Qwen2.5-1.5B-Instruct,1.5,13.852701161320264,18.430509141644382,4.577807980324119,2024.7173169062287,2024-09-19,0.2855271536840478,-0.10438604675320724,<3B
qwen/qwen2.5-14b,Qwen/Qwen2.5-14B,Qwen/Qwen2.5-14B-Instruct,14.77,31.951062693148973,41.30945747711163,9.358394783962655,2024.7145790554414,2024-09-18,0.2568860269530844,-0.09391511971377339,10–40B
qwen/qwen2.5-32b,Qwen/Qwen2.5-32B,Qwen/Qwen2.5-32B-Instruct,32.764,38.00796730514634,46.59714569921449,8.58917839406815,2024.7173169062287,2024-09-19,0.20374348449139656,-0.07448670511146732,10–40B
qwen/qwen2.5-3b,Qwen/Qwen2.5-3B,Qwen/Qwen2.5-3B-Instruct,3.086,18.102770217683673,27.16175720903232,9.058986991348647,2024.7173169062287,2024-09-19,0.4057450217541505,-0.1483365706701826,3–10B
qwen/qwen2.5-72b,Qwen/Qwen2.5-72B,Qwen/Qwen2.5-72B-Instruct,72.706,38.441143572535815,47.98045991216864,9.539316339632826,2024.7912388774812,2024-10-16,0.22166550965781884,-0.08103882925376332,>40B
qwen/qwen2.5-7b,Qwen/Qwen2.5-7B,Qwen/Qwen2.5-7B-Instruct,7.616,26.019159924095096,35.200108659947965,9.18094873585287,2024.7145790554414,2024-09-18,0.3022159827429789,-0.11048732597630201,3–10B
qwen/qwen2.5-coder-14b,Qwen/Qwen2.5-Coder-14B,Qwen/Qwen2.5-Coder-14B-Instruct,14.77,24.829052280388357,32.12283417812606,7.293781897737706,2024.8651608487337,2024-11-12,0.25755269190037344,-0.09415884615960715,10–40B
qwen/qwen2.5-coder-32b,Qwen/Qwen2.5-Coder-32B,Qwen/Qwen2.5-Coder-32B-Instruct,32.764,33.2623633375386,39.8854717744228,6.623108436884195,2024.9418206707735,2024-12-10,0.18158561396952333,-0.0663859956748888,10–40B
qwen/qwen2.5-coder-7b,Qwen/Qwen2.5-Coder-7B,Qwen/Qwen2.5-Coder-7B-Instruct,7.616,19.20949053896225,28.05232118270496,8.842830643742712,2024.851471594798,2024-11-07,0.37866692434400573,-0.1384370724761473,3–10B
qwen/qwen2.5-math-7b,Qwen/Qwen2.5-Math-7B,Qwen/Qwen2.5-Math-7B-Instruct,7.616,17.836657156289718,21.76814573761254,3.931488581322821,2024.7173169062287,2024-09-19,0.1991919660352397,-0.07282271269522161,3–10B
stabilityai/stablelm-2-12b,stabilityai/stablelm-2-12b,stabilityai/stablelm-2-12b-chat,12.143,13.998663061157224,16.778178021081665,2.779514959924441,2024.4462696783025,2024-06-12,0.18111728533169114,-0.06621477912173843,10–40B
stabilityai/stablelm-2-1_6b,stabilityai/stablelm-2-1_6b,stabilityai/stablelm-2-1_6b-chat,1.645,5.316831473392678,8.867360692101089,3.5505292187084114,2024.4462696783025,2024-06-12,0.5114996593889691,-0.1869994733261321,<3B
thudm/glm-4-9b,THUDM/glm-4-9b,THUDM/glm-4-9b-chat,9.0,18.006731731716215,10.973477297045166,-7.033254434671049,2024.520191649555,2024-07-09,-0.49526446660700607,0.18106403926699305,3–10B
tiiuae/falcon-40b,tiiuae/falcon-40b,tiiuae/falcon-40b-instruct,40.0,11.40130446230009,10.484506782098748,-0.9167976802013413,2024.438056125941,2024-06-09,-0.08382915245826439,0.0306471511199007,10–40B
tiiuae/falcon-7b,tiiuae/falcon-7b,tiiuae/falcon-7b-instruct,7.0,5.17344472031948,5.1165739086852,-0.05687081163428065,2024.438056125941,2024-06-09,-0.011053700239719744,0.004041129031448011,3–10B
