sample,scale,qtile,window,g_IFEval,se_IFEval,g_BBH,se_BBH,g_MATH,se_MATH,g_GPQA,se_GPQA,g_MUSR,se_MUSR,g_MMLU_PRO,se_MMLU_PRO,musr_rank,musr_is_slowest,musr_ci_excl0
all lb,lb,0.75,4Q,0.38022870191001223,0.1356803681725102,0.2536283258218699,0.038918881669709186,1.885902845852414,0.16079589052406984,0.46271250436005273,0.15192472829713374,0.09567638757777648,0.03876530556714115,0.364635797286447,0.06781788342117309,1.0,True,True
all lb,lb,0.75,3Q,0.17156351724499422,0.13956078503050157,0.2206350024409175,0.07588893928566649,1.6117993260552237,0.06368170411085476,0.355362354474904,0.3101594066608056,0.13669297199995648,0.06862806215972969,0.35679891253546747,0.15130751893953934,1.0,True,True
all lb,lb,0.75,2Q,,,,,,,,,,,,,,,
all lb,lb,0.9,4Q,0.3420415083755408,0.17814872367137263,0.32949187055619333,0.09280360098284311,1.5079115633030427,0.1596806059050116,0.6283334489348491,0.04423779656674723,0.15835487316562138,0.06972237538612634,0.41656948841382163,0.06940937809681931,1.0,True,True
all lb,lb,0.9,3Q,0.0410884548290846,0.08792196159360781,0.16899840789587026,0.011501703457037936,1.3777459344940144,0.3150412586295244,0.6265892966170151,0.09889308930974339,0.27353898787166364,0.046837460218593696,0.31875901810370894,0.09024131722846003,3.0,False,True
all lb,lb,0.9,2Q,,,,,,,,,,,,,,,
all lb,lb,0.95,4Q,0.1976185118621932,0.12607533672481253,0.19317629970737707,0.0672037376559742,1.1405206555308212,0.3455470060663951,0.43470001073937975,0.05213999858609331,0.060675354283169725,0.13131357258115806,0.2332607921626509,0.09288570738342934,1.0,True,False
all lb,lb,0.95,3Q,-0.019457530399478784,0.030631233157037467,0.09365118590530058,0.07792922844353295,0.544480316176322,0.0700489598605046,0.4218965564407824,0.11541093186015176,0.2881149435717453,0.001288575650332629,0.07644537511370722,0.04640741471153407,4.0,False,True
all lb,lb,0.95,2Q,,,,,,,,,,,,,,,
OPEN_LIC lb,lb,0.75,4Q,0.42034968639562936,0.0798039343476973,0.4849799959754707,0.09822059910665869,2.002573980495159,0.07397533949153702,0.7426432778922477,0.032216987144520357,0.19450990152547476,0.03875044851119555,0.5481614176956763,0.0636594277525658,1.0,True,True
OPEN_LIC lb,lb,0.75,3Q,0.3436665256178056,0.14846827194857246,0.6049187681972902,0.15575915802147688,1.8749110861323974,0.014097160564370105,0.7928305451764929,0.03149182392702075,0.2477724662146314,0.052723982243846744,0.6579762907191552,0.01279725805199564,1.0,True,True
OPEN_LIC lb,lb,0.75,2Q,,,,,,,,,,,,,,,
OPEN_LIC lb,lb,0.9,4Q,0.36247409225345706,0.14879854292134573,0.38988560177064,0.09910972338233606,1.8321801327680078,0.21994851774259566,0.8217221375248626,0.022955605994936026,0.25141364644389813,0.04807118061048168,0.48294808899711344,0.07726311994783362,1.0,True,True
OPEN_LIC lb,lb,0.9,3Q,0.10842155181005728,0.05598103578893616,0.21993127875797397,0.03119134217684274,1.5498732271368452,0.3302394646425832,0.8567337447896974,0.02432649092782927,0.33463964747463437,0.003148536244211258,0.3612783985069455,0.0719404328622723,3.0,False,True
OPEN_LIC lb,lb,0.9,2Q,,,,,,,,,,,,,,,
OPEN_LIC lb,lb,0.95,4Q,0.2259304630804261,0.12308723376724622,0.2053447205491743,0.03928084553096989,1.3431313164408298,0.21600978548720415,0.5571057319228091,0.035340129048887885,0.0932573272205109,0.12590346521797768,0.27665996997926,0.06043581570906675,1.0,True,False
OPEN_LIC lb,lb,0.95,3Q,0.013536036474098526,0.02380507284830591,0.1527256296258213,0.05568042365864461,1.1336112449180662,0.4001708424905945,0.6181719622298684,0.005429806574421269,0.30453848663338146,0.0697055633699889,0.2423116958979662,0.1276561757802128,4.0,False,True
OPEN_LIC lb,lb,0.95,2Q,,,,,,,,,,,,,,,
det∩lb,lb,0.75,4Q,0.3496988333764624,0.15700750181604242,0.13456231405105493,0.07878264325604796,1.315815283987374,0.21620496088469604,0.2975202720802864,0.18663740084101443,-0.11770159291887101,0.0298810608379642,0.12094695930690827,0.13658667118994028,1.0,True,True
det∩lb,lb,0.75,3Q,0.08926274632772963,0.10105371049008417,0.09552985506370786,0.1688025561646422,1.0280528287698545,0.30937174160073827,0.37442308417629355,0.40535275927228936,-0.11621636272241351,0.06678856540943119,0.10223886569734851,0.304460625461221,1.0,True,False
det∩lb,lb,0.75,2Q,,,,,,,,,,,,,,,
det∩lb,lb,0.9,4Q,0.19259939016232153,0.0999152556447413,0.1583321379928293,0.01759395998310058,1.0786153188405927,0.19929511496815797,0.2531606933273901,0.1770469991994898,0.04690999274431047,0.1313187848917398,0.23574696572302162,0.052213841913377454,1.0,True,False
det∩lb,lb,0.9,3Q,0.0287941792185639,0.07207666981916686,0.1283578465556854,0.007092735309452541,1.1037874836830268,0.444450954676402,0.5049445244169503,0.22598606955037776,0.24087961818479023,0.15334956908323774,0.28046330165531724,0.10148321012902838,3.0,False,False
det∩lb,lb,0.9,2Q,,,,,,,,,,,,,,,
det∩lb,lb,0.95,4Q,0.060007012395067484,0.0687155412138607,0.09144993768564783,0.046719740155388004,0.9303731118443281,0.3513315701022127,0.22469823475032058,0.08072091459879306,-0.03314092631825123,0.1589184685554796,0.15189420580175295,0.05575152457639539,1.0,True,False
det∩lb,lb,0.95,3Q,-0.058829764856618345,0.008494820517490278,0.02664352713890187,0.06256105701110144,0.32277312639108496,0.043279597361742514,0.330965984862252,0.11729424145530538,0.2373406471885238,0.0658907851088339,0.06354636954469274,0.05032158758877502,4.0,False,True
det∩lb,lb,0.95,2Q,,,,,,,,,,,,,,,
det∩lb,det,0.75,4Q,0.3385678802537922,0.16774776682491724,0.06627073080858872,0.042917137997331996,1.2182645881312895,0.10186747261127656,0.06315743475200067,0.036609704735518465,-0.03164040987021721,0.011881193065407181,0.09146452790385476,0.10509969256006665,1.0,True,True
det∩lb,det,0.75,3Q,0.05604171444595621,0.0875300468235714,0.056232809603918736,0.0950866476740649,1.3341498805003402,0.171763136038979,0.07623791620721848,0.08010110743476229,-0.01706097976746526,0.018749598389094648,0.0845911856442339,0.23484247661941338,1.0,True,False
det∩lb,det,0.75,2Q,,,,,,,,,,,,,,,
det∩lb,det,0.9,4Q,0.17813588527258162,0.10514762603858334,0.08804990894150913,0.01319910209631633,1.1811853932185663,0.32885289557697395,0.08964156483914465,0.056147637986217656,0.012269901518229412,0.04040064789744233,0.18703280934645505,0.041441081003332686,1.0,True,False
det∩lb,det,0.9,3Q,0.0044683472144276416,0.07080084756400647,0.06529415567333191,0.0028356603125039084,1.6488618068704626,0.41974486874326394,0.18021662700032526,0.04571341649873898,0.07776357508841455,0.03181236064491856,0.2323725995085717,0.07183769915846819,3.0,False,True
det∩lb,det,0.9,2Q,,,,,,,,,,,,,,,
det∩lb,det,0.95,4Q,0.05268692651287783,0.06988258943840539,0.05098477428797447,0.030473119714692357,1.0953260419436746,0.2558246433606268,0.07674154842575831,0.02696350901968147,-0.0014874861991458488,0.06304401430373638,0.11840269256262084,0.04187312386337975,1.0,True,False
det∩lb,det,0.95,3Q,-0.06797985687195937,0.012264875825394568,0.011977642881440669,0.04590346346539818,1.4835152681261334,0.27582563673342975,0.11341798011573159,0.03732585820522519,0.10362678065615784,0.03818014584531092,0.05287754219997501,0.04013581476658334,4.0,False,True
det∩lb,det,0.95,2Q,,,,,,,,,,,,,,,
det∩lb∩OPEN_LIC,lb,0.75,4Q,0.383553561142835,0.07004305748116342,0.37368650252722385,0.12118163602627313,1.6208792822739035,0.05047875645684494,0.5780651309807343,0.22369718580663822,0.059476681872932126,0.06930214621642836,0.36628264249569753,0.10993455607182663,1.0,True,False
det∩lb∩OPEN_LIC,lb,0.75,3Q,0.31693143771632276,0.1308917006158837,0.5724817072788373,0.08694282889516422,1.5463797764669633,0.05907817130449453,0.9613770586915038,0.0729527117165936,0.17252886180145996,0.05208273904755499,0.527048823348649,0.1317260727803767,1.0,True,True
det∩lb∩OPEN_LIC,lb,0.75,2Q,,,,,,,,,,,,,,,
det∩lb∩OPEN_LIC,lb,0.9,4Q,0.2063849258576731,0.0829587541091651,0.2481184773127758,0.020402406853644948,1.2805042594081701,0.17734488105972962,0.45607560776243794,0.22894494778382268,0.011224501211459643,0.2386242341619273,0.2666923532914147,0.07958801286553803,1.0,True,False
det∩lb∩OPEN_LIC,lb,0.9,3Q,0.06670806687254864,0.04352852922862278,0.28238498787857114,0.011149056007078561,1.4471342762552546,0.33313675370085993,0.8523288482426286,0.019610233559723318,0.418566974041955,0.09033903933181094,0.4029886626176981,0.02664805933175505,4.0,False,True
det∩lb∩OPEN_LIC,lb,0.9,2Q,,,,,,,,,,,,,,,
det∩lb∩OPEN_LIC,lb,0.95,4Q,0.13043291526769943,0.0957376390069785,0.15110441799683372,0.01841788027903373,1.1111349838642348,0.2911814129557343,0.3315478483733738,0.17466138261845435,0.04922894501315156,0.24464917644498854,0.25475567474342614,0.056797087051537014,1.0,True,False
det∩lb∩OPEN_LIC,lb,0.95,3Q,-0.03486056757154979,0.01708562255046569,0.1727578757207246,0.030242980191501567,0.6079835905242548,0.044693793989979795,0.6340193750926032,0.00716138472514505,0.4725005795630779,0.025845115304663453,0.25009828444705184,0.12685973887359986,4.0,False,True
det∩lb∩OPEN_LIC,lb,0.95,2Q,,,,,,,,,,,,,,,
det∩lb∩OPEN_LIC,det,0.75,4Q,0.36496493567937094,0.06756283306116226,0.18979478679452672,0.06490513232117795,1.5596969649591348,0.20890123787338233,0.1401049269552317,0.04942542741212272,0.016064417743888743,0.023254331173984594,0.2686797135624097,0.0867232039581833,1.0,True,False
det∩lb∩OPEN_LIC,det,0.75,3Q,0.2777537084648361,0.10073406475704366,0.2926541877517282,0.05856580685597488,1.9081718560724312,0.12572742884689633,0.22454675969082677,0.01817486858579799,0.056298886532979084,0.0024080684887787572,0.39886972861963343,0.09672385343266944,1.0,True,True
det∩lb∩OPEN_LIC,det,0.75,2Q,,,,,,,,,,,,,,,
det∩lb∩OPEN_LIC,det,0.9,4Q,0.17997076792347025,0.09624670718957201,0.1476101421652392,0.015582324014795734,1.3725644134019142,0.31905237694470456,0.13672736241030017,0.07493143266761158,0.01866093594167021,0.06195313332642832,0.21425308698514672,0.06884465491198107,1.0,True,False
det∩lb∩OPEN_LIC,det,0.9,3Q,0.015885545268265064,0.037998369278557355,0.17459558860321767,0.0005946226385651214,1.8281985553302338,0.403692924575601,0.26643768757244557,0.005684826469529334,0.125397188431129,0.014256261279014033,0.33335145186758414,0.007565162719032167,2.0,False,True
det∩lb∩OPEN_LIC,det,0.9,2Q,,,,,,,,,,,,,,,
det∩lb∩OPEN_LIC,det,0.95,4Q,0.10914348210516185,0.0933696995925528,0.08344318162602822,0.014793933573808487,1.2554136963819311,0.26814011050594927,0.11505429703816361,0.06068986525822382,0.008807198808200429,0.07318775033980211,0.2036977748591795,0.04566885959867126,1.0,True,False
det∩lb∩OPEN_LIC,det,0.95,3Q,-0.0522212748621781,0.013851450879611446,0.10420667796858979,0.01938464303648733,1.6683641790862411,0.2743758232203529,0.21970555996081162,0.012773175269477223,0.13483244193037155,0.017653068449110323,0.20156295379845296,0.10208147685524036,3.0,False,True
det∩lb∩OPEN_LIC,det,0.95,2Q,,,,,,,,,,,,,,,
