N,D,L,year,src,tier,C_1e18,rho,ln_rho
1.040867,299.893,2.2904,,B1 Pythia终末(真实),0,1872.8923633859997,0.8002049329639606,-0.22288741791421912
2.782831,299.893,2.1911,,B1 Pythia终末(真实),0,5007.309222497999,0.9715276333116915,-0.028885566604479194
1.416184,299.893,2.2558,,B1 Pythia终末(真实),0,2548.222009872,0.8656792804457835,-0.14424078492024503
0.409009,299.893,2.4209,,B1 Pythia终末(真实),0,735.9536162219999,0.5656849208277724,-0.5697180327638466
0.162405,299.893,2.5978,,B1 Pythia终末(真实),0,292.22473598999994,0.3472658866305944,-1.057664548558051
0.070542,299.893,2.8131,,B1 Pythia终末(真实),0,126.93031203599998,0.1999240636671567,-1.6098176661956498
6.86104,299.893,2.125,,B1 Pythia终末(真实),0,12345.46721232,0.990044873669076,-0.010005009942275461
11.965825,299.893,2.0933,,B1 Pythia终末(真实),0,21530.802940349997,0.929208396580281,-0.07342224177255541
1.3,405.0,2.5317,,B4 跨族收敛(真实),0,3159.0000000000005,0.052560182481667946,-2.94579643293837
65.0,11349.0,1.8828,,B4 跨族收敛(真实),0,4426110.0,0.5528140631134825,-0.5927335670666577
13.0,2229.0,2.0796,,B4 跨族收敛(真实),0,173862.0,0.1441179754964649,-1.9371230405471147
33.0,4583.0,1.9757,,B4 跨族收敛(真实),0,907434.0,0.20816724097784195,-1.5694134791876582
20.0,3000.0,2.0858,,B4 跨族收敛(真实),0,360000.0,0.06280069088444543,-2.767789204223826
72.0,33739.0,1.8505,,B4 跨族收敛(真实),0,14575248.0,0.5541113557616358,-0.5903896092534378
1.4,129.0,2.6238,,B4 跨族收敛(真实),0,1083.6,0.07791866882433128,-2.5520897036704406
12.0,300.0,2.1077,,B4 跨族收敛(真实),0,21600.0,0.7370414299211582,-0.30511117409710803
2.8,300.0,2.4276,,B4 跨族收敛(真实),0,5039.999999999999,0.07783687761971238,-2.5531399547081004
0.16,13.0,3.725,,B4 跨族收敛(真实),0,12.48,0.04236556288520469,-3.161419442857844
2.7,1084.0,2.32,,B4 跨族收敛(真实),0,17560.800000000003,0.06238169550343523,-2.7744833879308293
7.0,1229.0,2.187,,B4 跨族收敛(真实),0,51618.0,0.09942496855506876,-2.3083520041562853
3.5,2200.0,2.3258,,B4 跨族收敛(真实),0,46200.0,0.02233775360240108,-3.801477045347783
0.41,41.0,3.1611,,B4 跨族收敛(真实),0,100.86,0.043378981455420976,-3.1377802534482475
6.9,300.0,2.3285,,B4 跨族收敛(真实),0,12420.000000000002,0.08083030558092515,-2.5154033147050527
0.5,361.0,2.8399,,B4 跨族收敛(真实),0,1083.0,0.020095654788943557,-3.9072516669418462
14.0,4790.0,2.0512,,B4 跨族收敛(真实),0,402360.0,0.10194952578930383,-2.283277433377063
4.2,350.0,2.3867,,B4 跨族收敛(真实),0,8820.000000000002,0.06449080268576009,-2.7412326593671272
7.0,4448.0,2.1464,,B4 跨族收敛(真实),0,186816.0,0.0478540813050432,-3.039598870989167
7.0,2221.0,2.2237,,B4 跨族收敛(真实),0,93282.0,0.034593418825006474,-3.3640918223799297
2.0,1049.0,2.394,,B4 跨族收敛(真实),0,12588.0,0.042220955370939194,-3.164838608420558
7.0,4109.0,2.0973,,B4 跨族收敛(真实),0,172578.0,0.10871104485754532,-2.219061881391708
0.07,6.0,4.3629,,B4 跨族收敛(真实),0,2.5200000000000005,0.035531654017576395,-3.3373313173286525
1.5,680.0,2.5398,,B4 跨族收敛(真实),0,6120.0,0.025489806665992907,-3.6694766453230376
1.0,111.0,2.7965,,B4 跨族收敛(真实),0,666.0,0.04198298023797963,-3.170490975256674
18.0,2800.0,2.0743,,B4 跨族收敛(真实),0,302400.0,0.09059029695648357,-2.4014081692791187
0.12,40.0,3.0,,B4 跨族收敛(真实),0,28.799999999999997,0.3233341695597027,-1.129068909889041
0.35,40.0,2.85,,B4 跨族收敛(真实),0,83.99999999999999,0.24474679321026635,-1.407531099964743
0.77,40.0,2.75,,B4 跨族收敛(真实),0,184.8,0.20011362044849695,-1.608869971500604
1.5,40.0,2.7,,B4 跨族收敛(真实),0,360.0,0.140714813827125,-1.9610200337862367
0.13,300.0,3.11,,B4 跨族收敛(真实),0,234.0,0.023538350474748344,-3.7491242528954687
0.35,300.0,2.88,,B4 跨族收敛(真实),0,629.9999999999999,0.02763361170254025,-3.58872243188518
1.3,300.0,2.65,,B4 跨族收敛(真实),0,2340.0,0.03013216393518101,-3.502162108465952
2.7,300.0,2.5,,B4 跨族收敛(真实),0,4860.000000000001,0.043868257099824434,-3.1265642933412403
6.7,300.0,2.33,,B4 跨族收敛(真实),0,12060.0,0.08198071330597449,-2.5012712629682623
13.0,300.0,2.22,,B4 跨族收敛(真实),0,23400.0,0.1442953135783252,-1.9358932906643822
30.0,300.0,2.1,,B4 跨族收敛(真实),0,54000.0,0.3327957482199337,-1.1002263458981438
0.56,350.0,2.75,,B4 跨族收敛(真实),0,1176.0,0.031446426070478095,-3.4594699407515925
1.7,350.0,2.55,,B4 跨族收敛(真实),0,3569.9999999999995,0.04042995169591306,-3.208184390088691
3.0,350.0,2.45,,B4 跨族收敛(真实),0,6300.0,0.05124590560448946,-2.971119554799155
7.1,350.0,2.3,,B4 跨族收敛(真实),0,14909.999999999998,0.09065047358147504,-2.4007441175094844
7.0,1500.0,2.25,,B4 跨族收敛(真实),0,63000.0,0.037445281291418005,-3.284874577186763
40.0,1500.0,2.05,,B4 跨族收敛(真实),0,360000.0,0.11644203632983689,-2.150361672024749
7.0,8000.0,2.1,,B4 跨族收敛(真实),0,336000.0,0.05348503096391791,-2.9283534592970737
6.0,3000.0,2.1,,B4 跨族收敛(真实),0,108000.0,0.16639787410996684,-1.793373526458089
34.0,3000.0,1.9,,B4 跨族收敛(真实),0,612000.0,2.2916713653436367,0.8292814052141921
70.0,15000.0,1.71,,B4 跨族收敛(真实),0,6300000.0,995785.4789849141,13.811287130823317
32.0,18000.0,1.95,,B4 跨族收敛(真实),0,3456000.0,0.10098561433189827,-2.292777204642772
72.0,18000.0,1.85,,B4 跨族收敛(真实),0,7776000.0,1.0599409808594202,0.05821322813936499
9.0,8000.0,2.1,,B4 跨族收敛(真实),0,432000.0,0.04159946852749171,-3.17966788757798
0.11,2050.0,2.95,,B4 跨族收敛(真实),0,1353.0,0.008867765643050824,-4.725332414838124
0.26,2050.0,2.7,,B4 跨族收敛(真实),0,3198.0,0.015840316753522515,-4.14519689572998
0.59,2050.0,2.5,,B4 跨族收敛(真实),0,7257.0,0.02937849379979975,-3.527492375724838
1.3,2050.0,2.35,,B4 跨族收敛(真实),0,15990.000000000002,0.05060300799574308,-2.9837442578994064
2.7,2050.0,2.22,,B4 跨族收敛(真实),0,33210.00000000001,0.10167149466223453,-2.286008303689382
6.7,2050.0,2.08,,B4 跨族收敛(真实),0,82410.0,0.3020233426892545,-1.1972509709212413
13.0,2050.0,2.0,,B4 跨族收敛(真实),0,159900.0,0.694220853901257,-0.36496513581369106
0.162405,299.893,2.5978,2023.0,C6∩Epoch(真实),1,292.22473598999994,0.3472658866305944,-1.057664548558051
0.409009,299.893,2.4209,2023.0,C6∩Epoch(真实),1,735.9536162219999,0.5656849208277724,-0.5697180327638466
1.040867,299.893,2.2904,2023.0,C6∩Epoch(真实),1,1872.8923633859997,0.8002049329639606,-0.22288741791421912
1.416184,299.893,2.2558,2023.0,C6∩Epoch(真实),1,2548.222009872,0.8656792804457835,-0.14424078492024503
2.782831,299.893,2.1911,2023.0,C6∩Epoch(真实),1,5007.309222497999,0.9715276333116915,-0.028885566604479194
6.86104,299.893,2.125,2023.0,C6∩Epoch(真实),1,12345.46721232,0.990044873669076,-0.010005009942275461
11.965825,299.893,2.0933,2023.0,C6∩Epoch(真实),1,21530.802940349997,0.929208396580281,-0.07342224177255541
8.03,,1.76,,C6∩Epoch(真实),1,,,
6.738,,1.75,,C6∩Epoch(真实),1,,,
8.03,,1.76,,C6∩Epoch(真实),1,,,
0.494,,2.84,2024.0,C6∩Epoch(真实),1,,,
1.544,,2.63,2024.0,C6∩Epoch(真实),1,,,
7.616,,2.2,2024.0,C6∩Epoch(真实),1,,,
0.5,,2.81,,C6∩Epoch(真实),1,,,
1.5,,2.58,2024.0,C6∩Epoch(真实),1,,,
7.616,,2.15,2024.0,C6∩Epoch(真实),1,,,
14.77,,2.02,2024.0,C6∩Epoch(真实),1,,,
2.614,,2.39,,C6∩Epoch(真实),1,,,
9.0,,2.1,,C6∩Epoch(真实),1,,,
27.227,,1.95,,C6∩Epoch(真实),1,,,
8.538,,2.24,,C6∩Epoch(真实),1,,,
2.78,,2.39,2023.0,C6∩Epoch(真实),1,,,
1.418,,2.32,,C6∩Epoch(真实),1,,,
3.821,,2.15,,C6∩Epoch(真实),1,,,
70.554,,1.71,,C6∩Epoch(真实),1,,,
13.016,,1.7,,C6∩Epoch(真实),1,,,
68.977,,1.65,,C6∩Epoch(真实),1,,,
7.242,,2.1,,C6∩Epoch(真实),1,,,
7.242,,2.1,,C6∩Epoch(真实),1,,,
46.703,,1.9,,C6∩Epoch(真实),1,,,
32.764,,1.95,2024.0,C6∩Epoch(真实),1,,,
72.706,,1.85,2024.0,C6∩Epoch(真实),1,,,
57.409,,1.9,2024.0,C6∩Epoch(真实),1,,,
6.061,,2.1,,C6∩Epoch(真实),1,,,
34.389,,1.9,2023.0,C6∩Epoch(真实),1,,,
7.0,,2.25,2023.0,C6∩Epoch(真实),1,,,
40.0,,2.05,2023.0,C6∩Epoch(真实),1,,,
2.506,,2.5,,C6∩Epoch(真实),1,,,
8.538,,2.2,,C6∩Epoch(真实),1,,,
1.3,,2.75,2022.0,C6∩Epoch(真实),1,,,
7.0,,2.15,,C6∩Epoch(真实),1,,,
7.392,,2.05,,C6∩Epoch(真实),1,,,
13.96,,1.95,,C6∩Epoch(真实),1,,,
34.389,,1.95,2024.0,C6∩Epoch(真实),1,,,
34.389,,1.95,,C6∩Epoch(真实),1,,,
34.389,,1.95,,C6∩Epoch(真实),1,,,
34.389,,1.95,,C6∩Epoch(真实),1,,,
34.389,,1.9,,C6∩Epoch(真实),1,,,
34.389,,1.9,,C6∩Epoch(真实),1,,,
6.061,,2.1,,C6∩Epoch(真实),1,,,
6.061,,2.1,,C6∩Epoch(真实),1,,,
20.739,,1.9,2022.0,C6∩Epoch(真实),1,,,
0.494,,2.84,,C6∩Epoch(真实),1,,,
1.544,,2.63,,C6∩Epoch(真实),1,,,
57.409,,1.9,,C6∩Epoch(真实),1,,,
7.616,,2.2,,C6∩Epoch(真实),1,,,
0.494,,2.81,,C6∩Epoch(真实),1,,,
1.5,,2.58,,C6∩Epoch(真实),1,,,
14.77,,2.02,,C6∩Epoch(真实),1,,,
14.77,,2.02,,C6∩Epoch(真实),1,,,
32.764,,1.95,,C6∩Epoch(真实),1,,,
72.706,,1.85,,C6∩Epoch(真实),1,,,
7.616,,2.15,,C6∩Epoch(真实),1,,,
7.616,,2.15,,C6∩Epoch(真实),1,,,
7.069,,2.35,,C6∩Epoch(真实),1,,,
27.227,,1.95,,C6∩Epoch(真实),1,,,
2.614,,2.39,,C6∩Epoch(真实),1,,,
2.614,,2.39,,C6∩Epoch(真实),1,,,
9.0,,2.1,,C6∩Epoch(真实),1,,,
8.538,,2.24,,C6∩Epoch(真实),1,,,
70.554,,1.71,,C6∩Epoch(真实),1,,,
8.03,,1.76,,C6∩Epoch(真实),1,,,
1.418,,2.32,2023.0,C6∩Epoch(真实),1,,,
40.0,,2.05,,C6∩Epoch(真实),1,,,
7.0,,2.25,,C6∩Epoch(真实),1,,,
1.5,10.0,2.906,2020.0,B5 文献(真实),2,90.0,0.16803679287616177,-1.7835723183417709
0.125,300.0,2.761,2020.0,B5 文献(真实),2,225.0,0.15367249619173087,-1.8729315892013723
0.35,300.0,2.632,2020.0,B5 文献(真实),2,629.9999999999999,0.12660224114216392,-2.0667050668840106
0.77,300.0,2.506,2020.0,B5 文献(真实),2,1386.0,0.14660527906369253,-1.9200114801936699
1.3,300.0,2.415,2020.0,B5 文献(真实),2,2340.0,0.18755699547783342,-1.6736725038812013
2.6,300.0,2.318,2020.0,B5 文献(真实),2,4680.0,0.23897304185865567,-1.4314045289830035
6.7,300.0,2.199,2020.0,B5 文献(真实),2,12060.0,0.36430880139655436,-1.0097534155104784
13.0,300.0,2.12,2020.0,B5 文献(真实),2,23400.0,0.5631771798528643,-0.5741609936863687
175.0,300.0,2.011,2020.0,B5 文献(真实),2,315000.0,0.28081026687824423,-1.2700760445421795
0.5,5.0,3.015,2022.0,B5 文献(真实),2,15.0,0.5764354981562311,-0.5508918307776901
1.0,20.0,2.628,2022.0,B5 文献(真实),2,120.0,0.6833393193601132,-0.3807637355169718
1.4,20.0,2.517,2022.0,B5 文献(真实),2,167.99999999999997,1.1084866691397974,0.10299572396655034
4.0,80.0,2.227,2022.0,B5 文献(真实),2,1920.0,1.61456421126702,0.4790650820369801
7.0,140.0,2.106,2022.0,B5 文献(真实),2,5880.0,2.7803731846573534,1.0225851577786649
13.0,260.0,1.989,2022.0,B5 文献(真实),2,20280.0,6.925708906222665,1.9352404159636671
20.0,400.0,1.917,2022.0,B5 文献(真实),2,48000.0,17.599232709395558,2.8678553050367
40.0,800.0,1.818,2022.0,B5 文献(真实),2,192000.0,183.6002830100575,5.212761019634317
70.0,1400.0,1.71,2022.0,B5 文献(真实),2,588000.0,10669130.131981222,16.182865095304315
0.2,300.0,2.819,2022.0,B5 文献(真实),2,360.00000000000006,0.06812529395695231,-2.6864067110436007
0.5,300.0,2.679,2022.0,B5 文献(真实),2,900.0,0.06453983756105856,-2.740472609233838
1.4,300.0,2.484,2022.0,B5 文献(真实),2,2519.9999999999995,0.09634178356420355,-2.339853164725319
2.8,300.0,2.381,2022.0,B5 文献(真实),2,5039.999999999999,0.11906147635036193,-2.128115311280338
7.6,300.0,2.312,2022.0,B5 文献(真实),2,13679.999999999998,0.08702848129660233,-2.441519842676507
40.0,300.0,2.169,2022.0,B5 文献(真实),2,72000.0,0.09063621741911622,-2.4009013950493805
280.0,300.0,2.057,2022.0,B5 文献(真实),2,504000.0,0.07336909638755029,-2.61225246216211
7.0,1000.0,1.943,2023.0,B5 文献(真实),2,42000.0,9.9260563133839,2.2951632504701207
13.0,1000.0,1.835,2023.0,B5 文献(真实),2,78000.0,200.61809224824984,5.3014030621301425
33.0,1000.0,1.778,2023.0,B5 文献(真实),2,198000.0,2043.0923746840795,7.622219809010364
65.0,1400.0,1.685,2023.0,B5 文献(真实),2,546000.0,,
7.0,2000.0,1.849,2023.0,B5 文献(真实),2,84000.0,102.20956749103972,4.6270252887601675
13.0,2000.0,1.75,2023.0,B5 文献(真实),2,156000.0,31410.8327849715,10.35490810555185
70.0,2000.0,1.617,2023.0,B5 文献(真实),2,840000.0,,
8.0,780.0,1.901,2022.0,B5 文献(真实),2,37440.0,36.318789943295364,3.59233523663886
62.0,780.0,1.653,2022.0,B5 文献(真实),2,290160.0,,
540.0,780.0,1.473,2022.0,B5 文献(真实),2,2527200.0,,
1.3,180.0,2.723,2022.0,B5 文献(真实),2,1404.0000000000002,0.031159378668074007,-3.468639998227368
6.7,180.0,2.417,2022.0,B5 文献(真实),2,7236.000000000001,0.0595742875995338,-2.8205312141127434
30.0,180.0,2.256,2022.0,B5 文献(真实),2,32400.0,0.0679281314384984,-2.689305023319063
66.0,180.0,2.179,2022.0,B5 文献(真实),2,71280.0,0.08002519137977643,-2.5254138016292083
175.0,180.0,2.042,2022.0,B5 文献(真实),2,189000.0,0.25675118333006536,-1.359647821303602
0.56,366.0,2.628,2022.0,B5 文献(真实),2,1229.7600000000002,0.06668026145200166,-2.707846300111405
1.7,366.0,2.456,2022.0,B5 文献(真实),2,3733.2,0.08216308989283419,-2.499049105831005
7.1,366.0,2.267,2022.0,B5 文献(真实),2,15591.599999999999,0.12452674630142892,-2.0832347564196243
176.0,366.0,1.846,2022.0,B5 文献(真实),2,386496.0,25.14788856957679,3.2247739395255035
100.0,20000.0,1.8412,2025.0,B10 估算(非观测),3,12000000.0,0.9927950826074863,-0.007230998158512179
100.0,3670.0,1.8882,2024.0,B10 估算(非观测),3,2202000.0,0.9282281165272017,-0.07447776118027054
100.0,2000.0,1.9112,2024.0,B10 估算(非观测),3,1200000.0,0.833220966745058,-0.18245640579160247
100.0,3000.0,1.8954,2024.0,B10 估算(非观测),3,1800000.0,0.9000674619022947,-0.10528556079779568
100.0,2000.0,1.9112,2023.0,B10 估算(非观测),3,1200000.0,0.833220966745058,-0.18245640579160247
100.0,2000.0,1.9112,2023.0,B10 估算(非观测),3,1200000.0,0.833220966745058,-0.18245640579160247
100.0,275.0,2.0206,2023.0,B10 估算(非观测),3,165000.0,0.44247879771523735,-0.8153627304499272
100.0,300.0,2.0144,2022.0,B10 估算(非观测),3,180000.0,0.4588286913423946,-0.7790783600623256
101.0,311.5,2.0116,2023.0,B10 估算(非观测),3,188769.0,0.46292548285728424,-0.7701891820015367
102.0,19700.0,1.841,2025.0,B10 估算(非观测),3,12056400.0,0.9967057098968232,-0.003299728223266699
102.0,179.7,2.0526,2025.0,B10 估算(非观测),3,109976.4,0.3637131098717879,-1.0113898817994345
102.6,289.1,2.0164,2023.0,B10 估算(非观测),3,177969.96,0.4458535647309246,-0.8077647110739546
104.0,1600.0,1.9197,2023.0,B10 估算(非观测),3,998400.0,0.7834066851817845,-0.2441033242384576
104.2,1000.0,1.9417,2025.0,B10 估算(非观测),3,625200.0,0.6895690229085529,-0.37168848101783236
106.0,2603.8,1.8993,2025.0,B10 估算(非观测),3,1656016.8,0.8655312083182422,-0.14441184687817957
108.0,2013.3,1.909,2025.0,B10 估算(非观测),3,1304618.4,0.8179546122935742,-0.20094843011248031
109.0,30000.0,1.8308,2025.0,B10 估算(非观测),3,19620000.0,0.9658314919061469,-0.034765899006426404
115.0,10000.0,1.8543,2024.0,B10 估算(非观测),3,6900000.0,1.0050308439868552,0.005018231574278504
116.8,7047.3,1.8636,2025.0,B10 估算(非观测),3,4938747.84,0.9810275220605214,-0.01915476470274605
120.0,106.0,2.0947,2022.0,B10 估算(非观测),3,76320.0,0.25629116433959187,-1.3614411201057186
123.0,28861.8,1.8286,2024.0,B10 估算(非观测),3,21300008.4,0.9857415455225641,-0.014361082956525115
130.0,1668.0,1.9126,2025.0,B10 估算(非观测),3,1301040.0,0.7375746904315671,-0.3043879207346982
130.0,800.0,1.948,2025.0,B10 估算(非观测),3,624000.0,0.5881520319519641,-0.5307698067623668
130.0,2468.0,1.8965,2025.0,B10 估算(非观测),3,1925040.0,0.8128325026090771,-0.2072302145112291
130.0,1000.0,1.9364,2023.0,B10 估算(非观测),3,780000.0,0.6348848166335026,-0.45431168767114816
130.0,152.0,2.0607,2022.0,B10 估算(非观测),3,118560.0,0.29216837862413564,-1.230425003782557
132.0,12000.0,1.8464,2024.0,B10 估算(非观测),3,9504000.0,1.0057663635903895,0.00574980175307781
135.0,13200.0,1.8436,2025.0,B10 估算(非观测),3,10692000.0,1.005632829418569,0.005617024358634378
135.0,500.0,1.9739,2021.0,B10 估算(非观测),3,405000.0,0.4860137099608089,-0.721518445683629
137.0,681.2,1.9555,2022.0,B10 估算(非观测),3,559946.4,0.5438505106979346,-0.6090808664008237
137.0,2080.0,1.9021,2022.0,B10 估算(非观测),3,1709760.0,0.7688209465481661,-0.26289717592696626
137.0,2490.0,1.8949,2021.0,B10 估算(非观测),3,2046780.0,0.8042107427651528,-0.2178939262829515
141.0,2766.0,1.8903,2024.0,B10 估算(非观测),3,2340036.0,0.8155288959347714,-0.20391842415240763
142.0,11328.0,1.8462,2025.0,B10 估算(非观测),3,9651456.0,0.9986881097373799,-0.0013127515440042247
174.6,238.0,2.0185,2020.0,B10 估算(非观测),3,249328.8,0.3052301546122579,-1.1866891816600524
175.0,300.0,2.0016,2024.0,B10 估算(非观测),3,315000.0,0.34078068771791337,-1.076516153127025
175.0,1000.0,1.9299,2023.0,B10 估算(非观测),3,1050000.0,0.5613252207053915,-0.5774548253774866
175.0,2.0,2.77,2022.0,B10 估算(非观测),3,2100.0,0.015591600866613186,-4.161022915705528
175.0,1.3,2.9007,2022.0,B10 估算(非观测),3,1365.0,0.01139905543569015,-4.474224783532886
175.0,180.0,2.0402,2022.0,B10 估算(非观测),3,189000.0,0.2654684478157836,-1.326259285980767
176.0,38.0,2.1978,2023.0,B10 估算(非观测),3,40128.0,0.11118480417282534,-2.196561559625618
176.0,20.0,2.2857,2022.0,B10 估算(非观测),3,21120.0,0.0746875466563656,-2.594441912168762
176.2,366.0,1.9879,2023.0,B10 估算(非观测),3,386935.19999999995,0.3718078668775487,-0.989378045022597
176.2,379.0,1.9856,2022.0,B10 估算(非观测),3,400678.79999999993,0.37764379837397355,-0.9738038599807826
178.0,300.0,2.0013,2021.0,B10 估算(非观测),3,320400.0,0.3371455474619104,-1.087240550289729
180.0,3500.0,1.8765,2023.0,B10 估算(非观测),3,3780000.0,0.803664178392171,-0.21857378562628982
180.0,3601.9,1.8754,2023.0,B10 估算(非观测),3,3890052.0,0.8116010102670422,-0.20874642624682355
200.0,1000.0,1.9272,2023.0,B10 估算(非观测),3,1200000.0,0.5287321647783911,-0.6372732801061218
200.0,4000.0,1.8697,2023.0,B10 估算(非观测),3,4800000.0,0.8060805387889852,-0.21557161741177175
204.0,560.0,1.9584,2021.0,B10 估算(非观测),3,685440.0,0.4139331160080438,-0.8820508737444501
207.0,41.2,2.1845,2021.0,B10 估算(非观测),3,51170.4,0.10364325243013113,-2.2668005417839985
235.0,36000.0,1.8108,2025.0,B10 估算(非观测),3,50760000.0,1.0125106977149503,0.012433085587136464
235.0,36000.0,1.8108,2025.0,B10 估算(非观测),3,50760000.0,1.0125106977149503,0.012433085587136464
235.0,36000.0,1.8108,2025.0,B10 估算(非观测),3,50760000.0,1.0125106977149503,0.012433085587136464
236.0,11000.0,1.8366,2025.0,B10 估算(非观测),3,15576000.0,0.9353408298016619,-0.06684429226408332
236.0,1263.6,1.9127,2024.0,B10 估算(非观测),3,1789257.5999999999,0.534753277007554,-0.6259498029270308
236.0,3191.0,1.8744,2024.0,B10 估算(非观测),3,4518456.0,0.7237770701090672,-0.3232718482257313
236.0,8100.0,1.8448,2024.0,B10 估算(非观测),3,11469600.0,0.8911261835476678,-0.11526924139522755
245.7,180.0,2.0335,2021.0,B10 估算(非观测),3,265355.99999999994,0.21442857218587688,-1.5397785928722507
250.0,7000.0,1.8478,2024.0,B10 估算(非观测),3,10500000.0,0.8590309773097147,-0.1519502955878988
253.0,603.0,1.95,2025.0,B10 估算(非观测),3,915354.0,0.3812801201841478,-0.9642209504194493
260.0,668.0,1.9436,2021.0,B10 估算(非观测),3,1042080.0,0.3939356318518011,-0.931567753965203
269.0,1500.0,1.9024,2022.0,B10 估算(非观测),3,2421000.0,0.5379821267137553,-0.6199299410938506
280.0,300.0,1.9926,2021.0,B10 估算(非观测),3,504000.0,0.25778096818257357,-1.3556450151642614
290.0,9000.0,1.8381,2025.0,B10 估算(非观测),3,15660000.0,0.8706453244424862,-0.13852059006299144
300.0,1566.7,1.8986,2025.0,B10 估算(非观测),3,2820060.0,0.5194747808740704,-0.6549370146181785
300.0,942.0,1.9227,2021.0,B10 估算(非观测),3,1695600.0,0.4239038693799418,-0.8582485726162752
300.0,1800.0,1.8926,2007.0,B10 估算(非观测),3,3240000.0,0.5467945585186698,-0.6036821256839261
309.0,1310.7,1.9062,2025.0,B10 估算(非观测),3,2430037.8000000003,0.4775236463024378,-0.7391415992352531
314.0,6200.0,1.8474,2023.0,B10 估算(非观测),3,11680800.0,0.7850624240057168,-0.24199204333496702
340.0,3598.0,1.8637,2025.0,B10 估算(非观测),3,7339920.0,0.657624418473002,-0.41912130321514995
340.0,9000.0,1.8354,2024.0,B10 估算(非观测),3,18360000.0,0.8371442786490866,-0.17775884742284975
340.0,3600.0,1.8637,2023.0,B10 估算(非观测),3,7344000.0,0.6572590715738503,-0.4196770131488729
355.0,23100.0,1.8123,2025.0,B10 估算(非观测),3,49203000.0,0.9638849419396167,-0.03678334632936899
357.0,23000.0,1.8123,2025.0,B10 估算(非观测),3,49266000.0,0.9626523524997962,-0.03806293703499415
358.0,2057.7,1.884,2025.0,B10 估算(非观测),3,4419939.6,0.5316617688425708,-0.6317477646820653
389.0,7000.0,1.8403,2024.0,B10 估算(非观测),3,16338000.0,0.7581024897922495,-0.2769366916722058
398.0,555.3,1.9471,2026.0,B10 估算(非观测),3,1326056.4,0.28313653694088453,-1.2618260349979638
400.0,30000.0,1.8051,2025.0,B10 估算(非观测),3,72000000.0,0.9779098190744997,-0.022337822734156656
405.0,0.3,3.4691,2024.0,B10 估算(非观测),3,729.0,0.0017402116413747664,-6.353748540178386
405.0,15600.0,1.8188,2024.0,B10 估算(非观测),3,37908000.0,0.8929379649600427,-0.11323816864851165
456.0,7500.0,1.8359,2025.0,B10 估算(非观测),3,20520000.0,0.7324636659998366,-0.31134154205176934
456.0,7500.0,1.8359,2025.0,B10 估算(非观测),3,20520000.0,0.7324636659998366,-0.31134154205176934
456.0,7200.0,1.837,2025.0,B10 估算(非观测),3,19699200.0,0.7265582801262663,-0.3194365787814848
480.0,7500.0,1.8351,2025.0,B10 估算(非观测),3,21600000.0,0.7212087836291294,-0.3268266085408823
480.0,133.1,2.0479,2024.0,B10 估算(非观测),3,383328.0,0.11360278848140051,-2.1750472265051446
500.0,8350.0,1.8315,2024.0,B10 估算(非观测),3,25050000.0,0.7324295932907948,-0.3113880610849232
500.0,5.3,2.5084,2024.0,B10 估算(非观测),3,15900.0,0.01253744771780429,-4.379035295768238
530.0,300.0,1.9824,2024.0,B10 估算(非观测),3,954000.0,0.1702612552989296,-1.7704212257181557
530.0,1226.4,1.9008,2024.0,B10 估算(非观测),3,3899952.0000000005,0.3508246955101,-1.0474686232706332
530.0,270.0,1.9899,2021.0,B10 估算(非观测),3,858600.0,0.1604133630745586,-1.8300012760812416
540.0,1.3,2.8812,2022.0,B10 估算(非观测),3,4212.0,0.004106190731629395,-5.4952595095330805
540.0,1.4,2.8576,2022.0,B10 估算(非观测),3,4536.0,0.004343630461677182,-5.439044768643729
540.4,26.0,2.2285,2022.0,B10 估算(非观测),3,84302.4,0.036109967620763225,-3.3211863403765505
540.4,780.0,1.9234,2022.0,B10 估算(非观测),3,2529071.9999999995,0.27869816397915703,-1.2776259323194612
560.0,23000.0,1.8055,2025.0,B10 估算(非观测),3,77280000.0,0.8907419465532652,-0.11570051573463272
560.0,16000.0,1.8134,2025.0,B10 估算(非观测),3,53760000.0,0.8322080920749416,-0.18367275876638992
600.0,1835.0,1.8811,2024.0,B10 估算(非观测),3,6606000.0,0.3923850261867886,-0.9355117115837827
600.0,1000.0,1.909,2020.0,B10 估算(非观测),3,3600000.0,0.2964218437675175,-1.2159716913542409
671.0,943.7,1.9105,2025.0,B10 估算(非观测),3,3799336.2,0.2686572090825953,-1.3143190276890446
671.0,839.0,1.9165,2025.0,B10 估算(非观测),3,3377814.0,0.2537090981744309,-1.3715669510789281
671.0,840.0,1.9165,2025.0,B10 估算(非观测),3,3381840.0,0.25340706353374703,-1.3727581364490813
671.0,14800.0,1.8128,2025.0,B10 估算(非观测),3,59584800.0,0.7750711015288996,-0.25480050992874753
671.0,14800.0,1.8128,2025.0,B10 估算(非观测),3,59584800.0,0.7750711015288996,-0.25480050992874753
671.0,14800.0,1.8128,2025.0,B10 估算(非观测),3,59584800.0,0.7750711015288996,-0.25480050992874753
671.0,14800.0,1.8128,2024.0,B10 估算(非观测),3,59584800.0,0.7750711015288996,-0.25480050992874753
718.0,717.0,1.9241,2025.0,B10 估算(非观测),3,3088836.0,0.22378470691911798,-1.497070819133902
744.0,1532.3,1.886,2026.0,B10 估算(非观测),3,6840187.2,0.32134712037542223,-1.135233368227484
1000.0,700.0,1.9214,2025.0,B10 估算(非观测),3,4200000.0,0.17749529815656243,-1.7288111596763165
1000.0,20000.0,1.8011,2025.0,B10 估算(非观测),3,120000000.0,0.7387404967338573,-0.302808574325813
1000.0,36000.0,1.7894,2025.0,B10 估算(非观测),3,216000000.0,0.8471463790802514,-0.16588177862400771
1000.0,15500.0,1.8068,2025.0,B10 估算(非观测),3,93000000.0,0.6881438254784713,-0.3737574142358511
1000.0,0.1,4.0812,2020.0,B10 估算(非观测),3,600.0,0.00030821845485996314,-8.084701757377248
1002.7,111.8,2.054,2021.0,B10 估算(非观测),3,672611.16,0.05799559318254523,-2.8473882509336037
1040.0,929.5,1.9059,2026.0,B10 估算(非观测),3,5800080.0,0.2018837375204763,-1.600063304106671
1085.0,329.0,1.967,2023.0,B10 估算(非观测),3,2141790.0,0.10787427809098296,-2.22678882168916
1100.0,112.0,2.0528,2021.0,B10 估算(非观测),3,739200.0,0.053918383902604235,-2.9202837849599694
1200.0,600.0,1.9281,2021.0,B10 估算(非观测),3,4320000.0,0.1432919784047218,-1.9428709233510921
1571.0,576.0,1.9277,2023.0,B10 估算(非观测),3,5429376.0,0.11526867477571613,-2.160489573132483
1571.0,86.4,2.074,2021.0,B10 估算(非观测),3,814406.4,0.03380890522326054,-3.3870310430509973
1750.0,4900.0,1.8325,2021.0,B10 估算(非观测),3,51450000.0,0.3406198267619934,-1.0769883011676853
1800.0,5416.7,1.8291,2023.0,B10 估算(非观测),3,58500360.0,0.3505897670177404,-1.0481384939781684
1800.0,5416.7,1.8291,2023.0,B10 估算(非观测),3,58500360.0,0.3505897670177404,-1.0481384939781684
2000.0,30000.0,1.7857,2025.0,B10 估算(非观测),3,360000000.0,0.6507306657729497,-0.4296594462319687
3000.0,27777.8,1.7838,2025.0,B10 估算(非观测),3,500000400.0,0.5338906892179232,-0.6275641628153186
3000.0,19444.4,1.7912,2025.0,B10 估算(非观测),3,349999200.0,0.46514149068385885,-0.7654136386383112
3000.0,0.1,4.0707,2021.0,B10 估算(非观测),3,1800.0,0.00010572664983120862,-9.154653569797626
10000.0,0.1,4.0628,2021.0,B10 估算(非观测),3,6000.0,3.241208134483686e-05,-10.336979323655354
