bootstrap,budget_level,Q_B,N_star_billions,D_star_billions,N_star_bounded_billions,D_star_bounded_billions
0,low,0.275,0.833802619633024,8.395272256497421,0.699999992956182,10.000000100625972
0,low,0.5,1.002129545065068,6.985124861821622,0.699999992956182,10.000000100625972
0,low,0.8250000000000001,1.3070075077779213,5.355745822685355,0.699999992956182,10.000000100625972
0,medium,0.275,1.8270259279393628,67.32252570642349,1.8270259462617604,67.32252503127705
0,medium,0.5,2.1958634080494814,56.01441307738588,2.195863474004684,56.014411394930654
0,medium,0.8250000000000001,2.8639111325563564,42.948260021674955,2.8639109908953575,42.94826214607527
0,high,0.275,3.956369634236965,523.2069274030877,3.9563693615258972,523.2069634675465
0,high,0.5,4.755076091524081,435.3242640406478,4.755076008250575,435.3242716642857
0,high,0.8250000000000001,6.2017133236738715,333.7787304837464,6.201713360891616,333.7787284806723
1,low,0.275,0.8323663210987458,8.40975880758824,0.699999992956182,10.000000100625972
1,low,0.5,1.0482099652048011,6.678051375548912,0.699999992956182,10.000000100625972
1,low,0.8250000000000001,1.4624666557554473,4.786433914545627,0.699999992956182,10.000000100625972
1,medium,0.275,1.9470950112304848,63.17103135212134,1.9470947956721942,63.17103834563782
1,medium,0.5,2.4520026125975654,50.163078688443214,2.452002513765979,50.16308071034026
1,medium,0.8250000000000001,3.4210436647094347,35.95394039217765,3.4210440739225865,35.953936091494896
1,high,0.275,4.496794324581732,460.32792486957715,4.496794911040714,460.32786483494095
1,high,0.5,5.662872827772397,365.53884626335065,5.662872563820846,365.53886330144303
1,high,0.8250000000000001,7.900862385698261,261.9967161745544,7.900863292994954,261.9966860881265
2,low,0.275,1.0674208806261816,6.557863095102268,0.699999992956182,10.000000100625972
2,low,0.5,1.2245438275011578,5.716414425349248,0.699999992956182,10.000000100625972
2,low,0.8250000000000001,1.4932036226254168,4.687907190910968,0.699999992956182,10.000000100625972
2,medium,0.275,1.889365088536678,65.10123466675468,1.8893651686733153,65.1012319055129
2,medium,0.5,2.1674771395764094,56.74800336027438,2.167477209404308,56.748001532068855
2,medium,0.8250000000000001,2.643012560340729,46.53780380980982,2.6430124549049094,46.537805666309396
2,high,0.275,3.3156026968285417,624.3208819862549,3.45000006518573,599.9999886633516
2,high,0.5,3.803655044171335,544.2133884280695,3.80365465504184,544.2134441033344
2,high,0.8250000000000001,4.638161055259337,446.29756822540065,4.638160960234349,446.2975773689861
3,low,0.275,0.9275503263700932,7.54676032231484,0.699999992956182,10.000000100625972
3,low,0.5,1.0842652523141574,6.4559848109674585,0.699999992956182,10.000000100625972
3,low,0.8250000000000001,1.358520097343976,5.1526657674668215,0.699999992956182,10.000000100625972
3,medium,0.275,1.7230866811122743,71.38352431614291,1.7230866547069594,71.38352541005447
3,medium,0.5,2.0142120184106513,61.06606398717413,2.014212040240589,61.06606332534293
3,medium,0.8250000000000001,2.5236882778290948,48.73819048119762,2.523688101913112,48.73819387853768
3,high,0.275,3.1712257313570267,652.7444513116411,3.45000006518573,599.9999886633516
3,high,0.5,3.7070224331774226,558.3996421153914,3.707022603125536,558.3996165156107
3,high,0.8250000000000001,4.644679395588833,445.6712344808838,4.644678616332206,445.67130925295993
4,low,0.275,1.2880857942014248,5.434420619738138,0.699999992956182,10.000000100625972
4,low,0.5,1.4944744111102053,4.683920947699523,0.699999992956182,10.000000100625972
4,low,0.8250000000000001,1.8523295782956293,3.7790251162759376,0.699999992956182,10.000000100625972
4,medium,0.275,2.3387668847291065,52.59181699686447,2.33876677676768,52.59181942459161
4,medium,0.5,2.713505015360035,45.3288272193151,2.713505326631313,45.32882201956044
4,medium,0.8250000000000001,3.363259727592806,36.57166260187556,3.3632595902195126,36.57166409565551
4,high,0.275,4.208515568348972,491.85988892802766,4.208514971830585,491.8599586446544
4,high,0.5,4.882841542054096,423.9334785230815,4.882841452706889,423.9334862803009
4,high,0.8250000000000001,6.0520486314372075,342.0329422416469,6.052048459867535,342.03295193794725
5,low,0.275,0.7428545831318816,9.423109393076551,0.699999992956182,10.000000100625972
5,low,0.5,0.8861330575772328,7.899490872328617,0.699999992956182,10.000000100625972
5,low,0.8250000000000001,1.1432372069444563,6.122963771192317,0.699999992956182,10.000000100625972
5,medium,0.275,1.5811761223302616,77.79019570490888,1.5811761522475258,77.79019423304894
5,medium,0.5,1.8861463113567132,65.21233228801087,1.8861463349079466,65.21233147374168
5,medium,0.8250000000000001,2.4333960035071818,50.546643383454125,2.4333958757896776,50.5466460364097
5,high,0.275,3.3274930943753205,622.0899461817237,3.45000006518573,599.9999886633516
5,high,0.5,3.969285102010946,521.5044892974009,3.9692848567949213,521.5045215151082
5,high,0.8250000000000001,5.120940218612407,404.22264498937983,5.120940198559127,404.22264657229033
6,low,0.275,1.2496494839537622,5.601570752346266,0.699999992956182,10.000000100625972
6,low,0.5,1.4430250958627213,4.850920486462507,0.699999992956182,10.000000100625972
6,low,0.8250000000000001,1.7763599081051342,3.940642866381165,0.699999992956182,10.000000100625972
6,medium,0.275,2.2233683257185204,55.32146814237375,2.223368300359242,55.32146877335896
6,medium,0.5,2.567420970884679,47.90799849142652,2.567421172862977,47.907994722517806
6,medium,0.8250000000000001,3.160488125247249,38.918038962850886,3.160488284098658,38.91803700676539
6,high,0.275,3.921635719481731,527.840969449749,3.9216356451051677,527.8409794606221
6,high,0.5,4.528484853320024,457.10653056118656,4.528485609599632,457.1064542221237
6,high,0.8250000000000001,5.574552349063456,371.33026481449537,5.5745529036096615,371.33022787524783
7,low,0.275,0.962577751875554,7.27213982076846,0.699999992956182,10.000000100625972
7,low,0.5,1.1374691576718594,6.15401301458354,0.699999992956182,10.000000100625972
7,low,0.8250000000000001,1.4476626021728125,4.835380833554464,0.699999992956182,10.000000100625972
7,medium,0.275,1.9036059306595436,64.61421348765398,1.903605948039109,64.61421289773834
7,medium,0.5,2.2494733856745164,54.679464439681645,2.2494734688592515,54.67946241765435
7,medium,0.8250000000000001,2.8629158628699236,42.96319063903573,2.8629158953331904,42.96319015186615
7,high,0.275,3.7261434558028177,555.5341667740507,3.7261431729839436,555.5342089397809
7,high,0.5,4.403148992149672,470.1180913229558,4.403149214153113,470.11806761995854
7,high,0.8250000000000001,5.603909420081929,369.3849855213643,5.603909725686344,369.38496537727065
8,low,0.275,0.8547539568614727,8.189491190778385,0.699999992956182,10.000000100625972
8,low,0.5,1.0277586345564016,6.810937670225773,0.699999992956182,10.000000100625972
8,low,0.8250000000000001,1.3412784051435325,5.218901589078307,0.699999992956182,10.000000100625972
8,medium,0.275,1.7660748885111033,69.64597073439828,1.7660749059580785,69.64597004636883
8,medium,0.5,2.1235335635125794,57.922324428224826,2.1235338509949986,57.92231658674402
8,medium,0.8250000000000001,2.7713216075934684,44.38315627568374,2.7713215603203682,44.38315703276997
8,high,0.275,3.609374418789303,573.5065858571533,3.60937462960856,573.5065523593194
8,high,0.5,4.33992226006027,476.96706898414664,4.339922124377616,476.9670838959712
8,high,0.8250000000000001,5.663823987168949,365.4774591670681,5.663823424310279,365.47749548743707
9,low,0.275,0.6463539969328466,10.829978669919587,0.6463540100782079,10.829978449662606
9,low,0.5,0.8041039243035976,8.705342417104134,0.699999992956182,10.000000100625972
9,low,0.8250000000000001,1.102315236092628,6.350270567621716,0.699999992956182,10.000000100625972
9,medium,0.275,1.6449816895624092,74.77286876835689,1.6449815021900096,74.77287728539604
9,medium,0.5,2.046457882617724,60.1038511687642,2.0464577646162256,60.103854634432835
9,medium,0.8250000000000001,2.805410638910972,43.843848844797705,2.8054106792070246,43.8438482150382
9,high,0.275,4.128037294125042,501.44895806682564,4.128036991614841,501.4489948139346
9,high,0.5,5.135530999466255,403.0741904225949,5.135531534121517,403.07414845892754
9,high,0.8250000000000001,7.040102522867799,294.02980898022236,7.040102391293121,294.02981447543755
10,low,0.275,1.3646466153312147,5.129533112351598,0.699999992956182,10.000000100625972
10,low,0.5,1.5389460428009964,4.548567529540852,0.699999992956182,10.000000100625972
10,low,0.8250000000000001,1.8307456136169709,3.823578736409056,0.699999992956182,10.000000100625972
10,medium,0.275,2.2061484457220266,55.75327455344677,2.2061484497987562,55.7532744504206
10,medium,0.5,2.487928656571241,49.43871669114236,2.487928366856281,49.4387224481955
10,medium,0.8250000000000001,2.959664827962229,41.558759910218356,2.95966480309736,41.55876025936368
10,high,0.275,3.540856746400294,584.6042775111995,3.5408568261316042,584.6042643473617
10,high,0.5,3.9931125148288777,518.3926053455343,3.9931124515798775,518.3926135566263
10,high,0.8250000000000001,4.750246608969198,435.7668496813452,4.7502462688804465,435.7668808796022
11,low,0.275,0.773199176099844,9.0532946960824,0.699999992956182,10.000000100625972
11,low,0.5,0.9804407670249445,7.139645999462917,0.699999992956182,10.000000100625972
11,low,0.8250000000000001,1.3816145095924373,5.066536252622977,0.699999992956182,10.000000100625972
11,medium,0.275,1.9500483395972275,63.07535946796325,1.9500482817506615,63.075361339041514
11,medium,0.5,2.472722357846303,49.742745929280474,2.472722077195233,49.74275157502408
11,medium,0.8250000000000001,3.484503299633966,35.29914866572825,3.4845031586638022,35.29915009380179
11,high,0.275,4.850098475247196,426.79545798180897,4.850098373365202,426.7954669471472
11,high,0.5,6.15007674116278,336.58116591381435,6.150077291987227,336.58113576831767
11,high,0.8250000000000001,8.666546258047722,238.84947225404886,8.66654655908963,238.849463957353
12,low,0.275,0.7291689321368305,9.599970173559766,0.699999992956182,10.000000100625972
12,low,0.5,0.9140969656248517,7.657830912079432,0.699999992956182,10.000000100625972
12,low,0.8250000000000001,1.2670240895107923,5.524756836077799,0.699999992956182,10.000000100625972
12,medium,0.275,1.7241804115210861,71.33824231971664,1.7241804391456685,71.33824117674511
12,medium,0.5,2.1614580831667682,56.90603068267315,2.1614580715643568,56.90603098813694
12,medium,0.8250000000000001,2.9959835365694185,41.05496525553088,2.9959836993880136,41.054963024373286
12,high,0.275,4.024482118130626,514.3518940423362,4.024482040311233,514.3519039881011
12,high,0.5,5.045150348924013,410.29500745036717,5.045150344289981,410.2950078272281
12,high,0.8250000000000001,6.993051358529435,296.0081220446377,6.993052442096243,296.0080761784614
13,low,0.275,0.7698870872053759,9.092242377267812,0.699999992956182,10.000000100625972
13,low,0.5,0.9700760794780596,7.215928882367951,0.699999992956182,10.000000100625972
13,low,0.8250000000000001,1.3545571659466225,5.167740554610037,0.699999992956182,10.000000100625972
13,medium,0.275,1.8986530489869413,64.78276800789314,1.89865287724997,64.7827738676248
13,medium,0.5,2.3923480944927,51.41392269927269,2.392348205324741,51.41392031738281
13,medium,0.8250000000000001,3.340534132722243,36.820458978446595,3.3405337330142175,36.8204633841596
13,high,0.275,4.619148748414674,448.13451844572865,4.619148537555164,448.13453890262116
13,high,0.5,5.820237516456434,355.6555886503219,5.820237262563172,355.65560416490547
13,high,0.8250000000000001,8.127037252242381,254.7053662672524,8.127037493825236,254.70535869592646
14,low,0.275,0.8101319749764608,8.640567483098529,0.699999992956182,10.000000100625972
14,low,0.5,0.9847449071559565,7.1084399108157985,0.699999992956182,10.000000100625972
14,low,0.8250000000000001,1.3054684080745906,5.362060051935043,0.699999992956182,10.000000100625972
14,medium,0.275,1.7555632528477396,70.06298394573871,1.7555632531902494,70.06298393206944
14,medium,0.5,2.1339510423375008,57.63956040212969,2.1339511145046886,57.63955845284184
14,medium,0.8250000000000001,2.8289617442096153,43.478848822102044,2.8289615960492336,43.478851099207134
14,high,0.275,3.7602824258093297,550.4905657596908,3.7602825994988502,550.4905403322289
14,high,0.5,4.570760175700231,452.8787161060973,4.570760153629094,452.87871829294323
14,high,0.8250000000000001,6.05942002532958,341.6168529903834,6.0594206338396175,341.61681868392134
15,low,0.275,0.8474542171630873,8.260033236288553,0.699999992956182,10.000000100625972
15,low,0.5,1.006454117479725,6.955110897185051,0.699999992956182,10.000000100625972
15,low,0.8250000000000001,1.2902142120125495,5.425455660638709,0.699999992956182,10.000000100625972
15,medium,0.275,1.6221833958788066,75.82373257702199,1.6221834454430322,75.82373026030213
15,medium,0.5,1.9265384784500685,63.84507829760841,1.9265385019996972,63.8450775171787
15,medium,0.8250000000000001,2.4697075422669568,49.80346777703796,2.4697077711306035,49.80346316183474
15,high,0.275,3.0749503422353763,673.1816028271812,3.45000006518573,599.9999886633516
15,high,0.5,3.6518744851474505,566.832186708197,3.651874662901573,566.8321591177763
15,high,0.8250000000000001,4.681485503802082,442.1673416095903,4.681484806058726,442.16740751161456
16,low,0.275,0.7106987669543678,9.849461298487734,0.699999992956182,10.000000100625972
16,low,0.5,0.9021398840856292,7.759328817498079,0.699999992956182,10.000000100625972
16,low,0.8250000000000001,1.273214158344584,5.497896763181855,0.699999992956182,10.000000100625972
16,medium,0.275,1.918553217823918,64.11080957113631,1.9185531443765398,64.11081202547065
16,medium,0.5,2.4353544117671313,50.50599592637906,2.435354533976087,50.505993391928754
16,medium,0.8250000000000001,3.437080847823977,35.78618177628017,3.437080751962021,35.78618277437525
16,high,0.275,5.102331303181185,405.6969014750969,5.102331674399813,405.6968719587392
16,high,0.5,6.4767476523761855,319.6048558786384,6.476748416237036,319.60481818478013
16,high,0.8250000000000001,9.140807270026084,226.45702276075812,9.140806936081857,226.45703103399003
17,low,0.275,0.8603725172393608,8.13601069274108,0.699999992956182,10.000000100625972
17,low,0.5,1.0419242891782918,6.718338436586897,0.699999992956182,10.000000100625972
17,low,0.8250000000000001,1.3738559148319327,5.095148570115031,0.699999992956182,10.000000100625972
17,medium,0.275,1.915368333312515,64.21741336157461,1.9153683168425593,64.21741391377022
17,medium,0.5,2.319540372587289,53.02774698540897,2.3195403680056335,53.02774709015164
17,medium,0.8250000000000001,3.0584892718872108,40.21593311788995,3.058489498457978,40.215930138721696
17,high,0.275,4.212938507371724,491.34351151291474,4.212938160901584,491.34355192078414
17,high,0.5,5.101933025161858,405.7285718552391,5.1019332596953495,405.728553204086
17,high,0.8250000000000001,6.727284253276082,307.7021755089274,6.727284708870415,307.70215467030175
18,low,0.275,1.0170967657279326,6.882334342091948,0.699999992956182,10.000000100625972
18,low,0.5,1.2098083197166614,5.786040553630353,0.699999992956182,10.000000100625972
18,low,0.8250000000000001,1.5543959547305453,4.5033570620771775,0.699999992956182,10.000000100625972
18,medium,0.275,2.0651559796089622,59.559665814342054,2.0651559624973697,59.5596663078451
18,medium,0.5,2.4564456105171155,50.07234822272609,2.456445921388983,50.07234188589439
18,medium,0.8250000000000001,3.156110813403612,38.97201564584938,3.1561109052732643,38.97201451143249
18,high,0.275,4.148703098233507,498.9511061616808,4.148702855597905,498.9511353426817
18,high,0.5,4.934766969478079,419.4726950235164,4.9347665182767235,419.47273337723544
18,high,0.8250000000000001,6.340328207274272,326.48152151257483,6.34032895327308,326.4814830989802
19,low,0.275,0.8377451167083317,8.35576341823919,0.699999992956182,10.000000100625972
19,low,0.5,1.0364235992334896,6.753995186115992,0.699999992956182,10.000000100625972
19,low,0.8250000000000001,1.409420655366461,4.966579688858001,0.699999992956182,10.000000100625972
19,medium,0.275,1.9442975684261548,63.26192142469451,1.9442975703239267,63.261921362946396
19,medium,0.5,2.4054045122542185,51.134850447557724,2.4054044475298384,51.13485182348912
19,medium,0.8250000000000001,3.271082216373787,37.60223432609215,3.2710820069279354,37.602236733745634
19,high,0.275,4.455621754650295,464.58162608609194,4.455622001036702,464.58160039571743
19,high,0.5,5.512310897045149,375.5230861723737,5.512310384481241,375.5231210905055
19,high,0.8250000000000001,7.496128844270735,276.1425320993641,7.496129527135252,276.1425069439908
20,low,0.275,1.262355817672669,5.545187737087857,0.699999992956182,10.000000100625972
20,low,0.5,1.424480395651962,4.914072542778807,0.699999992956182,10.000000100625972
20,low,0.8250000000000001,1.6961070223102817,4.127098059216357,0.699999992956182,10.000000100625972
20,medium,0.275,2.0685971760548165,59.4605858616625,2.06859709434793,59.460588210278075
20,medium,0.5,2.3342674724022814,52.69319024242587,2.334267562532825,52.69318820784083
20,medium,0.8250000000000001,2.77937658108656,44.25452845685085,2.779376613048138,44.25452794794372
20,high,0.275,3.3646557876311673,615.2189497688116,3.45000006518573,599.9999886633516
20,high,0.5,3.7967791176610333,545.1989530734678,3.7967788984298645,545.1989845539956
20,high,0.8250000000000001,4.520766830686037,457.8869199688126,4.520767019149681,457.8869008802294
21,low,0.275,0.694231673748471,10.083089355753291,0.6942317065411198,10.083088879469644
21,low,0.5,0.8568433227866494,8.169521561111553,0.699999992956182,10.000000100625972
21,low,0.8250000000000001,1.1612328014677296,6.028076360874764,0.699999992956182,10.000000100625972
21,medium,0.275,1.6798620686489032,73.22029724674223,1.6798618933065086,73.22030488940756
21,medium,0.5,2.073340429647245,59.32455579469264,2.07334070279253,59.32454797917893
21,medium,0.8250000000000001,2.8098846679290364,43.774038630081726,2.8098844522525077,43.774041990018
21,high,0.275,4.011111989994749,516.0663689179893,4.011112170958865,516.0663456352961
21,high,0.5,4.950644943955267,418.12733965651654,4.950645073899627,418.12732868152466
21,high,0.8250000000000001,6.70933780360761,308.52523163865163,6.709338318980152,308.5252079395288
22,low,0.275,0.8612070420060997,8.128126755320261,0.699999992956182,10.000000100625972
22,low,0.5,1.0604386721904733,6.6010417986177305,0.699999992956182,10.000000100625972
22,low,0.8250000000000001,1.4322918985341817,4.88727193609337,0.699999992956182,10.000000100625972
22,medium,0.275,1.8828992813187586,65.32478992389458,1.8828992224229668,65.32479196720907
22,medium,0.5,2.318489185944114,53.0517893918548,2.3184891527288665,53.051790151887815
22,medium,0.8250000000000001,3.131490170013718,39.278424431222525,3.13149057099583,39.27841940168619
22,high,0.275,4.068476238616118,508.7899937456942,4.068476157820686,508.79000384970027
22,high,0.5,5.009677498997981,413.2002509970023,5.009677139817487,413.20028062235855
22,high,0.8250000000000001,6.766370073303948,305.92473919908446,6.766370321848109,305.92472796177344
23,low,0.275,0.9783890606309389,7.154618016155937,0.699999992956182,10.000000100625972
23,low,0.5,1.195074979736595,5.857373067539964,0.699999992956182,10.000000100625972
23,low,0.8250000000000001,1.595488352310104,4.387371421336116,0.699999992956182,10.000000100625972
23,medium,0.275,2.0762584717934836,59.24117910702704,2.0762586304330544,59.241174580618285
23,medium,0.5,2.5360918789365976,48.4998201451498,2.5360921090972357,48.499815743594546
23,medium,0.8250000000000001,3.3858168916927953,36.32801298315459,3.3858171805703297,36.32800988365268
23,high,0.275,4.356436564122848,475.1589905032364,4.356437251706509,475.158915508111
23,high,0.5,5.321265893176975,389.00518063835,5.3212653551450115,389.00521997057785
23,high,0.8250000000000001,7.104171617734112,291.3780960517154,7.1041717109383296,291.37809222893793
24,low,0.275,0.8475176463140943,8.259415046333753,0.699999992956182,10.000000100625972
24,low,0.5,1.0674106417914824,6.5579259995493295,0.699999992956182,10.000000100625972
24,low,0.8250000000000001,1.4894982131079706,4.699569249830704,0.699999992956182,10.000000100625972
24,medium,0.275,1.9542522775004134,62.93967335543964,1.9542522349596112,62.93967472553105
24,medium,0.5,2.4612935044140714,49.973723076671845,2.4612933857161123,49.97372548669699
24,medium,0.8250000000000001,3.4345659797864205,35.81238523990993,3.434565981378473,35.812385223309526
24,high,0.275,4.449894358259168,465.17958255750597,4.449894595268972,465.1795577811613
24,high,0.5,5.604443298037702,369.34979799416914,5.6044433060799,369.34979746416394
24,high,0.8250000000000001,7.820615563548818,264.68504725485843,7.82061529612003,264.68505630586003
25,low,0.275,1.2064081577901185,5.802348031882096,0.699999992956182,10.000000100625972
25,low,0.5,1.4031701241182404,4.988703707185069,0.699999992956182,10.000000100625972
25,low,0.8250000000000001,1.745376355677564,4.010596326247677,0.699999992956182,10.000000100625972
25,medium,0.275,2.076671861013083,59.22938636053734,2.076671688813395,59.22939127189715
25,medium,0.5,2.4153715259255786,50.923842845611915,2.415371397407846,50.923845555181465
25,medium,0.8250000000000001,3.004434230080642,40.939488296503185,3.00443456429297,40.93948374240776
25,high,0.275,3.5456035529054515,583.8216171415258,3.5456037306362984,583.8215878762389
25,high,0.5,4.123882075298384,501.9542174590978,4.123882177886437,501.9542049721973
25,high,0.8250000000000001,5.129617673659787,403.5388466920838,5.1296173227968325,403.5388742939151
26,low,0.275,0.6394815913102944,10.946366705657683,0.6394816326018663,10.946365998846625
26,low,0.5,0.7934833433682367,8.821861301191127,0.699999992956182,10.000000100625972
26,low,0.8250000000000001,1.0836682959156194,6.459541195754479,0.699999992956182,10.000000100625972
26,medium,0.275,1.5864609099401867,77.53106252371349,1.5864608760702767,77.53106417895134
26,medium,0.5,1.9685168799980897,62.48358916796251,1.9685168304901322,62.48359073941714
26,medium,0.8250000000000001,2.688423582747705,45.75171888437601,2.6884235821480407,45.75171889458113
26,high,0.275,3.882304360034032,533.1884901424511,3.882304642844884,533.1884513017353
26,high,0.5,4.817251794943572,429.7055848674499,4.817251700222333,429.7055933167167
26,high,0.8250000000000001,6.57896991443252,314.638921734384,6.578970435257132,314.6388968259738
27,low,0.275,1.1218074778491405,6.239929879431015,0.699999992956182,10.000000100625972
27,low,0.5,1.3104429404503237,5.341705299732091,0.699999992956182,10.000000100625972
27,low,0.8250000000000001,1.6402793025396665,4.2675658890298775,0.699999992956182,10.000000100625972
27,medium,0.275,2.0550937046044795,59.85128547881587,2.0550936629171894,59.851286692890895
27,medium,0.5,2.4006641873401797,51.23582075687065,2.400664411058253,51.23581598220117
27,medium,0.8250000000000001,3.004907468530545,40.933040796810054,3.004907649309261,40.933038334231014
27,high,0.275,3.730667122293644,554.8605469595872,3.730667011178543,554.8605634856897
27,high,0.5,4.357990555521394,474.98955622503485,4.357990798698577,474.9895297204764
27,high,0.8250000000000001,5.454889708077349,379.4760500720738,5.454889369228796,379.4760736444878
28,low,0.275,1.2360415236249096,5.663240163219813,0.699999992956182,10.000000100625972
28,low,0.5,1.4257090523043483,4.909837661959166,0.699999992956182,10.000000100625972
28,low,0.8250000000000001,1.7521986923126298,3.9949807237677413,0.699999992956182,10.000000100625972
28,medium,0.275,2.2156282658237494,55.51472776245242,2.2156280839492286,55.514732319496346
28,medium,0.5,2.5556109683616826,48.12939117993034,2.55561112241749,48.12938827862342
28,medium,0.8250000000000001,3.140849943812549,39.16137421410695,3.1408500265479877,39.16137318252841
28,high,0.275,3.9368111068287703,525.8062792013033,3.936810738106968,525.8063284483339
28,high,0.5,4.540905078785468,455.85625862799407,4.540905359029115,455.85623049465715
28,high,0.8250000000000001,5.580779562354336,370.91592256454214,5.580779282766187,370.9159411468388
29,low,0.275,1.2413652024888846,5.638952973681955,0.699999992956182,10.000000100625972
29,low,0.5,1.4090737346262838,4.967802484698607,0.699999992956182,10.000000100625972
29,low,0.8250000000000001,1.692105727092625,4.136857341667056,0.699999992956182,10.000000100625972
29,medium,0.275,2.0149535312484352,61.04359137443286,2.014953558706406,61.043590542585825
29,medium,0.5,2.287173904731774,53.778158165207245,2.2871740700891596,53.778154277171026
29,medium,0.8250000000000001,2.7465844887669277,44.78289326363324,2.7465841841524163,44.7828982303549
29,high,0.275,3.2468575591187543,637.5395169974224,3.45000006518573,599.9999886633516
29,high,0.5,3.6855082593375728,561.6593029619363,3.68550819187898,561.6593132424036
29,high,0.8250000000000001,4.425793682490484,467.71271968447684,4.425793778843058,467.7127095020493
30,low,0.275,0.6819891715277568,10.26409258715789,0.6819891773613211,10.264092499361414
30,low,0.5,0.8341643858789236,8.391631336099774,0.699999992956182,10.000000100625972
30,low,0.8250000000000001,1.115843313908206,6.273282200780251,0.699999992956182,10.000000100625972
30,medium,0.275,1.5495138434016194,79.37973611773636,1.5495138046212518,79.37973810440813
30,medium,0.5,1.8952636164244374,64.89862356564893,1.895263731849773,64.8986196131935
30,medium,0.8250000000000001,2.5352523678560104,48.515880138598405,2.535252526494221,48.51587710281703
30,high,0.275,3.4773404031303357,595.2825320571337,3.477340213179653,595.2825645746087
30,high,0.5,4.2532545133689545,486.6861349334999,4.253254929354655,486.68608733360844
30,high,0.8250000000000001,5.689484820299571,363.8290751061372,5.689485055505313,363.8290600652879
31,low,0.275,0.8040384067520351,8.706051777149488,0.699999992956182,10.000000100625972
31,low,0.5,0.98306748015244,7.120569178948467,0.699999992956182,10.000000100625972
31,low,0.8250000000000001,1.3142947410886967,5.326050376037832,0.699999992956182,10.000000100625972
31,medium,0.275,1.794512130940037,68.54230622312244,1.794512149086516,68.54230553000842
31,medium,0.5,2.1940824018500686,56.05988175115272,2.1940824665088123,56.059880099090144
31,medium,0.8250000000000001,2.9333397965922368,41.93172579013634,2.933340003647483,41.93172283030769
31,high,0.275,3.957003432118051,523.1231247358304,3.957003168342559,523.1231596074375
31,high,0.5,4.838079077193291,427.85575989404185,4.838079214311969,427.8557477679452
31,high,0.8250000000000001,6.4681845514210154,320.02797439433533,6.468185074465744,320.02794851552346
32,low,0.275,0.8704146574998232,8.0421439823943,0.699999992956182,10.000000100625972
32,low,0.5,1.0637108221271288,6.580735905273508,0.699999992956182,10.000000100625972
32,low,0.8250000000000001,1.4211205096379302,4.92569064518212,0.699999992956182,10.000000100625972
32,medium,0.275,1.857424554016456,66.22072467709516,1.8574243936393167,66.22073039484627
32,medium,0.5,2.2699096141913957,54.18717962645221,2.2699096853143916,54.187177928607326
32,medium,0.8250000000000001,3.0326053290507784,40.55918481106793,3.03260552775428,40.55918215353401
32,high,0.275,3.918681385364873,528.2389141742536,3.9186812402230937,528.2389337393907
32,high,0.5,4.788917284612238,432.2480170311836,4.788916881151359,432.2480534475945
32,high,0.8250000000000001,6.398006328931257,323.538285768745,6.398006914480139,323.5382561583547
33,low,0.275,0.8290285176321737,8.443617862498892,0.699999992956182,10.000000100625972
33,low,0.5,1.0023210058910674,6.983790580919703,0.699999992956182,10.000000100625972
33,low,0.8250000000000001,1.3185087664835673,5.3090280307114215,0.699999992956182,10.000000100625972
33,medium,0.275,1.7021719374372264,72.26062026682663,1.7021719512698326,72.2606196796047
33,medium,0.5,2.0579782869286127,59.767394428426556,2.057978070071365,59.7674007263521
33,medium,0.8250000000000001,2.7071790340619777,45.43474903299804,2.7071789187573647,45.43475096816239
33,high,0.275,3.4572705869623492,598.7382092122439,3.4572701013332923,598.7382933146321
33,high,0.5,4.179946598530882,495.22163769449577,4.179946225298163,495.22168191346606
33,high,0.8250000000000001,5.498534103549562,376.4639740369562,5.498533658239096,376.4640045256934
34,low,0.275,0.9438189331318491,7.416676816147443,0.699999992956182,10.000000100625972
34,low,0.5,1.1438853619967286,6.119494341444346,0.699999992956182,10.000000100625972
34,low,0.8250000000000001,1.5100268970001252,4.635679015987368,0.699999992956182,10.000000100625972
34,medium,0.275,1.9977941357885665,61.56790521934815,1.9977941576687246,61.5679045450467
34,medium,0.5,2.421277416663353,50.799631282854165,2.421277212309783,50.79963557029633
34,medium,0.8250000000000001,3.196294091812234,38.48206593851366,3.196294185904411,38.48206480568258
34,high,0.275,4.181283448361959,495.0633042615024,4.181283611695851,495.0632849227959
34,high,0.5,5.067612825978654,408.4763519005111,5.067612935325016,408.47634308661713
34,high,0.8250000000000001,6.689684058420941,309.431653561321,6.6896840786933485,309.43165262361975
35,low,0.275,0.9818676105396876,7.129270713138627,0.699999992956182,10.000000100625972
35,low,0.5,1.1393480900366735,6.143864251156713,0.699999992956182,10.000000100625972
35,low,0.8250000000000001,1.4124483890967368,4.955933295712497,0.699999992956182,10.000000100625972
35,medium,0.275,1.8367123953961315,66.96747967091062,1.8367125520848469,66.96747395795987
35,medium,0.5,2.131300327231519,57.71124718015339,2.1313003828634995,57.71124567375335
35,medium,0.8250000000000001,2.6421703254732365,46.55263849349666,2.642169989456647,46.552644413804174
35,high,0.275,3.403567126776434,608.1854486473802,3.45000006518573,599.9999886633516
35,high,0.5,3.949460867817875,524.1221699061169,3.949460807710956,524.1221778827422
35,high,0.8250000000000001,4.896141652697553,422.78188558117466,4.896141299532784,422.7819160769585
36,low,0.275,0.9810920043159768,7.1349067867293865,0.699999992956182,10.000000100625972
36,low,0.5,1.1651172549742779,6.007978999636853,0.699999992956182,10.000000100625972
36,low,0.8250000000000001,1.4935222898572076,4.686906949791323,0.699999992956182,10.000000100625972
36,medium,0.275,1.8835618913665277,65.30180960008872,1.8835619279997282,65.3018083300406
36,medium,0.5,2.2368650960245002,54.987670118597435,2.2368651339775267,54.9876691856183
36,medium,0.8250000000000001,2.8673576552515554,42.8966368303326,2.8673574701233844,42.896639599912604
36,high,0.275,3.5808417906658248,578.0763633277144,3.580841935534737,578.0763399406742
36,high,0.5,4.252506940515285,486.77169231125924,4.252506395190989,486.77175473290083
36,high,0.8250000000000001,5.451137107717343,379.73728400069734,5.4511372144540005,379.73727656520504
37,low,0.275,0.7226854500135889,9.68609510523337,0.699999992956182,10.000000100625972
37,low,0.5,0.9102501027680627,7.690194133143254,0.699999992956182,10.000000100625972
37,low,0.8250000000000001,1.2703125057795948,5.510455079479893,0.699999992956182,10.000000100625972
37,medium,0.275,1.7438767126421362,70.5325090405293,1.7438765884464946,70.53251406372318
37,medium,0.5,2.196479750446738,55.998695173485316,2.1964798206063514,55.9986933847838
37,medium,0.8250000000000001,3.065328624736337,40.12620343783851,3.0653285136117217,40.1262048924979
37,high,0.275,4.152621210425161,498.4803320859756,4.152621494345301,498.48029800422614
37,high,0.5,5.2303860323675595,395.76428722279314,5.230386139224777,395.76427913729634
37,high,0.8250000000000001,7.29933978229324,283.58729169197085,7.299339601432289,283.5872987186158
38,low,0.275,1.1674962029673484,5.995736844546954,0.699999992956182,10.000000100625972
38,low,0.5,1.3869420143344788,5.047074735391107,0.699999992956182,10.000000100625972
38,low,0.8250000000000001,1.778716906638784,3.9354210745248936,0.699999992956182,10.000000100625972
38,medium,0.275,2.2855054031253554,53.81741816571575,2.2855054517723046,53.817417020212815
38,medium,0.5,2.7150953121101224,45.302277032921786,2.7150948785507656,45.3022842670064
38,medium,0.8250000000000001,3.482038819844498,35.32413231553029,3.482038983321972,35.324130657105464
38,high,0.275,4.429113242449492,467.3621753810026,4.429112941130619,467.36220717631824
38,high,0.5,5.261621602353266,393.41483604107725,5.261621107055901,393.41487307478377
38,high,0.8250000000000001,6.747892272145543,306.7624550772249,6.747892719970084,306.76243471890547
39,low,0.275,1.076155971137627,6.50463333172807,0.699999992956182,10.000000100625972
39,low,0.5,1.295159895483146,5.4047380747446025,0.699999992956182,10.000000100625972
39,low,0.8250000000000001,1.6924907267891323,4.1359163091427265,0.699999992956182,10.000000100625972
39,medium,0.275,2.1290711475287063,57.77167200014465,2.1290710258369767,57.77167530221142
39,medium,0.5,2.562349360933678,48.00282189278859,2.5623495795646827,48.00281779697541
39,medium,0.8250000000000001,3.3484302187696513,36.7336309744556,3.348430468574008,36.73362823400119
39,high,0.275,4.169114341349409,496.50833019130096,4.169114342612625,496.50833004086195
39,high,0.5,5.0175530679732985,412.5516904270869,5.017552830044884,412.5517099899641
39,high,0.8250000000000001,6.556844501079348,315.7006391808208,6.55684519715149,315.7006056661634
40,low,0.275,0.8160407455250264,8.578003045051776,0.699999992956182,10.000000100625972
40,low,0.5,0.9885976065977992,7.080737352875139,0.699999992956182,10.000000100625972
40,low,0.8250000000000001,1.3042261830928783,5.367167206688033,0.699999992956182,10.000000100625972
40,medium,0.275,1.8812330227739702,65.38264984240521,1.8812329751962615,65.38265149597854
40,medium,0.5,2.279031376761142,53.97029687884426,2.2790314707533934,53.970294652990965
40,medium,0.8250000000000001,3.0066554620654378,40.90924336089527,3.0066554049740786,40.909244137693406
40,high,0.275,4.2826448688691094,483.3461712053215,4.282645010414967,483.34615523022944
40,high,0.5,5.188236605205768,398.9794910129977,5.1882371509685,398.97944904341716
40,high,0.8250000000000001,6.844679755878885,302.4246675999824,6.844680245044985,302.4246459867163
41,low,0.275,0.6990997540450373,10.01287721744649,0.6990997524878723,10.012877239749034
41,low,0.5,0.8883619957927911,7.8796707121099505,0.699999992956182,10.000000100625972
41,low,0.8250000000000001,1.2556991566580684,5.574583659536633,0.699999992956182,10.000000100625972
41,medium,0.275,1.7863304349555493,68.85624159623116,1.7863303953515415,68.85624312281502
41,medium,0.5,2.2699308091020787,54.18667366722749,2.269930950500643,54.1866702918306
41,medium,0.8250000000000001,3.2085458587385207,38.335122954533354,3.208545605843533,38.33512597607695
41,high,0.275,4.500391371581384,459.95999660639,4.500391711509415,459.9599618642373
41,high,0.5,5.718749917410408,361.967218342247,5.71874964577193,361.96723553555506
41,high,0.8250000000000001,8.083449632514007,256.07878988617097,8.083449120091892,256.07880611939436
42,low,0.275,0.8164345629685837,8.573865337777669,0.699999992956182,10.000000100625972
42,low,0.5,1.0198100148166687,6.864023590961096,0.699999992956182,10.000000100625972
42,low,0.8250000000000001,1.4062079829689627,4.977926512137074,0.699999992956182,10.000000100625972
42,medium,0.275,1.8586710528984816,66.17631442002025,1.8586707899148442,66.17632378331791
42,medium,0.5,2.321669659725873,52.97911332248835,2.3216695586612133,52.979115628723555
42,medium,0.8250000000000001,3.201331975456491,38.42150734225585,3.201332071702005,38.421506187143656
42,high,0.275,4.179308759910373,495.29721753422035,4.17930830254196,495.2972717377597
42,high,0.5,5.220382773691608,396.5226478088682,5.220383325742023,396.5226058769873
42,high,0.8250000000000001,7.1983446170005285,287.5661155637401,7.198343935412472,287.5661427924515
43,low,0.275,1.0155408592567963,6.89287874160259,0.699999992956182,10.000000100625972
43,low,0.5,1.1893934363787209,5.885352807488583,0.699999992956182,10.000000100625972
43,low,0.8250000000000001,1.4943594261478526,4.684281356624183,0.699999992956182,10.000000100625972
43,medium,0.275,2.011599533539439,61.14537110852261,2.011599594018056,61.14536927019084
43,medium,0.5,2.3559694915330844,52.20780678274447,2.3559694858930254,52.20780690772703
43,medium,0.8250000000000001,2.9600509887698716,41.55333825891829,2.96005121599037,41.55333506918624
43,high,0.275,3.94381342081169,524.8727003860051,3.9438130077998785,524.8727553527656
43,high,0.5,4.618963140930209,448.1525261929509,4.618963343668128,448.15250652240934
43,high,0.8250000000000001,5.803286698549365,356.6944229237259,5.803286340173866,356.6944449509936
44,low,0.275,1.0501468171347614,6.665734624706018,0.699999992956182,10.000000100625972
44,low,0.5,1.2701362099047386,5.511219934848567,0.699999992956182,10.000000100625972
44,low,0.8250000000000001,1.6717133416793446,4.187320771734731,0.699999992956182,10.000000100625972
44,medium,0.275,2.22464626763552,55.28968887747326,2.2246462333518213,55.28968972953459
44,medium,0.5,2.690674991962293,45.71343635609325,2.690674990691565,45.71343637768239
44,medium,0.8250000000000001,3.541381819611051,34.73220518580204,3.541381818752373,34.73220519422355
44,high,0.275,4.6597592986849286,444.228954183147,4.659759414866401,444.2289431072159
44,high,0.5,5.635906254373319,367.2878693455437,5.6359056478485705,367.28790887232014
44,high,0.8250000000000001,7.417802598192653,279.05838320695614,7.417801906410672,279.0584092318573
45,low,0.275,1.1013846282940487,6.355636187552758,0.699999992956182,10.000000100625972
45,low,0.5,1.3037126293372117,5.369281421749129,0.699999992956182,10.000000100625972
45,low,0.8250000000000001,1.6633250090823148,4.208437895046152,0.699999992956182,10.000000100625972
45,medium,0.275,2.049762493145051,60.00695222560888,2.049762531468585,60.00695110368453
45,medium,0.5,2.4263106464397453,50.69425062305375,2.4263108242506037,50.694246907953385
45,medium,0.8250000000000001,3.0955772669607557,39.73410753231227,3.0955776376174082,39.73410277465053
45,high,0.275,3.779257587972866,547.7266240299634,3.779257017417924,547.7267067203258
45,high,0.5,4.473519713626584,462.7228966253726,4.473519961913301,462.7228709435941
45,high,0.8250000000000001,5.707482654425695,362.6817855319949,5.707482252805459,362.6818110529404
46,low,0.275,1.1828723194365522,5.9177984681680345,0.699999992956182,10.000000100625972
46,low,0.5,1.3628648562549517,5.136239274109292,0.699999992956182,10.000000100625972
46,low,0.8250000000000001,1.6722749433299853,4.18591453990273,0.699999992956182,10.000000100625972
46,medium,0.275,2.0296656293683712,60.60111489313508,2.0296656499994152,60.60111427713991
46,medium,0.5,2.3385110216564793,52.597571215581965,2.3385110372314486,52.59757086527121
46,medium,0.8250000000000001,2.8694212549902103,42.8657868851047,2.8694213708595084,42.8657851541534
46,high,0.275,3.4544641579443667,599.2246280047631,3.4544638445411353,599.2246823688969
46,high,0.5,3.9801149462161063,520.0854819451756,3.980114804812665,520.0855004225011
46,high,0.8250000000000001,4.883717167981073,423.857469382433,4.8837164143249465,423.85753479220534
47,low,0.275,0.9164782667228606,7.637933439524509,0.699999992956182,10.000000100625972
47,low,0.5,1.085185077971327,6.450512582688641,0.699999992956182,10.000000100625972
47,low,0.8250000000000001,1.3851586530382998,5.053572733091426,0.699999992956182,10.000000100625972
47,medium,0.275,1.9157928484387763,64.20318360632547,1.9157929038134573,64.20318175057643
47,medium,0.5,2.268455114646622,54.221923636853994,2.2684551587740605,54.2219225820945
47,medium,0.8250000000000001,2.895515516077507,42.47948226042507,2.8955156788141774,42.47947987295069
47,high,0.275,3.9605325854747018,522.6569799202634,3.960532275432611,522.6570208353858
47,high,0.5,4.689593871052499,441.40282867083846,4.689593788197704,441.4028364694544
47,high,0.8250000000000001,5.985920431072661,345.8114794267423,5.9859204319361226,345.8114793768595
48,low,0.275,0.6241096388345787,11.21597803403796,0.6241095750922205,11.215979179562588
48,low,0.5,0.8186897240887483,8.55024778500967,0.699999992956182,10.000000100625972
48,low,0.8250000000000001,1.211600159231578,5.77748355896515,0.699999992956182,10.000000100625972
48,medium,0.275,1.704929143130042,72.14376063405604,1.704928951314402,72.14376875070019
48,medium,0.5,2.2364787898268004,54.997168119589226,2.2364787392616168,54.99716936303584
48,medium,0.8250000000000001,3.309822974617496,37.16210834937922,3.3098227679369505,37.16211066995206
48,high,0.275,4.587548287091513,451.2214085734173,4.58754862190802,451.2213756415863
48,high,0.5,6.017818677526043,343.97845979151174,6.01781878074653,343.9784538914298
48,high,0.8250000000000001,8.905925961184938,232.4295091854307,8.905925565293678,232.4295195175192
49,low,0.275,0.8386713320079622,8.346535445822944,0.699999992956182,10.000000100625972
49,low,0.5,1.0283386383890605,6.807096163347338,0.699999992956182,10.000000100625972
49,low,0.8250000000000001,1.3804909295909011,5.0706599007314015,0.699999992956182,10.000000100625972
49,medium,0.275,1.8032024589086644,68.2119744193573,1.8032025086518382,68.21197253766066
49,medium,0.5,2.2110005321087303,55.630922839574986,2.2110006354391945,55.63092023968017
49,medium,0.8250000000000001,2.9681527718128664,41.439915481464574,2.968152578375035,41.439918182150336
49,high,0.275,3.8325847768983645,540.1054694151372,3.8325845556533302,540.1055005940066
49,high,0.5,4.69933197972825,440.48813936309796,4.699331685299433,440.4881669611503
49,high,0.8250000000000001,6.308607817473521,328.1231073306751,6.308607844667458,328.12310591626493
50,low,0.275,1.2838052092753003,5.452540579697019,0.699999992956182,10.000000100625972
50,low,0.5,1.509754962600998,4.636513986309695,0.699999992956182,10.000000100625972
50,low,0.8250000000000001,1.908121151523645,3.668530163512134,0.699999992956182,10.000000100625972
50,medium,0.275,2.307187953136141,53.31165145553363,2.307187965767356,53.3116511636671
50,medium,0.5,2.713253098471864,45.33303585621078,2.713252945699673,45.333038408728854
50,medium,0.8250000000000001,3.4291760947166896,35.86867416622475,3.429176478166551,35.86867015539643
50,high,0.275,4.109924069211225,503.6589399563467,4.109924078086237,503.65893886874034
50,high,0.5,4.833270822220456,428.28140117524396,4.833270485413109,428.2814310201125
50,high,0.8250000000000001,6.108584846796936,338.86735666533536,6.10858527213677,338.86733307005454
51,low,0.275,0.8189252217242864,8.547788997463238,0.699999992956182,10.000000100625972
51,low,0.5,0.9938672149977026,7.043194396965977,0.699999992956182,10.000000100625972
51,low,0.8250000000000001,1.3145684390310914,5.32494147292885,0.699999992956182,10.000000100625972
51,medium,0.275,1.7266418287743897,71.23654596466497,1.7266417672245469,71.23654850404418
51,medium,0.5,2.0954937766470443,58.69738262683354,2.095493829882739,58.697381135635666
51,medium,0.8250000000000001,2.7716680270740577,44.377609006027434,2.7716683029216655,44.3776045893888
51,high,0.275,3.599836290808017,575.0261491850702,3.5998361121381643,575.0261777252131
51,high,0.5,4.368847330480163,473.80918659212904,4.368847557109799,473.8091620137472
51,high,0.8250000000000001,5.778587651276666,358.2190190612881,5.77858759165557,358.219022757245
52,low,0.275,0.8875612489785055,7.886779653861974,0.699999992956182,10.000000100625972
52,low,0.5,1.07266348016891,6.525811803435056,0.699999992956182,10.000000100625972
52,low,0.8250000000000001,1.4102332546578598,4.963717865026723,0.699999992956182,10.000000100625972
52,medium,0.275,1.8949486533943152,64.90941048965998,1.8949486152082538,64.90941179768211
52,medium,0.5,2.2901430404163143,53.708435599568666,2.290142745559591,53.70844251454956
52,medium,0.8250000000000001,3.0108565577433297,40.85216204792893,3.0108566473200744,40.8521608325261
52,high,0.275,3.9997893675616742,517.5272520067476,3.999789551973849,517.5272281459107
52,high,0.5,4.833951446042924,428.2210988475078,4.833951469409772,428.22109677752894
52,high,0.8250000000000001,6.355207580608339,325.7171341367663,6.3552081201759725,325.71710648284534
53,low,0.275,0.8652295782051973,8.090338305956392,0.699999992956182,10.000000100625972
53,low,0.5,1.0705696782704222,6.5385748747423635,0.699999992956182,10.000000100625972
53,low,0.8250000000000001,1.4561373232629655,4.807238910897596,0.699999992956182,10.000000100625972
53,medium,0.275,1.9965097540650962,61.6075126853548,1.996509706125544,61.607514164654674
53,medium,0.5,2.470330255591799,49.79091347060954,2.47033036775985,49.79091120979868
53,medium,0.8250000000000001,3.360024255277231,36.60687859821757,3.3600240278144944,36.60688107638461
53,high,0.275,4.54929470589192,455.0155867719638,4.549295075016981,455.0155498524733
53,high,0.5,5.628953392632404,367.7415419195638,5.628953695640962,367.74152212390726
53,high,0.8250000000000001,7.656231343261824,270.36800577111444,7.656231550102818,270.3679984668438
54,low,0.275,0.8585489780884694,8.153291400550339,0.699999992956182,10.000000100625972
54,low,0.5,1.0147959622309755,6.8979383644874455,0.699999992956182,10.000000100625972
54,low,0.8250000000000001,1.2920077566201844,5.417924129427506,0.699999992956182,10.000000100625972
54,medium,0.275,1.6745139144908063,73.45415223820483,1.6745139367045163,73.45415126377924
54,medium,0.5,1.9792580301106037,62.144499670478325,1.9792580282223509,62.14449972976546
54,medium,0.8250000000000001,2.5199319098922897,48.810842672831356,2.5199319409801557,48.81084207066234
54,high,0.275,3.233287612622314,640.2152384832709,3.45000006518573,599.9999886633516
54,high,0.5,3.8217123283122123,541.6420238291921,3.821712116102583,541.6420539051501
54,high,0.8250000000000001,4.865689414939263,425.4278938652395,4.865689230897798,425.42790995676717
55,low,0.275,0.9539898352773659,7.337604386492019,0.699999992956182,10.000000100625972
55,low,0.5,1.1352953619686055,6.165796350882627,0.699999992956182,10.000000100625972
55,low,0.8250000000000001,1.459682751123544,4.795562593729338,0.699999992956182,10.000000100625972
55,medium,0.275,1.8956799042170072,64.88437194822932,1.895679933490097,64.88437094628483
55,medium,0.5,2.255953390120696,54.5224030508092,2.2559534479827437,54.522401652385895
55,medium,0.8250000000000001,2.900545850189886,42.40581130339578,2.900545792938528,42.40581214040732
55,high,0.275,3.72817457638395,555.231510110169,3.7281743758379786,555.2315399771848
55,high,0.5,4.4367132108356,466.5615967569248,4.4367134485881445,466.56157175503813
55,high,0.8250000000000001,5.7044131091216155,362.8769446395768,5.704412872185787,362.876959711864
56,low,0.275,0.8387543230295894,8.345709593145136,0.699999992956182,10.000000100625972
56,low,0.5,1.0434824480930733,6.708306414537444,0.699999992956182,10.000000100625972
56,low,0.8250000000000001,1.4305111534262243,4.893355765339028,0.699999992956182,10.000000100625972
56,medium,0.275,2.0011998932366333,61.46312540576164,2.0011998608547,61.46312640031239
56,medium,0.5,2.4896646209530062,49.404244637945425,2.489664439552105,49.40424823761708
56,medium,0.8250000000000001,3.413083770668542,36.03779111929246,3.4130839210362987,36.037789531601696
56,high,0.275,4.7125956666831605,439.2483774142492,4.712595792069591,439.2483657273173
56,high,0.5,5.862873940704415,353.06916384958004,5.862874340460468,353.06913977580206
56,high,0.8250000000000001,8.03741987096802,257.54533584553064,8.03741960077306,257.54534450346506
57,low,0.275,0.8364528232215417,8.368672811743249,0.699999992956182,10.000000100625972
57,low,0.5,1.0133382737447065,6.907861058215127,0.699999992956182,10.000000100625972
57,low,0.8250000000000001,1.3368892739001768,5.236035726114051,0.699999992956182,10.000000100625972
57,medium,0.275,1.8066042401698548,68.08353333015297,1.806604266704978,68.08353233015261
57,medium,0.5,2.1886485062274823,56.199065153687904,2.188648678874465,56.199060720541965
57,medium,0.8250000000000001,2.88746688852524,42.59789107497667,2.887467217810601,42.59788621713384
57,high,0.275,3.856999138822768,536.6866637755603,3.856998867801605,536.6867014871201
57,high,0.5,4.672642306491802,443.0041642871111,4.672641851637127,443.00420741100595
57,high,0.8250000000000001,6.16458051785267,335.78927130650095,6.1645810069503195,335.7892446649915
58,low,0.275,0.8904789794080549,7.8609379467365335,0.699999992956182,10.000000100625972
58,low,0.5,1.0667219237757841,6.562160056880334,0.699999992956182,10.000000100625972
58,low,0.8250000000000001,1.3846354885045065,5.055482152606416,0.699999992956182,10.000000100625972
58,medium,0.275,1.8679002299366776,65.84934143092308,1.8679001758250322,65.84934333852834
58,medium,0.5,2.2375936689980205,54.96976582664295,2.237593801067921,54.9697625821526
58,medium,0.8250000000000001,2.9044604164326633,42.34865770733137,2.904460573846213,42.34865541215388
58,high,0.275,3.87471448673318,534.2329111183733,3.874714417620093,534.232920647459
58,high,0.5,4.6415951268355435,445.9673761789828,4.641595134406449,445.96737545156543
58,high,0.8250000000000001,6.0249228900604805,343.5728618892284,6.024922912541319,343.57286060725255
59,low,0.275,0.864315292772981,8.098896384838815,0.699999992956182,10.000000100625972
59,low,0.5,1.0488100834494654,6.674230263860044,0.699999992956182,10.000000100625972
59,low,0.8250000000000001,1.386965961355804,5.046987593810357,0.699999992956182,10.000000100625972
59,medium,0.275,1.8557998695498539,66.27869848370833,1.8557998633856985,66.27869870385716
59,medium,0.5,2.2519347191040864,54.61970054306661,2.2519343891075287,54.61970854699125
59,medium,0.8250000000000001,2.9780003566710604,41.30288289739992,2.9780005246999335,41.302880566951416
59,high,0.275,3.9390691811714076,525.5048603600357,3.939069350378978,525.5048377863278
59,high,0.5,4.779893993733519,433.06399738441644,4.779893225982598,433.0640669435607
59,high,0.8250000000000001,6.321020719397839,327.4787557091247,6.3210209612594275,327.4787431787862
