budget_level,C_1e18_FLOPs,Q_B,form,lambda_p,recipe,h_agg,N_star_billions,D_star_billions,N_star_bounded_billions,D_star_bounded_billions
low,41.99999999999999,0.275,A,0.0,p0,0.0,0.8807846950603782,7.94745871409601,0.699999992956182,10.000000100625972
low,41.99999999999999,0.275,A,0.5,p0,0.0,0.8807846950603782,7.94745871409601,0.699999992956182,10.000000100625972
low,41.99999999999999,0.275,A,1.0,p0,0.0,0.8807846950603782,7.94745871409601,0.699999992956182,10.000000100625972
low,41.99999999999999,0.275,A,1.5,p0,0.0,0.8807846950603782,7.94745871409601,0.699999992956182,10.000000100625972
low,41.99999999999999,0.275,B,0.0,p0,0.0,0.8807846950603782,7.94745871409601,0.699999992956182,10.000000100625972
low,41.99999999999999,0.275,B,0.5,p0,0.0,0.8807846950603782,7.94745871409601,0.699999992956182,10.000000100625972
low,41.99999999999999,0.275,B,1.0,p0,0.0,0.8807846950603782,7.94745871409601,0.699999992956182,10.000000100625972
low,41.99999999999999,0.275,B,1.5,p0,0.0,0.8807846950603782,7.94745871409601,0.699999992956182,10.000000100625972
low,41.99999999999999,0.5,A,0.0,p0,0.0,1.0639138206833643,6.579480277362895,0.699999992956182,10.000000100625972
low,41.99999999999999,0.5,A,0.5,p0,0.0,1.0639138206833643,6.579480277362895,0.699999992956182,10.000000100625972
low,41.99999999999999,0.5,A,1.0,p0,0.0,1.0639138206833643,6.579480277362895,0.699999992956182,10.000000100625972
low,41.99999999999999,0.5,A,1.5,p0,0.0,1.0639138206833643,6.579480277362895,0.699999992956182,10.000000100625972
low,41.99999999999999,0.5,B,0.0,p0,0.0,1.0639138206833643,6.579480277362895,0.699999992956182,10.000000100625972
low,41.99999999999999,0.5,B,0.5,p0,0.0,1.0639138206833643,6.579480277362895,0.699999992956182,10.000000100625972
low,41.99999999999999,0.5,B,1.0,p0,0.0,1.0639138206833643,6.579480277362895,0.699999992956182,10.000000100625972
low,41.99999999999999,0.5,B,1.5,p0,0.0,1.0639138206833643,6.579480277362895,0.699999992956182,10.000000100625972
low,41.99999999999999,0.8250000000000001,A,0.0,p0,0.0,1.3976675857068923,5.008343952156291,0.699999992956182,10.000000100625972
low,41.99999999999999,0.8250000000000001,A,0.5,p0,0.0,1.3976675857068923,5.008343952156291,0.699999992956182,10.000000100625972
low,41.99999999999999,0.8250000000000001,A,1.0,p0,0.0,1.3976675857068923,5.008343952156291,0.699999992956182,10.000000100625972
low,41.99999999999999,0.8250000000000001,A,1.5,p0,0.0,1.3976675857068923,5.008343952156291,0.699999992956182,10.000000100625972
low,41.99999999999999,0.8250000000000001,B,0.0,p0,0.0,1.3976675857068923,5.008343952156291,0.699999992956182,10.000000100625972
low,41.99999999999999,0.8250000000000001,B,0.5,p0,0.0,1.3976675857068923,5.008343952156291,0.699999992956182,10.000000100625972
low,41.99999999999999,0.8250000000000001,B,1.0,p0,0.0,1.3976675857068923,5.008343952156291,0.699999992956182,10.000000100625972
low,41.99999999999999,0.8250000000000001,B,1.5,p0,0.0,1.3976675857068923,5.008343952156291,0.699999992956182,10.000000100625972
medium,738.0,0.275,A,0.0,p0,0.0,1.871951048020988,65.70684641034532,1.871950994693547,65.70684828217742
medium,738.0,0.275,A,0.5,p0,0.0,1.871951048020988,65.70684641034532,1.871950994693547,65.70684828217742
medium,738.0,0.275,A,1.0,p0,0.0,1.871951048020988,65.70684641034532,1.871950994693547,65.70684828217742
medium,738.0,0.275,A,1.5,p0,0.0,1.871951048020988,65.70684641034532,1.871950994693547,65.70684828217742
medium,738.0,0.275,B,0.0,p0,0.0,1.871951048020988,65.70684641034532,1.871951117695294,65.70684396472647
medium,738.0,0.275,B,0.5,p0,0.0,1.871951048020988,65.70684641034532,1.871951117695294,65.70684396472647
medium,738.0,0.275,B,1.0,p0,0.0,1.871951048020988,65.70684641034532,1.871951117695294,65.70684396472647
medium,738.0,0.275,B,1.5,p0,0.0,1.871951048020988,65.70684641034532,1.871951117695294,65.70684396472647
medium,738.0,0.5,A,0.0,p0,0.0,2.2611593988877297,54.39687271074477,2.2611594488516356,54.39687150875956
medium,738.0,0.5,A,0.5,p0,0.0,2.2611593988877297,54.39687271074477,2.2611594488516356,54.39687150875956
medium,738.0,0.5,A,1.0,p0,0.0,2.2611593988877297,54.39687271074477,2.2611594488516356,54.39687150875956
medium,738.0,0.5,A,1.5,p0,0.0,2.2611593988877297,54.39687271074477,2.2611594488516356,54.39687150875956
medium,738.0,0.5,B,0.0,p0,0.0,2.2611593988877297,54.39687271074477,2.2611594437464855,54.39687163157451
medium,738.0,0.5,B,0.5,p0,0.0,2.2611593988877297,54.39687271074477,2.2611594437464855,54.39687163157451
medium,738.0,0.5,B,1.0,p0,0.0,2.2611593988877297,54.39687271074477,2.2611594437464855,54.39687163157451
medium,738.0,0.5,B,1.5,p0,0.0,2.2611593988877297,54.39687271074477,2.2611594437464855,54.39687163157451
medium,738.0,0.8250000000000001,A,0.0,p0,0.0,2.9704936024911603,41.407259688035644,2.970493435956831,41.40726200944465
medium,738.0,0.8250000000000001,A,0.5,p0,0.0,2.9704936024911603,41.407259688035644,2.970493435956831,41.40726200944465
medium,738.0,0.8250000000000001,A,1.0,p0,0.0,2.9704936024911603,41.407259688035644,2.970493435956831,41.40726200944465
medium,738.0,0.8250000000000001,A,1.5,p0,0.0,2.9704936024911603,41.407259688035644,2.970493435956831,41.40726200944465
medium,738.0,0.8250000000000001,B,0.0,p0,0.0,2.9704936024911603,41.407259688035644,2.970493435956831,41.40726200944465
medium,738.0,0.8250000000000001,B,0.5,p0,0.0,2.9704936024911603,41.407259688035644,2.970493435956831,41.40726200944465
medium,738.0,0.8250000000000001,B,1.0,p0,0.0,2.9704936024911603,41.407259688035644,2.970493435956831,41.40726200944465
medium,738.0,0.8250000000000001,B,1.5,p0,0.0,2.9704936024911603,41.407259688035644,2.970493435956831,41.40726200944465
high,12420.000000000002,0.275,A,0.0,p0,0.0,3.9335937318471426,526.2363480094236,3.9335940896739805,526.2363001393373
high,12420.000000000002,0.275,A,0.5,p0,0.0,3.9335937318471426,526.2363480094236,3.9335940896739805,526.2363001393373
high,12420.000000000002,0.275,A,1.0,p0,0.0,3.9335937318471426,526.2363480094236,3.9335940896739805,526.2363001393373
high,12420.000000000002,0.275,A,1.5,p0,0.0,3.9335937318471426,526.2363480094236,3.9335940896739805,526.2363001393373
high,12420.000000000002,0.275,B,0.0,p0,0.0,3.9335937318471426,526.2363480094236,3.9335940896739805,526.2363001393373
high,12420.000000000002,0.275,B,0.5,p0,0.0,3.9335937318471426,526.2363480094236,3.9335940896739805,526.2363001393373
high,12420.000000000002,0.275,B,1.0,p0,0.0,3.9335937318471426,526.2363480094236,3.9335940896739805,526.2363001393373
high,12420.000000000002,0.275,B,1.5,p0,0.0,3.9335937318471426,526.2363480094236,3.9335940896739805,526.2363001393373
high,12420.000000000002,0.5,A,0.0,p0,0.0,4.751450337109618,435.6564529009081,4.75144996606317,435.656486921845
high,12420.000000000002,0.5,A,0.5,p0,0.0,4.751450337109618,435.6564529009081,4.75144996606317,435.656486921845
high,12420.000000000002,0.5,A,1.0,p0,0.0,4.751450337109618,435.6564529009081,4.75144996606317,435.656486921845
high,12420.000000000002,0.5,A,1.5,p0,0.0,4.751450337109618,435.6564529009081,4.75144996606317,435.656486921845
high,12420.000000000002,0.5,B,0.0,p0,0.0,4.751450337109618,435.6564529009081,4.75144996606317,435.656486921845
high,12420.000000000002,0.5,B,0.5,p0,0.0,4.751450337109618,435.6564529009081,4.75144996606317,435.656486921845
high,12420.000000000002,0.5,B,1.0,p0,0.0,4.751450337109618,435.6564529009081,4.75144996606317,435.656486921845
high,12420.000000000002,0.5,B,1.5,p0,0.0,4.751450337109618,435.6564529009081,4.75144996606317,435.656486921845
high,12420.000000000002,0.8250000000000001,A,0.0,p0,0.0,6.24199816955911,331.6245765810935,6.241998037137769,331.6245836163682
high,12420.000000000002,0.8250000000000001,A,0.5,p0,0.0,6.24199816955911,331.6245765810935,6.241998037137769,331.6245836163682
high,12420.000000000002,0.8250000000000001,A,1.0,p0,0.0,6.24199816955911,331.6245765810935,6.241998037137769,331.6245836163682
high,12420.000000000002,0.8250000000000001,A,1.5,p0,0.0,6.24199816955911,331.6245765810935,6.241998037137769,331.6245836163682
high,12420.000000000002,0.8250000000000001,B,0.0,p0,0.0,6.24199816955911,331.6245765810935,6.241998687457605,331.62454906620957
high,12420.000000000002,0.8250000000000001,B,0.5,p0,0.0,6.24199816955911,331.6245765810935,6.241998687457605,331.62454906620957
high,12420.000000000002,0.8250000000000001,B,1.0,p0,0.0,6.24199816955911,331.6245765810935,6.241998687457605,331.62454906620957
high,12420.000000000002,0.8250000000000001,B,1.5,p0,0.0,6.24199816955911,331.6245765810935,6.241998687457605,331.62454906620957
