field,attachment,line_number,record_id,record_hash,status,invalid_elements
modernbert_professionalism,A1,12094,BkiUdKI4eILhQJnKqVYf,4cc1673f3e38ccf34838377b2ee769600192c48a58cb6497efd0fa0cf7a48fb2,rejected_corrupt,6
modernbert_professionalism,A1,17788,BkiUeN3xK6wB9mpb3Bjn,da018096d9b8e55df2d50333c0dbb801d8102424cb9eac878b823ac5c824d30a,rejected_corrupt,6
modernbert_professionalism,A1,19546,BkiUecLxK7IACwaaAoRW,852b9015a5f29664bf47060f6c908699f78244efe24f64b91fb48b35cf504641,rejected_corrupt,6
modernbert_professionalism,A1,19844,BkiUcp3xK6Ot9TMSqSKV,131df55e422a308685bae314c0c64031b93554633adb78a990edcf17fc13b7d6,rejected_corrupt,6
modernbert_reasoning,A1,41437,BkiUdSQ5qU2Ap3mnjRLV,213c2f52f7f2f9c1971b2ebe108d10d2bebba7f2045b78d2ed87fda7babc7cca,rejected_corrupt,6
modernbert_reasoning,A1,41783,BkiUcNvxK4tBVgEFUGsD,f746f6cd25dc23b3685dce11b3d0117369e92f1c2c07183373f58b761f64a79a,rejected_corrupt,6
modernbert_reasoning,A1,42707,BkiUdnI5qWTD6lXPdKWn,0d6a005a645ccee8292f532d367422b059cf6116c0883e4e014234a3b7506aa0,rejected_corrupt,6
modernbert_reasoning,A1,43320,BkiUd7I4eIXh4qTE6B0_,0a7f11f5843ae76ad1d02f9a9e862806126b7e3ae5319d7d0b91124d3a5146e9,rejected_corrupt,6
modernbert_reasoning,A1,44270,BkiUco_xK7ICUuXekmA1,688beb0f798d12c845572027ac14ae0c7cd6ada590bb156e411e74d772175d3a,rejected_corrupt,6
modernbert_reasoning,A1,44813,BkiUe8jxK1yAga6JtoEE,42c14726fc52d315fdbe00cb98f8a70c459fcecef5114d3da37cb34ce79f6799,rejected_corrupt,6
modernbert_reasoning,A1,45258,BkiUdcU4ubnhBx1Jqx5c,b7b01a5e897737f9d73fbc704f51d86457ed2c3a4c124ea9e95aa6d399e79d72,rejected_corrupt,6
modernbert_reasoning,A1,45802,BkiUbBg241xg-EsBtW7L,97e4e14afbfb565b5aaa260ddd49f27569989857fab45d429fdca63a55ea9be9,rejected_corrupt,6
modernbert_reasoning,A1,46091,BkiUdIM5jDKDyKYv5QE8,fc7e77fc9a272793facb76b004a6613006eeb26b7bd292af80a16933de6795ac,rejected_corrupt,6
modernbert_reasoning,A1,47525,BkiUcCbxK1ThhCdy7RAd,fcdb0c36d9d5660e20a6078d2f439f49c9ba0ed330b6e9b5944b4ba6ace3dbd9,rejected_corrupt,6
modernbert_professionalism,A1,48254,BkiUeYzxK7IAHYL5-XVI,faa18db2fbc092c8de838d2e3274242180e34b7e4e7decbfdc0de0b89bbafcc2,rejected_corrupt,6
modernbert_reasoning,A1,49165,BkiUfZQ5qhDCd8S7ey87,bc1603439740b5499bfa97663283200141e4b195cee26222b9c4018fa3e3d763,rejected_corrupt,6
modernbert_reasoning,A1,50111,BkiUc9A5qhLA3caTagV_,bdaef0c08a330b4244001fe5438f25d12d83f067723137542fcac1eb9bab42df,rejected_corrupt,6
modernbert_reasoning,A1,50976,BkiUbO7xK6-gDz87OFCT,22536cd9133d549aafb47915e8237ee28a8e76a5fc48ee33f91f1a1c39f3a930,rejected_corrupt,6
modernbert_professionalism,A3,188215,BkiUdg_xK3YB9m7_-uDT,ae6e4daa44178257f58b545c07d75738716f45328eaa2fbf3fa955d157681070,rejected_corrupt,6
