linkage,requested_k,actual_k,silhouette
average,2,2,0.24970993685375723
average,3,3,0.1997202198038151
average,4,4,0.17377438067739967
average,5,5,0.14969582688034808
average,6,6,0.19199424477549504
average,7,7,0.23649501831885952
complete,2,2,0.25044700200324566
complete,3,3,0.20609516689095797
complete,4,4,0.2303596442190451
complete,5,5,0.23994234869467795
complete,6,6,0.26780117965732764
complete,7,7,0.2636555066442425
single,2,2,0.24076702752636273
single,3,3,0.21016554812710594
single,4,4,0.15284477657497159
single,5,5,0.14633739318448452
single,6,6,0.13618792928893664
single,7,7,0.20376757985694513
