view,domain,method,n,mean_C,median_C,rate_0.85,rate_0.9,rate_0.95
union_unique,arxiv,C_weighted_hierarchical,17523,0.3752933019220098,0.3644455769997007,0.12286708896878389,0.11619015008845518,0.10357815442561205
union_unique,arxiv,C_equal_indicator,17523,0.34254711611435673,0.3268083930015564,0.13405238828967642,0.11482052160018262,0.05895109284939794
union_unique,arxiv,C_semantic_group,17523,0.41104670880883887,0.39967217793956555,0.14809108029447013,0.14147120926781945,0.1325115562403698
union_unique,book,C_weighted_hierarchical,171,0.4343938846062531,0.4353804102267035,0.19298245614035087,0.13450292397660818,0.07602339181286549
union_unique,book,C_equal_indicator,171,0.434418215040575,0.4410172402858734,0.7017543859649122,0.6257309941520468,0.43859649122807015
union_unique,book,C_semantic_group,171,0.32100509249856507,0.3273225854744864,0.08771929824561403,0.07602339181286549,0.029239766081871343
union_unique,c4,C_weighted_hierarchical,10000,0.4554884999387721,0.4616205705581813,0.3512,0.2404,0.1157
union_unique,c4,C_equal_indicator,10000,0.40138085882365704,0.40673789381980896,0.4018,0.2827,0.1361
union_unique,c4,C_semantic_group,10000,0.4286389924446996,0.42758909483250696,0.0763,0.0659,0.0494
union_unique,commoncrawl,C_weighted_hierarchical,9636,0.41013645037865293,0.4143484554363885,0.02511415525114155,0.00933997509339975,0.0023868825238688254
union_unique,commoncrawl,C_equal_indicator,9636,0.358787724626861,0.3612758368253708,0.033623910336239106,0.013387297633872976,0.00311332503113325
union_unique,commoncrawl,C_semantic_group,9636,0.4014019032877745,0.4081146198864973,0.021066832710668327,0.01141552511415525,0.004773765047737651
union_unique,github,C_weighted_hierarchical,203742,0.44200493065012136,0.4455631857718564,0.22661994090565518,0.16394754149856192,0.09097289709534608
union_unique,github,C_equal_indicator,203742,0.3795955469605007,0.37344498932361603,0.1624407338693053,0.11590148324842202,0.07035859076675403
union_unique,github,C_semantic_group,203742,0.4590254112105249,0.47059704864375773,0.3330143024020575,0.24161439467561915,0.1353427373835537
union_unique,stackexchange,C_weighted_hierarchical,9998,0.3954281501170939,0.40358565602892077,0.03020604120824165,0.017503500700140028,0.005101020204040808
union_unique,stackexchange,C_equal_indicator,9998,0.3398607936107437,0.3367450386285782,0.01740348069613923,0.009301860372074415,0.0022004400880176033
union_unique,stackexchange,C_semantic_group,9998,0.4307851299998734,0.4545250638892544,0.11582316463292658,0.045709141828365676,0.006701340268053611
union_unique,wikipedia,C_weighted_hierarchical,9986,0.4276461435950344,0.4308651244680617,0.11596234728620068,0.06519126777488483,0.02984177848988584
union_unique,wikipedia,C_equal_indicator,9986,0.3785351939557574,0.3792920708656311,0.12347286200680953,0.06679351091528139,0.02773883436811536
union_unique,wikipedia,C_semantic_group,9986,0.4364938270528281,0.4446666151158206,0.20448628079311035,0.13128379731624273,0.04546364910875225
A1,arxiv,C_weighted_hierarchical,1419,0.3719835110193644,0.36270499550139523,0.11416490486257928,0.10923185341789993,0.09725158562367865
A1,arxiv,C_equal_indicator,1419,0.33990104585738984,0.32542261481285095,0.12473572938689217,0.10782241014799154,0.0613107822410148
A1,arxiv,C_semantic_group,1419,0.4086448535410978,0.39814584301194395,0.13601127554615927,0.1338971106412967,0.12614517265680056
A1,book,C_weighted_hierarchical,171,0.4343938846062531,0.4353804102267035,0.19298245614035087,0.13450292397660818,0.07602339181286549
A1,book,C_equal_indicator,171,0.434418215040575,0.4410172402858734,0.7017543859649122,0.6257309941520468,0.43859649122807015
A1,book,C_semantic_group,171,0.32100509249856507,0.3273225854744864,0.08771929824561403,0.07602339181286549,0.029239766081871343
A1,c4,C_weighted_hierarchical,10000,0.4554884999387721,0.4616205705581813,0.3512,0.2404,0.1157
A1,c4,C_equal_indicator,10000,0.40138085882365704,0.40673789381980896,0.4018,0.2827,0.1361
A1,c4,C_semantic_group,10000,0.4286389924446996,0.42758909483250696,0.0763,0.0659,0.0494
A1,commoncrawl,C_weighted_hierarchical,9636,0.41013645037865293,0.4143484554363885,0.02511415525114155,0.00933997509339975,0.0023868825238688254
A1,commoncrawl,C_equal_indicator,9636,0.358787724626861,0.3612758368253708,0.033623910336239106,0.013387297633872976,0.00311332503113325
A1,commoncrawl,C_semantic_group,9636,0.4014019032877745,0.4081146198864973,0.021066832710668327,0.01141552511415525,0.004773765047737651
A1,github,C_weighted_hierarchical,10000,0.44182178155925167,0.44514791374852825,0.2273,0.1623,0.0881
A1,github,C_equal_indicator,10000,0.37946893630325795,0.3734073340892792,0.1636,0.1145,0.0709
A1,github,C_semantic_group,10000,0.4587774911644299,0.47013933889396065,0.3308,0.2381,0.1316
A1,stackexchange,C_weighted_hierarchical,9998,0.3954281501170939,0.40358565602892077,0.03020604120824165,0.017503500700140028,0.005101020204040808
A1,stackexchange,C_equal_indicator,9998,0.3398607936107437,0.3367450386285782,0.01740348069613923,0.009301860372074415,0.0022004400880176033
A1,stackexchange,C_semantic_group,9998,0.4307851299998734,0.4545250638892544,0.11582316463292658,0.045709141828365676,0.006701340268053611
A1,wikipedia,C_weighted_hierarchical,9986,0.4276461435950344,0.4308651244680617,0.11596234728620068,0.06519126777488483,0.02984177848988584
A1,wikipedia,C_equal_indicator,9986,0.3785351939557574,0.3792920708656311,0.12347286200680953,0.06679351091528139,0.02773883436811536
A1,wikipedia,C_semantic_group,9986,0.4364938270528281,0.4446666151158206,0.20448628079311035,0.13128379731624273,0.04546364910875225
A2,arxiv,C_weighted_hierarchical,17523,0.3752933019220098,0.3644455769997007,0.12286708896878389,0.11619015008845518,0.10357815442561205
A2,arxiv,C_equal_indicator,17523,0.34254711611435673,0.3268083930015564,0.13405238828967642,0.11482052160018262,0.05895109284939794
A2,arxiv,C_semantic_group,17523,0.41104670880883887,0.39967217793956555,0.14809108029447013,0.14147120926781945,0.1325115562403698
A3,github,C_weighted_hierarchical,203742,0.44200493065012136,0.4455631857718564,0.22661994090565518,0.16394754149856192,0.09097289709534608
A3,github,C_equal_indicator,203742,0.3795955469605007,0.37344498932361603,0.1624407338693053,0.11590148324842202,0.07035859076675403
A3,github,C_semantic_group,203742,0.4590254112105249,0.47059704864375773,0.3330143024020575,0.24161439467561915,0.1353427373835537
