field,group,entropy,redundancy,nonredundancy,within_group_weight,global_weight,nondegenerate
fineweb_edu,A_model_ratings,0.008815506078276303,0.3433392008974527,0.6566607991025473,0.08225393659770543,0.027417978865901808,True
fluency_en,A_model_ratings,0.013749871967671856,0.3767740487106413,0.6232259512893588,0.12176221376076214,0.040587404586920714,True
modernbert_cleanliness,A_model_ratings,0.028855226705941317,0.40160136983729816,0.5983986301627018,0.24534851485265155,0.08178283828421719,True
modernbert_readability,A_model_ratings,0.011477945666506839,0.3972459231688168,0.6027540768311832,0.0983043357701919,0.0327681119233973,True
modernbert_reasoning,A_model_ratings,0.03047487931438042,0.4251042476271159,0.5748957523728842,0.24894272908457163,0.0829809096948572,True
modernbert_professionalism,A_model_ratings,0.008201252603790898,0.19575063750348695,0.804249362496513,0.09372150758838729,0.031240502529462432,True
qurater,A_model_ratings,0.01187162334696068,0.45851151292343395,0.541488487076566,0.09134140518815394,0.03044713506271798,True
ad_en,A_model_ratings,0.0014492267609573783,0.11008659086238604,0.889913409137614,0.018325357157576008,0.006108452385858669,True
dsir_books,B_dsir,0.0016374126681037993,0.9993705967344915,0.0006294032655085324,0.2737297587089302,0.09124325290297673,True
dsir_wiki,B_dsir,0.0016354765215537137,0.9994149277339273,0.0005850722660727392,0.25414917398550446,0.08471639132850149,True
dsir_math,B_dsir,0.0017349996045814553,0.9989754831079047,0.0010245168920952619,0.47212106730556547,0.15737368910185515,True
rps_doc_unigram_entropy,C_language_structure,0.006974560750923842,0.21303004073042983,0.7869699592695701,0.13373978192244762,0.04457992730748254,True
rps_doc_frac_unique_words,C_language_structure,0.010798979779667373,0.28943806769424646,0.7105619323057535,0.18696928169511903,0.06232309389837301,True
rps_doc_frac_no_alph_words,C_language_structure,0.005771931222310012,0.16968417266801708,0.830315827331983,0.11677504911004073,0.038925016370013575,True
rps_doc_frac_chars_top_2gram,C_language_structure,0.0026224975855142496,0.1714063042990915,0.8285936957009085,0.05294711686496525,0.017649038954988417,True
rps_doc_frac_chars_top_3gram,C_language_structure,0.0024059353972729625,0.23528185628005835,0.7647181437199416,0.04483022833225431,0.014943409444084768,True
rps_lines_uppercase_letter_fraction,C_language_structure,0.006436491087875695,0.22623182668990252,0.7737681733100975,0.12135163422358877,0.040450544741196255,True
rps_lines_ending_with_terminal_punctution_mark,C_language_structure,0.01790478603644119,0.21290164858027416,0.7870983514197258,0.34338690785158427,0.11446230261719476,True
