field,q01,q99,direction
dsir_books,-101463.4132075395,-121.08966647499919,positive
dsir_wiki,-101406.8614544655,-120.85761278099982,positive
dsir_math,-71217.721273499,-116.52542195899973,positive
rps_doc_word_count,1.6094379124341003,9.384583552175126,direction_provisional
rps_doc_num_sentences,0.6931471805599453,6.914730892718563,direction_provisional
rps_doc_unigram_entropy,1.38629436,6.2933250570000006,positive
rps_doc_frac_unique_words,15.039476675790723,100.0,positive
rps_doc_frac_no_alph_words,17.030567685589517,59.76463901087018,negative
rps_doc_frac_chars_top_2gram,0.0,24.0,negative
rps_doc_frac_chars_top_3gram,0.0,24.0,negative
rps_lines_uppercase_letter_fraction,1.356065381131209,55.28838895789631,negative
rps_lines_ending_with_terminal_punctution_mark,0.0,100.0,positive
rps_lines_numerical_chars_fraction,0.0,13.813204702042686,direction_provisional
rps_doc_mean_word_length,4.224767006358332,22.25,direction_provisional
fineweb_edu,0.028869865834712995,3.033182954788208,positive
fluency_en,0.03778576469024241,0.9989329575117698,positive
modernbert_cleanliness,0.2000025709309011,0.9999966276347116,positive
modernbert_readability,0.15973285865346093,0.9958519302743251,positive
modernbert_reasoning,0.0004611081514357611,0.9999971031129727,positive
modernbert_professionalism,0.2018540477929801,0.9999942696817364,positive
qurater,0.06692213970293814,0.9186901989888238,positive
ad_en,0.38389750919396093,0.99963313740476,positive
