bootstrap,E,A,B,alpha,beta,gamma
0,0.9697357106411661,0.5390191483021733,1.7578445057226009,0.2821726783559919,0.10632482590614549,0.3175075323563582
1,1.2005999114452588,0.5123947011819571,1.5171617685001177,0.2940022864843733,0.12390537358114612,0.42824680625146555
2,0.5138444236674167,0.5094292145360025,2.1915615527796395,0.29356987954102703,0.07303125211381997,0.2237457005499016
3,0.8155575973258795,0.4652788837644557,1.9360063152778741,0.31639962856054243,0.08720909101205472,0.28003412754349477
4,0.3467282868904803,0.5940878026318518,2.263082044730896,0.2572990590849543,0.06761378751481621,0.21461193118230384
5,0.924601262358887,0.511777260703078,1.836720730455064,0.29083888913694883,0.10408443241240094,0.3095616240543724
6,0.5840902972044397,0.5163185650218607,2.0704262470343346,0.2884896596762773,0.0725799079943972,0.23088966118316648
7,0.8681431112554827,0.5057101558904852,1.849492269381107,0.3021733043977623,0.09432823441782195,0.29419743168078427
8,0.9231944803639633,0.5100971680496239,1.8068437020644739,0.29379172876664517,0.09960182682345574,0.3222714440508498
9,1.189705534516638,0.538279087282726,1.5795494589884065,0.27665717022352054,0.1337564322331264,0.3983404807382586
10,0.08531875854324952,0.5329141999814948,2.555116182965072,0.2801021761879561,0.056392399320154565,0.17976630328752885
11,1.1547749381887875,0.5675457917666408,1.5389063976881132,0.26797749075182004,0.12770373578307176,0.41760293557064343
12,1.1978717062894455,0.5035271085254349,1.5528818431316893,0.29079444767052437,0.12477519488983131,0.4174742788394646
13,1.139444930248685,0.5589192273058995,1.5646513070568226,0.26863461603358113,0.12348871965374612,0.40280762786809066
14,0.9975302042375478,0.5185166889360263,1.7410900616853944,0.29146256410657856,0.10769702933608312,0.3462673347589069
15,0.8053943868679327,0.4812638258953911,1.9502052747326082,0.30494721723058665,0.08931040705112911,0.30130366380370394
16,0.9417915370943756,0.6797342862023289,1.6748622574238567,0.2246800191414846,0.11911447274118614,0.36445413476557975
17,1.0130106919929942,0.5403520266424483,1.693921895360819,0.278712268333754,0.10796521003658607,0.32903521832634874
18,0.7113311640443795,0.577960991768748,1.953426205236741,0.26885519343810893,0.08823716583359799,0.27537323749303244
19,1.114269995126279,0.5338893307637788,1.5888070194045556,0.2811055500914654,0.11691491465859337,0.37646955164867263
20,0.1682273158533694,0.5215552665266188,2.4892728481850477,0.2864693328368386,0.059638185510473576,0.18586349188540022
21,0.8093009426029586,0.6353528570208609,1.8237430658263503,0.22588857038877314,0.10067974792659565,0.30544929421083206
22,0.9392023466718412,0.5499718149445504,1.7462973943956055,0.2700950106214253,0.10137864146277933,0.34357680756468395
23,0.7924712342537257,0.5823691339093516,1.836268682580695,0.25588935783863936,0.09108227634853582,0.3085068268662304
24,0.9545175107981263,0.5858247050222475,1.7116554612628625,0.25968271354082706,0.10682972386571789,0.37576381896849714
25,0.4628386543304923,0.510187134280162,2.2057534769374936,0.28902624440679936,0.06757003045468365,0.23945292593253067
26,1.218416658074459,0.5091051537816693,1.5697408889456803,0.2886134853652065,0.13395259412778418,0.4052403328498736
27,0.30145357477362683,0.5966552464599889,2.333734924815089,0.25929243242137406,0.06942851709032037,0.2270716638916866
28,0.4342226690000494,0.5547573576246819,2.2008170000365834,0.2724201217568735,0.06965160673132795,0.21703359111765344
29,0.2745201531673326,0.4908329080355559,2.4014458283005538,0.2978495705357158,0.06057109843542075,0.20186382538311115
30,1.1129348214865495,0.49465894357543916,1.672307579644961,0.29454637045998777,0.11817077000720903,0.36945834584558834
31,1.1268071062281617,0.49606484208989887,1.5926808890589053,0.28494816950952445,0.11086777320717892,0.35364963043204695
32,1.0842380959018665,0.48975845502445003,1.6380225345792703,0.2994494744526023,0.10765824989810074,0.3628671168434633
33,0.9606330212271517,0.4936155564559174,1.7900918546287614,0.300360786862675,0.10064952262725721,0.33830841042342974
34,0.9624445454709284,0.5305444466659167,1.7316835662955756,0.286487143239961,0.1015051898903678,0.3315206857797294
35,0.7414313872667331,0.49368703633250205,1.9776467038370737,0.3004912365366462,0.08401366562900524,0.2542090826038229
36,0.694028772473127,0.5300880381057016,2.0019664269910473,0.2842386228585997,0.08373710751575703,0.2811510677858206
37,1.219521602966805,0.5069830424494339,1.5271223885787064,0.290281459407362,0.1287946216711961,0.4297771137227357
38,0.5837979266970126,0.595547535775602,2.0318772353171743,0.25744307063230226,0.0788003248063462,0.25739786940570286
39,0.6938079535370361,0.5683670587222385,1.9558031089935448,0.2694344866581925,0.08417304302862895,0.29111919063808694
40,0.9760961307329925,0.5694083889417366,1.7271959780296395,0.2707521492137753,0.11133971931122617,0.32575130664882856
41,1.1529615742360915,0.567239986684316,1.5755868708579948,0.26824471601385247,0.13051230663608807,0.42460688287063353
42,1.1468851484045064,0.510001429345428,1.5815278821167673,0.29347673875841546,0.1181415726376315,0.4069073180159877
43,0.6936600672001136,0.5567462874496741,1.9717338217801643,0.27110784837248064,0.0848944278317107,0.2500277132553963
44,0.7150691703447787,0.6159736887665209,1.9026405203395134,0.25010713120680655,0.08874402037689424,0.28643338800385726
45,0.9042237546733902,0.46799706776794736,1.802282367029534,0.31742532627532044,0.0878219060282464,0.3037515711398271
46,0.49933587571709587,0.4970746971295552,2.187133974921579,0.2989543539175448,0.06938471749249193,0.23187901639738775
47,0.9597307911684,0.5153838420539955,1.74991868228735,0.287464824491333,0.09956277463339047,0.290644785678253
48,1.3487188998976711,0.5219836455408642,1.4287722727672463,0.28747569301696163,0.15521203931017763,0.5339386764065011
49,1.1108372328484193,0.48605477722972407,1.6347355735591391,0.30313183944992833,0.11045817144423693,0.37476937640416086
50,0.753022134391954,0.49137982226046756,1.9011986098329736,0.3003940437767313,0.07723053493104438,0.27208920605302905
51,0.9891241385446583,0.5048402626400167,1.75949769640531,0.2942143304231686,0.10350565937894203,0.3422351096753918
52,0.8383906476059269,0.5640469659038261,1.842894738681731,0.2676060501750997,0.09629498530510493,0.3063602538651121
53,0.9475390608205664,0.5874281045669206,1.7159834794822888,0.26228227510140484,0.10802854913576451,0.35048078711736375
54,0.9378158762201947,0.46311381714414945,1.8278828373687235,0.3178396617999466,0.09658994307308327,0.30796562208187545
55,0.7761347415787697,0.5338935382328889,1.9221024020034763,0.2822860444455846,0.08893403896994932,0.2870687971938926
56,1.1426819409044833,0.5457482850648783,1.5615091547584476,0.27979192289798616,0.12185302100758559,0.38986525775898534
57,1.0224112683254096,0.5132130154455505,1.7097937637975038,0.2898994047296647,0.1064918273079003,0.3379636226849801
58,0.7987360407113925,0.5631354152431671,1.8975627594945959,0.27203223877688315,0.09481432937883132,0.294432857630101
59,0.8674826720625536,0.5586299588038995,1.8317272835211886,0.27330047320689466,0.0993454098710062,0.3204322693736397
