model,fold,source_row,group,actual,prediction
M0,0,32,0.07|600,3.1971,3.0071459396416307
M0,0,33,0.07|600,3.1469,3.0071459396416307
M0,0,34,0.07|600,3.1946,3.0071459396416307
M0,0,35,0.07|600,3.1242,3.0071459396416307
M0,0,36,0.07|600,2.9753,3.0071459396416307
M0,0,37,0.07|600,2.8695,3.0071459396416307
M0,0,38,0.07|600,2.8303,3.0071459396416307
M0,0,39,0.07|600,2.747,3.0071459396416307
M0,0,72,0.16|600,2.98,2.7717825894601296
M0,0,73,0.16|600,2.9212,2.7717825894601296
M0,0,74,0.16|600,2.8818,2.7717825894601296
M0,0,75,0.16|600,2.8627,2.7717825894601296
M0,0,76,0.16|600,2.7288,2.7717825894601296
M0,0,77,0.16|600,2.658,2.7717825894601296
M0,0,78,0.16|600,2.5923,2.7717825894601296
M0,0,79,0.16|600,2.5781,2.7717825894601296
M0,0,112,0.41|600,2.6695,2.5633646857776036
M0,0,113,0.41|600,2.7354,2.5633646857776036
M0,0,114,0.41|600,2.6187,2.5633646857776036
M0,0,115,0.41|600,2.5858,2.5633646857776036
M0,0,116,0.41|600,2.5121,2.5633646857776036
M0,0,117,0.41|600,2.4741,2.5633646857776036
M0,0,118,0.41|600,2.471,2.5633646857776036
M0,0,119,0.41|600,2.3932,2.5633646857776036
M0,0,152,0.7|600,2.5974,2.4675422279987465
M0,0,153,0.7|600,2.5998,2.4675422279987465
M0,0,154,0.7|600,2.5611,2.4675422279987465
M0,0,155,0.7|600,2.5225,2.4675422279987465
M0,0,156,0.7|600,2.51,2.4675422279987465
M0,0,157,0.7|600,2.4421,2.4675422279987465
M0,0,158,0.7|600,2.2624,2.4675422279987465
M0,0,159,0.7|600,2.3039,2.4675422279987465
M0,0,192,1.0|600,2.6008,2.4113000694299873
M0,0,193,1.0|600,2.4894,2.4113000694299873
M0,0,194,1.0|600,2.4439,2.4113000694299873
M0,0,195,1.0|600,2.4229,2.4113000694299873
M0,0,196,1.0|600,2.4336,2.4113000694299873
M0,0,197,1.0|600,2.3549,2.4113000694299873
M0,0,198,1.0|600,2.2636,2.4113000694299873
M0,0,199,1.0|600,2.2915,2.4113000694299873
M0,0,232,2.8|600,2.4515,2.2776157632952123
M0,0,233,2.8|600,2.4042,2.2776157632952123
M0,0,234,2.8|600,2.3538,2.2776157632952123
M0,0,235,2.8|600,2.3322,2.2776157632952123
M0,0,236,2.8|600,2.2986,2.2776157632952123
M0,0,237,2.8|600,2.2378,2.2776157632952123
M0,0,238,2.8|600,2.1287,2.2776157632952123
M0,0,239,2.8|600,2.1935,2.2776157632952123
M0,0,272,4.0|600,2.2637,2.2397232912005376
M0,0,273,4.0|600,2.2681,2.2397232912005376
M0,0,274,4.0|600,2.403,2.2397232912005376
M0,0,275,4.0|600,2.3312,2.2397232912005376
M0,0,276,4.0|600,2.2966,2.2397232912005376
M0,0,277,4.0|600,2.16,2.2397232912005376
M0,0,278,4.0|600,2.1978,2.2397232912005376
M0,0,279,4.0|600,2.1107,2.2397232912005376
M0,0,312,6.9|600,2.2081,2.1887530370992088
M0,0,313,6.9|600,2.2684,2.1887530370992088
M0,0,314,6.9|600,2.2487,2.1887530370992088
M0,0,315,6.9|600,2.2425,2.1887530370992088
M0,0,316,6.9|600,2.1582,2.1887530370992088
M0,0,317,6.9|600,2.1315,2.1887530370992088
M0,0,318,6.9|600,2.0744,2.1887530370992088
M0,0,319,6.9|600,2.0492,2.1887530370992088
M0,0,352,11.97|600,2.288,2.1446972300718325
M0,0,353,11.97|600,2.2118,2.1446972300718325
M0,0,354,11.97|600,2.1456,2.1446972300718325
M0,0,355,11.97|600,2.141,2.1446972300718325
M0,0,356,11.97|600,2.0709,2.1446972300718325
M0,0,357,11.97|600,2.0161,2.1446972300718325
M0,0,358,11.97|600,2.0573,2.1446972300718325
M0,0,359,11.97|600,2.0191,2.1446972300718325
M0,1,8,0.07|50,3.5105,3.2309235906829583
M0,1,9,0.07|50,3.4001,3.2309235906829583
M0,1,10,0.07|50,3.3596,3.2309235906829583
M0,1,11,0.07|50,3.2727,3.2309235906829583
M0,1,12,0.07|50,3.0798,3.2309235906829583
M0,1,13,0.07|50,3.1431,3.2309235906829583
M0,1,14,0.07|50,3.0628,3.2309235906829583
M0,1,15,0.07|50,2.9922,3.2309235906829583
M0,1,48,0.16|50,3.2175,2.9953761860886843
M0,1,49,0.16|50,3.1458,2.9953761860886843
M0,1,50,0.16|50,3.0796,2.9953761860886843
M0,1,51,0.16|50,3.002,2.9953761860886843
M0,1,52,0.16|50,2.8375,2.9953761860886843
M0,1,53,0.16|50,2.894,2.9953761860886843
M0,1,54,0.16|50,2.6326,2.9953761860886843
M0,1,55,0.16|50,2.793,2.9953761860886843
M0,1,88,0.41|50,2.976,2.785874710100014
M0,1,89,0.41|50,2.9489,2.785874710100014
M0,1,90,0.41|50,2.9676,2.785874710100014
M0,1,91,0.41|50,2.8049,2.785874710100014
M0,1,92,0.41|50,2.6958,2.785874710100014
M0,1,93,0.41|50,2.6518,2.785874710100014
M0,1,94,0.41|50,2.6355,2.785874710100014
M0,1,95,0.41|50,2.6047,2.785874710100014
M0,1,128,0.7|50,2.8444,2.68919050630967
M0,1,129,0.7|50,2.8069,2.68919050630967
M0,1,130,0.7|50,2.7973,2.68919050630967
M0,1,131,0.7|50,2.7324,2.68919050630967
M0,1,132,0.7|50,2.6134,2.68919050630967
M0,1,133,0.7|50,2.6409,2.68919050630967
M0,1,134,0.7|50,2.5496,2.68919050630967
M0,1,135,0.7|50,2.5581,2.68919050630967
M0,1,168,1.0|50,2.8264,2.632314613062605
M0,1,169,1.0|50,2.8076,2.632314613062605
M0,1,170,1.0|50,2.6823,2.632314613062605
M0,1,171,1.0|50,2.6528,2.632314613062605
M0,1,172,1.0|50,2.6707,2.632314613062605
M0,1,173,1.0|50,2.4922,2.632314613062605
M0,1,174,1.0|50,2.5805,2.632314613062605
M0,1,175,1.0|50,2.5615,2.632314613062605
M0,1,208,2.8|50,2.5785,2.4966686001591643
M0,1,209,2.8|50,2.4874,2.4966686001591643
M0,1,210,2.8|50,2.5971,2.4966686001591643
M0,1,211,2.8|50,2.5963,2.4966686001591643
M0,1,212,2.8|50,2.5446,2.4966686001591643
M0,1,213,2.8|50,2.3227,2.4966686001591643
M0,1,214,2.8|50,2.3871,2.4966686001591643
M0,1,215,2.8|50,2.2984,2.4966686001591643
M0,1,248,4.0|50,2.5657,2.4580821106166244
M0,1,249,4.0|50,2.6024,2.4580821106166244
M0,1,250,4.0|50,2.5078,2.4580821106166244
M0,1,251,4.0|50,2.5793,2.4580821106166244
M0,1,252,4.0|50,2.4706,2.4580821106166244
M0,1,253,4.0|50,2.4391,2.4580821106166244
M0,1,254,4.0|50,2.3223,2.4580821106166244
M0,1,255,4.0|50,2.4105,2.4580821106166244
M0,1,288,6.9|50,2.5548,2.4060619682769824
M0,1,289,6.9|50,2.4799,2.4060619682769824
M0,1,290,6.9|50,2.4833,2.4060619682769824
M0,1,291,6.9|50,2.4979,2.4060619682769824
M0,1,292,6.9|50,2.4093,2.4060619682769824
M0,1,293,6.9|50,2.2784,2.4060619682769824
M0,1,294,6.9|50,2.347,2.4060619682769824
M0,1,295,6.9|50,2.2632,2.4060619682769824
M0,1,328,11.97|50,2.4506,2.360975112257085
M0,1,329,11.97|50,2.4199,2.360975112257085
M0,1,330,11.97|50,2.4152,2.360975112257085
M0,1,331,11.97|50,2.3833,2.360975112257085
M0,1,332,11.97|50,2.3437,2.360975112257085
M0,1,333,11.97|50,2.2204,2.360975112257085
M0,1,334,11.97|50,2.296,2.360975112257085
M0,1,335,11.97|50,2.3439,2.360975112257085
M0,2,24,0.07|300,3.2863,3.054805089212669
M0,2,25,0.07|300,3.1355,3.054805089212669
M0,2,26,0.07|300,3.1588,3.054805089212669
M0,2,27,0.07|300,3.2809,3.054805089212669
M0,2,28,0.07|300,3.0098,3.054805089212669
M0,2,29,0.07|300,2.8391,3.054805089212669
M0,2,30,0.07|300,2.858,3.054805089212669
M0,2,31,0.07|300,2.837,3.054805089212669
M0,2,64,0.16|300,2.9719,2.821382428623744
M0,2,65,0.16|300,2.9407,2.821382428623744
M0,2,66,0.16|300,2.956,2.821382428623744
M0,2,67,0.16|300,2.8482,2.821382428623744
M0,2,68,0.16|300,2.8081,2.821382428623744
M0,2,69,0.16|300,2.6978,2.821382428623744
M0,2,70,0.16|300,2.6348,2.821382428623744
M0,2,71,0.16|300,2.6071,2.821382428623744
M0,2,104,0.41|300,2.8085,2.6131254614381816
M0,2,105,0.41|300,2.7682,2.6131254614381816
M0,2,106,0.41|300,2.6832,2.6131254614381816
M0,2,107,0.41|300,2.7891,2.6131254614381816
M0,2,108,0.41|300,2.5211,2.6131254614381816
M0,2,109,0.41|300,2.549,2.6131254614381816
M0,2,110,0.41|300,2.432,2.6131254614381816
M0,2,111,0.41|300,2.3791,2.6131254614381816
M0,2,144,0.7|300,2.6722,2.516760194367751
M0,2,145,0.7|300,2.6214,2.516760194367751
M0,2,146,0.7|300,2.5759,2.516760194367751
M0,2,147,0.7|300,2.5792,2.516760194367751
M0,2,148,0.7|300,2.4842,2.516760194367751
M0,2,149,0.7|300,2.4416,2.516760194367751
M0,2,150,0.7|300,2.4128,2.516760194367751
M0,2,151,0.7|300,2.3149,2.516760194367751
M0,2,184,1.0|300,2.6943,2.459981906317828
M0,2,185,1.0|300,2.5728,2.459981906317828
M0,2,186,1.0|300,2.4688,2.459981906317828
M0,2,187,1.0|300,2.5249,2.459981906317828
M0,2,188,1.0|300,2.4469,2.459981906317828
M0,2,189,1.0|300,2.4239,2.459981906317828
M0,2,190,1.0|300,2.2509,2.459981906317828
M0,2,191,1.0|300,2.342,2.459981906317828
M0,2,224,2.8|300,2.446,2.3242472937478067
M0,2,225,2.8|300,2.3643,2.3242472937478067
M0,2,226,2.8|300,2.3988,2.3242472937478067
M0,2,227,2.8|300,2.3719,2.3242472937478067
M0,2,228,2.8|300,2.3342,2.3242472937478067
M0,2,229,2.8|300,2.2389,2.3242472937478067
M0,2,230,2.8|300,2.2601,2.3242472937478067
M0,2,231,2.8|300,2.1271,2.3242472937478067
M0,2,264,4.0|300,2.4125,2.2855380629816153
M0,2,265,4.0|300,2.3793,2.2855380629816153
M0,2,266,4.0|300,2.2697,2.2855380629816153
M0,2,267,4.0|300,2.3711,2.2855380629816153
M0,2,268,4.0|300,2.2294,2.2855380629816153
M0,2,269,4.0|300,2.1962,2.2855380629816153
M0,2,270,4.0|300,2.1753,2.2855380629816153
M0,2,271,4.0|300,2.1975,2.2855380629816153
M0,2,304,6.9|300,2.3408,2.233270038834234
M0,2,305,6.9|300,2.3195,2.233270038834234
M0,2,306,6.9|300,2.3002,2.233270038834234
M0,2,307,6.9|300,2.3167,2.233270038834234
M0,2,308,6.9|300,2.2275,2.233270038834234
M0,2,309,6.9|300,2.1189,2.233270038834234
M0,2,310,6.9|300,2.1052,2.233270038834234
M0,2,311,6.9|300,2.1363,2.233270038834234
M0,2,344,11.97|300,2.2899,2.187880637550696
M0,2,345,11.97|300,2.2886,2.187880637550696
M0,2,346,11.97|300,2.2767,2.187880637550696
M0,2,347,11.97|300,2.2501,2.187880637550696
M0,2,348,11.97|300,2.1351,2.187880637550696
M0,2,349,11.97|300,2.1274,2.187880637550696
M0,2,350,11.97|300,2.2077,2.187880637550696
M0,2,351,11.97|300,2.0939,2.187880637550696
M0,3,16,0.07|150,3.384,3.105885744522686
M0,3,17,0.07|150,3.2214,3.105885744522686
M0,3,18,0.07|150,3.3529,3.105885744522686
M0,3,19,0.07|150,3.1687,3.105885744522686
M0,3,20,0.07|150,3.1017,3.105885744522686
M0,3,21,0.07|150,3.0179,3.105885744522686
M0,3,22,0.07|150,2.7658,3.105885744522686
M0,3,23,0.07|150,2.9653,3.105885744522686
M0,3,56,0.16|150,3.1249,2.8775086719546894
M0,3,57,0.16|150,2.9746,2.8775086719546894
M0,3,58,0.16|150,3.0125,2.8775086719546894
M0,3,59,0.16|150,2.9738,2.8775086719546894
M0,3,60,0.16|150,2.8802,2.8775086719546894
M0,3,61,0.16|150,2.725,2.8775086719546894
M0,3,62,0.16|150,2.7204,2.8775086719546894
M0,3,63,0.16|150,2.6657,2.8775086719546894
M0,3,96,0.41|150,2.8727,2.671717017188219
M0,3,97,0.41|150,2.8815,2.671717017188219
M0,3,98,0.41|150,2.7186,2.671717017188219
M0,3,99,0.41|150,2.6566,2.671717017188219
M0,3,100,0.41|150,2.6516,2.671717017188219
M0,3,101,0.41|150,2.5539,2.671717017188219
M0,3,102,0.41|150,2.5112,2.671717017188219
M0,3,103,0.41|150,2.4068,2.671717017188219
M0,3,136,0.7|150,2.7893,2.5756797872520627
M0,3,137,0.7|150,2.6375,2.5756797872520627
M0,3,138,0.7|150,2.6856,2.5756797872520627
M0,3,139,0.7|150,2.5991,2.5756797872520627
M0,3,140,0.7|150,2.5608,2.5756797872520627
M0,3,141,0.7|150,2.5043,2.5756797872520627
M0,3,142,0.7|150,2.4035,2.5756797872520627
M0,3,143,0.7|150,2.3542,2.5756797872520627
M0,3,176,1.0|150,2.6482,2.5188064647511683
M0,3,177,1.0|150,2.6343,2.5188064647511683
M0,3,178,1.0|150,2.6133,2.5188064647511683
M0,3,179,1.0|150,2.5016,2.5188064647511683
M0,3,180,1.0|150,2.5859,2.5188064647511683
M0,3,181,1.0|150,2.3211,2.5188064647511683
M0,3,182,1.0|150,2.3833,2.5188064647511683
M0,3,183,1.0|150,2.334,2.5188064647511683
M0,3,216,2.8|150,2.4446,2.381807208137745
M0,3,217,2.8|150,2.4506,2.381807208137745
M0,3,218,2.8|150,2.3889,2.381807208137745
M0,3,219,2.8|150,2.5101,2.381807208137745
M0,3,220,2.8|150,2.2938,2.381807208137745
M0,3,221,2.8|150,2.2577,2.381807208137745
M0,3,222,2.8|150,2.2652,2.381807208137745
M0,3,223,2.8|150,2.2464,2.381807208137745
M0,3,256,4.0|150,2.494,2.3424204849117567
M0,3,257,4.0|150,2.4505,2.3424204849117567
M0,3,258,4.0|150,2.4411,2.3424204849117567
M0,3,259,4.0|150,2.3929,2.3424204849117567
M0,3,260,4.0|150,2.3873,2.3424204849117567
M0,3,261,4.0|150,2.2679,2.3424204849117567
M0,3,262,4.0|150,2.2339,2.3424204849117567
M0,3,263,4.0|150,2.2102,2.3424204849117567
M0,3,296,6.9|150,2.3272,2.2889680516711213
M0,3,297,6.9|150,2.3658,2.2889680516711213
M0,3,298,6.9|150,2.3708,2.2889680516711213
M0,3,299,6.9|150,2.3438,2.2889680516711213
M0,3,300,6.9|150,2.2064,2.2889680516711213
M0,3,301,6.9|150,2.2296,2.2889680516711213
M0,3,302,6.9|150,2.2482,2.2889680516711213
M0,3,303,6.9|150,2.1506,2.2889680516711213
M0,3,336,11.97|150,2.4214,2.2422615842499556
M0,3,337,11.97|150,2.3485,2.2422615842499556
M0,3,338,11.97|150,2.3316,2.2422615842499556
M0,3,339,11.97|150,2.2453,2.2422615842499556
M0,3,340,11.97|150,2.2154,2.2422615842499556
M0,3,341,11.97|150,2.2885,2.2422615842499556
M0,3,342,11.97|150,2.1844,2.2422615842499556
M0,3,343,11.97|150,2.2045,2.2422615842499556
M0,4,0,0.07|10,3.7216,3.476444078869589
M0,4,1,0.07|10,3.6004,3.476444078869589
M0,4,2,0.07|10,3.6507,3.476444078869589
M0,4,3,0.07|10,3.5704,3.476444078869589
M0,4,4,0.07|10,3.5458,3.476444078869589
M0,4,5,0.07|10,3.353,3.476444078869589
M0,4,6,0.07|10,3.2211,3.476444078869589
M0,4,7,0.07|10,3.1125,3.476444078869589
M0,4,40,0.16|10,3.4765,3.240468415513804
M0,4,41,0.16|10,3.4324,3.240468415513804
M0,4,42,0.16|10,3.46,3.240468415513804
M0,4,43,0.16|10,3.2484,3.240468415513804
M0,4,44,0.16|10,3.269,3.240468415513804
M0,4,45,0.16|10,3.2072,3.240468415513804
M0,4,46,0.16|10,3.0024,3.240468415513804
M0,4,47,0.16|10,3.0121,3.240468415513804
M0,4,80,0.41|10,3.228,3.0323201446303147
M0,4,81,0.41|10,3.2291,3.0323201446303147
M0,4,82,0.41|10,3.2054,3.0323201446303147
M0,4,83,0.41|10,3.0181,3.0323201446303147
M0,4,84,0.41|10,3.0836,3.0323201446303147
M0,4,85,0.41|10,2.9795,3.0323201446303147
M0,4,86,0.41|10,2.8227,3.0323201446303147
M0,4,87,0.41|10,2.9558,3.0323201446303147
M0,4,120,0.7|10,3.1919,2.9369399390604896
M0,4,121,0.7|10,3.1552,2.9369399390604896
M0,4,122,0.7|10,3.0155,2.9369399390604896
M0,4,123,0.7|10,3.0148,2.9369399390604896
M0,4,124,0.7|10,2.9615,2.9369399390604896
M0,4,125,0.7|10,2.8692,2.9369399390604896
M0,4,126,0.7|10,2.7928,2.9369399390604896
M0,4,127,0.7|10,2.8304,2.9369399390604896
M0,4,160,1.0|10,3.0483,2.8810687112599425
M0,4,161,1.0|10,2.968,2.8810687112599425
M0,4,162,1.0|10,2.8948,2.8810687112599425
M0,4,163,1.0|10,2.8223,2.8810687112599425
M0,4,164,1.0|10,2.8442,2.8810687112599425
M0,4,165,1.0|10,2.7546,2.8810687112599425
M0,4,166,1.0|10,2.7505,2.8810687112599425
M0,4,167,1.0|10,2.6827,2.8810687112599425
M0,4,200,2.8|10,2.9592,2.7486600523319726
M0,4,201,2.8|10,2.8431,2.7486600523319726
M0,4,202,2.8|10,2.8867,2.7486600523319726
M0,4,203,2.8|10,2.771,2.7486600523319726
M0,4,204,2.8|10,2.7064,2.7486600523319726
M0,4,205,2.8|10,2.651,2.7486600523319726
M0,4,206,2.8|10,2.6397,2.7486600523319726
M0,4,207,2.8|10,2.484,2.7486600523319726
M0,4,240,4.0|10,2.855,2.71124788089995
M0,4,241,4.0|10,2.872,2.71124788089995
M0,4,242,4.0|10,2.8016,2.71124788089995
M0,4,243,4.0|10,2.6993,2.71124788089995
M0,4,244,4.0|10,2.631,2.71124788089995
M0,4,245,4.0|10,2.6463,2.71124788089995
M0,4,246,4.0|10,2.6487,2.71124788089995
M0,4,247,4.0|10,2.4852,2.71124788089995
M0,4,280,6.9|10,2.7585,2.6610231889782416
M0,4,281,6.9|10,2.6605,2.6610231889782416
M0,4,282,6.9|10,2.72,2.6610231889782416
M0,4,283,6.9|10,2.6823,2.6610231889782416
M0,4,284,6.9|10,2.5269,2.6610231889782416
M0,4,285,6.9|10,2.5341,2.6610231889782416
M0,4,286,6.9|10,2.5395,2.6610231889782416
M0,4,287,6.9|10,2.4679,2.6610231889782416
M0,4,320,11.97|10,2.77,2.6177170110273855
M0,4,321,11.97|10,2.6684,2.6177170110273855
M0,4,322,11.97|10,2.6888,2.6177170110273855
M0,4,323,11.97|10,2.7027,2.6177170110273855
M0,4,324,11.97|10,2.6784,2.6177170110273855
M0,4,325,11.97|10,2.6185,2.6177170110273855
M0,4,326,11.97|10,2.4891,2.6177170110273855
M0,4,327,11.97|10,2.4184,2.6177170110273855
MQ,0,32,0.07|600,3.1971,3.1027268636863625
MQ,0,33,0.07|600,3.1469,3.069134331427329
MQ,0,34,0.07|600,3.1946,3.0363921886585774
MQ,0,35,0.07|600,3.1242,3.0044789079084775
MQ,0,36,0.07|600,2.9753,2.9430555336042414
MQ,0,37,0.07|600,2.8695,2.8847026421438953
MQ,0,38,0.07|600,2.8303,2.8566293575913724
MQ,0,39,0.07|600,2.747,2.829266743671152
MQ,0,72,0.16|600,2.98,2.8673635092533964
MQ,0,73,0.16|600,2.9212,2.833770976994363
MQ,0,74,0.16|600,2.8818,2.8010288342256113
MQ,0,75,0.16|600,2.8627,2.7691155534755114
MQ,0,76,0.16|600,2.7288,2.7076921791712754
MQ,0,77,0.16|600,2.658,2.649339287710929
MQ,0,78,0.16|600,2.5923,2.6212660031584063
MQ,0,79,0.16|600,2.5781,2.5939033892381858
MQ,0,112,0.41|600,2.6695,2.658945604066398
MQ,0,113,0.41|600,2.7354,2.625353071807364
MQ,0,114,0.41|600,2.6187,2.592610929038613
MQ,0,115,0.41|600,2.5858,2.560697648288513
MQ,0,116,0.41|600,2.5121,2.499274273984277
MQ,0,117,0.41|600,2.4741,2.44092138252393
MQ,0,118,0.41|600,2.471,2.4128480979714078
MQ,0,119,0.41|600,2.3932,2.385485484051187
MQ,0,152,0.7|600,2.5974,2.563123146485023
MQ,0,153,0.7|600,2.5998,2.5295306142259895
MQ,0,154,0.7|600,2.5611,2.4967884714572377
MQ,0,155,0.7|600,2.5225,2.464875190707138
MQ,0,156,0.7|600,2.51,2.4034518164029017
MQ,0,157,0.7|600,2.4421,2.3450989249425556
MQ,0,158,0.7|600,2.2624,2.3170256403900327
MQ,0,159,0.7|600,2.3039,2.289663026469812
MQ,0,192,1.0|600,2.6008,2.506880988344115
MQ,0,193,1.0|600,2.4894,2.473288456085082
MQ,0,194,1.0|600,2.4439,2.44054631331633
MQ,0,195,1.0|600,2.4229,2.40863303256623
MQ,0,196,1.0|600,2.4336,2.347209658261994
MQ,0,197,1.0|600,2.3549,2.288856766801648
MQ,0,198,1.0|600,2.2636,2.260783482249125
MQ,0,199,1.0|600,2.2915,2.2334208683289045
MQ,0,232,2.8|600,2.4515,2.373196684333044
MQ,0,233,2.8|600,2.4042,2.3396041520740107
MQ,0,234,2.8|600,2.3538,2.306862009305259
MQ,0,235,2.8|600,2.3322,2.274948728555159
MQ,0,236,2.8|600,2.2986,2.213525354250923
MQ,0,237,2.8|600,2.2378,2.155172462790577
MQ,0,238,2.8|600,2.1287,2.127099178238054
MQ,0,239,2.8|600,2.1935,2.0997365643178334
MQ,0,272,4.0|600,2.2637,2.335304213174699
MQ,0,273,4.0|600,2.2681,2.3017116809156652
MQ,0,274,4.0|600,2.403,2.268969538146914
MQ,0,275,4.0|600,2.3312,2.237056257396814
MQ,0,276,4.0|600,2.2966,2.175632883092578
MQ,0,277,4.0|600,2.16,2.1172799916322314
MQ,0,278,4.0|600,2.1978,2.0892067070797085
MQ,0,279,4.0|600,2.1107,2.061844093159488
MQ,0,312,6.9|600,2.2081,2.2843339606138864
MQ,0,313,6.9|600,2.2684,2.250741428354853
MQ,0,314,6.9|600,2.2487,2.2179992855861013
MQ,0,315,6.9|600,2.2425,2.1860860048360014
MQ,0,316,6.9|600,2.1582,2.1246626305317653
MQ,0,317,6.9|600,2.1315,2.066309739071419
MQ,0,318,6.9|600,2.0744,2.0382364545188962
MQ,0,319,6.9|600,2.0492,2.0108738405986757
MQ,0,352,11.97|600,2.288,2.240278155215845
MQ,0,353,11.97|600,2.2118,2.2066856229568117
MQ,0,354,11.97|600,2.1456,2.17394348018806
MQ,0,355,11.97|600,2.141,2.14203019943796
MQ,0,356,11.97|600,2.0709,2.080606825133724
MQ,0,357,11.97|600,2.0161,2.022253933673378
MQ,0,358,11.97|600,2.0573,1.994180649120855
MQ,0,359,11.97|600,2.0191,1.9668180352006344
MQ,1,8,0.07|50,3.5105,3.439305600434509
MQ,1,9,0.07|50,3.4001,3.396701366388908
MQ,1,10,0.07|50,3.3596,3.355158284506805
MQ,1,11,0.07|50,3.2727,3.3146499244594008
MQ,1,12,0.07|50,3.0798,3.2366349236843224
MQ,1,13,0.07|50,3.1431,3.1624577952535455
MQ,1,14,0.07|50,3.0628,3.1267490647654803
MQ,1,15,0.07|50,2.9922,3.091929738757088
MQ,1,48,0.16|50,3.2175,3.2037581944498728
MQ,1,49,0.16|50,3.1458,3.1611539604042718
MQ,1,50,0.16|50,3.0796,3.1196108785221695
MQ,1,51,0.16|50,3.002,3.0791025184747642
MQ,1,52,0.16|50,2.8375,3.001087517699686
MQ,1,53,0.16|50,2.894,2.9269103892689095
MQ,1,54,0.16|50,2.6326,2.891201658780844
MQ,1,55,0.16|50,2.793,2.8563823327724513
MQ,1,88,0.41|50,2.976,2.994256718007629
MQ,1,89,0.41|50,2.9489,2.951652483962028
MQ,1,90,0.41|50,2.9676,2.910109402079925
MQ,1,91,0.41|50,2.8049,2.869601042032521
MQ,1,92,0.41|50,2.6958,2.7915860412574425
MQ,1,93,0.41|50,2.6518,2.7174089128266656
MQ,1,94,0.41|50,2.6355,2.6817001823386004
MQ,1,95,0.41|50,2.6047,2.646880856330208
MQ,1,128,0.7|50,2.8444,2.8975725143170417
MQ,1,129,0.7|50,2.8069,2.8549682802714407
MQ,1,130,0.7|50,2.7973,2.8134251983893384
MQ,1,131,0.7|50,2.7324,2.772916838341933
MQ,1,132,0.7|50,2.6134,2.6949018375668548
MQ,1,133,0.7|50,2.6409,2.6207247091360784
MQ,1,134,0.7|50,2.5496,2.5850159786480127
MQ,1,135,0.7|50,2.5581,2.5501966526396203
MQ,1,168,1.0|50,2.8264,2.8406966212373552
MQ,1,169,1.0|50,2.8076,2.7980923871917542
MQ,1,170,1.0|50,2.6823,2.756549305309652
MQ,1,171,1.0|50,2.6528,2.7160409452622467
MQ,1,172,1.0|50,2.6707,2.6380259444871683
MQ,1,173,1.0|50,2.4922,2.563848816056392
MQ,1,174,1.0|50,2.5805,2.5281400855683263
MQ,1,175,1.0|50,2.5615,2.493320759559934
MQ,1,208,2.8|50,2.5785,2.7050506091203186
MQ,1,209,2.8|50,2.4874,2.6624463750747176
MQ,1,210,2.8|50,2.5971,2.6209032931926153
MQ,1,211,2.8|50,2.5963,2.58039493314521
MQ,1,212,2.8|50,2.5446,2.5023799323701317
MQ,1,213,2.8|50,2.3227,2.4282028039393553
MQ,1,214,2.8|50,2.3871,2.3924940734512896
MQ,1,215,2.8|50,2.2984,2.357674747442897
MQ,1,248,4.0|50,2.5657,2.6664641199187598
MQ,1,249,4.0|50,2.6024,2.6238598858731588
MQ,1,250,4.0|50,2.5078,2.5823168039910565
MQ,1,251,4.0|50,2.5793,2.5418084439436512
MQ,1,252,4.0|50,2.4706,2.463793443168573
MQ,1,253,4.0|50,2.4391,2.3896163147377965
MQ,1,254,4.0|50,2.3223,2.353907584249731
MQ,1,255,4.0|50,2.4105,2.3190882582413384
MQ,1,288,6.9|50,2.5548,2.6144439781376683
MQ,1,289,6.9|50,2.4799,2.5718397440920673
MQ,1,290,6.9|50,2.4833,2.5302966622099645
MQ,1,291,6.9|50,2.4979,2.4897883021625598
MQ,1,292,6.9|50,2.4093,2.4117733013874814
MQ,1,293,6.9|50,2.2784,2.337596172956705
MQ,1,294,6.9|50,2.347,2.3018874424686393
MQ,1,295,6.9|50,2.2632,2.267068116460247
MQ,1,328,11.97|50,2.4506,2.569357122706905
MQ,1,329,11.97|50,2.4199,2.5267528886613038
MQ,1,330,11.97|50,2.4152,2.4852098067792014
MQ,1,331,11.97|50,2.3833,2.4447014467317967
MQ,1,332,11.97|50,2.3437,2.3666864459567183
MQ,1,333,11.97|50,2.2204,2.2925093175259414
MQ,1,334,11.97|50,2.296,2.2568005870378762
MQ,1,335,11.97|50,2.3439,2.221981261029484
MQ,2,24,0.07|300,3.2863,3.1934141943931906
MQ,2,25,0.07|300,3.1355,3.158363571882338
MQ,2,26,0.07|300,3.1588,3.1245225112566715
MQ,2,27,0.07|300,3.2809,3.0918492717467196
MQ,2,28,0.07|300,3.0098,3.029846445448985
MQ,2,29,0.07|300,2.8391,2.972049092683208
MQ,2,30,0.07|300,2.858,2.944637558170178
MQ,2,31,0.07|300,2.837,2.91817196826487
MQ,2,64,0.16|300,2.9719,2.9599915312043628
MQ,2,65,0.16|300,2.9407,2.92494090869351
MQ,2,66,0.16|300,2.956,2.891099848067844
MQ,2,67,0.16|300,2.8482,2.8584266085578918
MQ,2,68,0.16|300,2.8081,2.796423782260157
MQ,2,69,0.16|300,2.6978,2.73862642949438
MQ,2,70,0.16|300,2.6348,2.71121489498135
MQ,2,71,0.16|300,2.6071,2.684749305076042
MQ,2,104,0.41|300,2.8085,2.751734563126367
MQ,2,105,0.41|300,2.7682,2.7166839406155145
MQ,2,106,0.41|300,2.6832,2.682842879989848
MQ,2,107,0.41|300,2.7891,2.6501696404798962
MQ,2,108,0.41|300,2.5211,2.5881668141821614
MQ,2,109,0.41|300,2.549,2.5303694614163845
MQ,2,110,0.41|300,2.432,2.5029579269033544
MQ,2,111,0.41|300,2.3791,2.4764923369980467
MQ,2,144,0.7|300,2.6722,2.655369296207637
MQ,2,145,0.7|300,2.6214,2.6203186736967843
MQ,2,146,0.7|300,2.5759,2.586477613071118
MQ,2,147,0.7|300,2.5792,2.553804373561166
MQ,2,148,0.7|300,2.4842,2.491801547263431
MQ,2,149,0.7|300,2.4416,2.4340041944976543
MQ,2,150,0.7|300,2.4128,2.406592659984624
MQ,2,151,0.7|300,2.3149,2.3801270700793165
MQ,2,184,1.0|300,2.6943,2.598591008446009
MQ,2,185,1.0|300,2.5728,2.5635403859351564
MQ,2,186,1.0|300,2.4688,2.5296993253094904
MQ,2,187,1.0|300,2.5249,2.497026085799538
MQ,2,188,1.0|300,2.4469,2.4350232595018033
MQ,2,189,1.0|300,2.4239,2.3772259067360264
MQ,2,190,1.0|300,2.2509,2.3498143722229963
MQ,2,191,1.0|300,2.342,2.323348782317688
MQ,2,224,2.8|300,2.446,2.4628563972758437
MQ,2,225,2.8|300,2.3643,2.427805774764991
MQ,2,226,2.8|300,2.3988,2.393964714139325
MQ,2,227,2.8|300,2.3719,2.3612914746293727
MQ,2,228,2.8|300,2.3342,2.299288648331638
MQ,2,229,2.8|300,2.2389,2.2414912955658615
MQ,2,230,2.8|300,2.2601,2.2140797610528313
MQ,2,231,2.8|300,2.1271,2.187614171147523
MQ,2,264,4.0|300,2.4125,2.4241471671244788
MQ,2,265,4.0|300,2.3793,2.389096544613626
MQ,2,266,4.0|300,2.2697,2.3552554839879596
MQ,2,267,4.0|300,2.3711,2.3225822444780078
MQ,2,268,4.0|300,2.2294,2.260579418180273
MQ,2,269,4.0|300,2.1962,2.202782065414496
MQ,2,270,4.0|300,2.1753,2.175370530901466
MQ,2,271,4.0|300,2.1975,2.1489049409961583
MQ,2,304,6.9|300,2.3408,2.371879143989408
MQ,2,305,6.9|300,2.3195,2.336828521478555
MQ,2,306,6.9|300,2.3002,2.302987460852889
MQ,2,307,6.9|300,2.3167,2.270314221342937
MQ,2,308,6.9|300,2.2275,2.208311395045202
MQ,2,309,6.9|300,2.1189,2.150514042279425
MQ,2,310,6.9|300,2.1052,2.123102507766395
MQ,2,311,6.9|300,2.1363,2.096636917861087
MQ,2,344,11.97|300,2.2899,2.3264897437788044
MQ,2,345,11.97|300,2.2886,2.2914391212679517
MQ,2,346,11.97|300,2.2767,2.2575980606422856
MQ,2,347,11.97|300,2.2501,2.2249248211323334
MQ,2,348,11.97|300,2.1351,2.1629219948345986
MQ,2,349,11.97|300,2.1274,2.1051246420688217
MQ,2,350,11.97|300,2.2077,2.0777131075557915
MQ,2,351,11.97|300,2.0939,2.0512475176504834
MQ,3,16,0.07|150,3.384,3.2790060537617833
MQ,3,17,0.07|150,3.2214,3.240902306194945
MQ,3,18,0.07|150,3.3529,3.203936320253992
MQ,3,19,0.07|150,3.1687,3.168074122862781
MQ,3,20,0.07|150,3.1017,3.0995302432425405
MQ,3,21,0.07|150,3.0179,3.0350186322365986
MQ,3,22,0.07|150,2.7658,3.0042002448544194
MQ,3,23,0.07|150,2.9653,2.9743020813550367
MQ,3,56,0.16|150,3.1249,3.050628981893361
MQ,3,57,0.16|150,2.9746,3.0125252343265227
MQ,3,58,0.16|150,3.0125,2.9755592483855695
MQ,3,59,0.16|150,2.9738,2.9396970509943587
MQ,3,60,0.16|150,2.8802,2.871153171374118
MQ,3,61,0.16|150,2.725,2.8066415603681762
MQ,3,62,0.16|150,2.7204,2.775823172985997
MQ,3,63,0.16|150,2.6657,2.7459250094866143
MQ,3,96,0.41|150,2.8727,2.844837327543957
MQ,3,97,0.41|150,2.8815,2.806733579977119
MQ,3,98,0.41|150,2.7186,2.7697675940361655
MQ,3,99,0.41|150,2.6566,2.733905396644955
MQ,3,100,0.41|150,2.6516,2.6653615170247145
MQ,3,101,0.41|150,2.5539,2.600849906018772
MQ,3,102,0.41|150,2.5112,2.570031518636593
MQ,3,103,0.41|150,2.4068,2.5401333551372103
MQ,3,136,0.7|150,2.7893,2.748800097717396
MQ,3,137,0.7|150,2.6375,2.7106963501505588
MQ,3,138,0.7|150,2.6856,2.6737303642096046
MQ,3,139,0.7|150,2.5991,2.6378681668183943
MQ,3,140,0.7|150,2.5608,2.569324287198154
MQ,3,141,0.7|150,2.5043,2.504812676192212
MQ,3,142,0.7|150,2.4035,2.473994288810032
MQ,3,143,0.7|150,2.3542,2.44409612531065
MQ,3,176,1.0|150,2.6482,2.6919267752512828
MQ,3,177,1.0|150,2.6343,2.653823027684445
MQ,3,178,1.0|150,2.6133,2.6168570417434913
MQ,3,179,1.0|150,2.5016,2.580994844352281
MQ,3,180,1.0|150,2.5859,2.5124509647320403
MQ,3,181,1.0|150,2.3211,2.447939353726098
MQ,3,182,1.0|150,2.3833,2.417120966343919
MQ,3,183,1.0|150,2.334,2.387222802844536
MQ,3,216,2.8|150,2.4446,2.5549275186130256
MQ,3,217,2.8|150,2.4506,2.516823771046188
MQ,3,218,2.8|150,2.3889,2.479857785105234
MQ,3,219,2.8|150,2.5101,2.4439955877140234
MQ,3,220,2.8|150,2.2938,2.375451708093783
MQ,3,221,2.8|150,2.2577,2.3109400970878413
MQ,3,222,2.8|150,2.2652,2.2801217097056616
MQ,3,223,2.8|150,2.2464,2.2502235462062794
MQ,3,256,4.0|150,2.494,2.5155407953467606
MQ,3,257,4.0|150,2.4505,2.4774370477799232
MQ,3,258,4.0|150,2.4411,2.440471061838969
MQ,3,259,4.0|150,2.3929,2.404608864447759
MQ,3,260,4.0|150,2.3873,2.3360649848275186
MQ,3,261,4.0|150,2.2679,2.2715533738215763
MQ,3,262,4.0|150,2.2339,2.2407349864393966
MQ,3,263,4.0|150,2.2102,2.2108368229400144
MQ,3,296,6.9|150,2.3272,2.462088362023288
MQ,3,297,6.9|150,2.3658,2.42398461445645
MQ,3,298,6.9|150,2.3708,2.3870186285154964
MQ,3,299,6.9|150,2.3438,2.351156431124286
MQ,3,300,6.9|150,2.2064,2.2826125515040454
MQ,3,301,6.9|150,2.2296,2.218100940498103
MQ,3,302,6.9|150,2.2482,2.187282553115924
MQ,3,303,6.9|150,2.1506,2.157384389616541
MQ,3,336,11.97|150,2.4214,2.415381894499572
MQ,3,337,11.97|150,2.3485,2.377278146932735
MQ,3,338,11.97|150,2.3316,2.3403121609917807
MQ,3,339,11.97|150,2.2453,2.3044499636005704
MQ,3,340,11.97|150,2.2154,2.23590608398033
MQ,3,341,11.97|150,2.2885,2.171394472974388
MQ,3,342,11.97|150,2.1844,2.1405760855922082
MQ,3,343,11.97|150,2.2045,2.110677922092826
MQ,4,0,0.07|10,3.7216,3.555189456012577
MQ,4,1,0.07|10,3.6004,3.5124076664780572
MQ,4,2,0.07|10,3.6507,3.4703741746072736
MQ,4,3,0.07|10,3.5704,3.4290758919015984
MQ,4,4,0.07|10,3.5458,3.348633740643586
MQ,4,5,0.07|10,3.353,3.2709810117546834
MQ,4,6,0.07|10,3.2211,3.2331703213061513
MQ,4,7,0.07|10,3.1125,3.196020978866543
MQ,4,40,0.16|10,3.4765,3.3191907428036864
MQ,4,41,0.16|10,3.4324,3.2764089532691667
MQ,4,42,0.16|10,3.46,3.234375461398383
MQ,4,43,0.16|10,3.2484,3.193077178692708
MQ,4,44,0.16|10,3.269,3.1126350274346954
MQ,4,45,0.16|10,3.2072,3.034982298545793
MQ,4,46,0.16|10,3.0024,2.997171608097261
MQ,4,47,0.16|10,3.0121,2.9600222656576523
MQ,4,80,0.41|10,3.228,3.11103449172572
MQ,4,81,0.41|10,3.2291,3.0682527021912005
MQ,4,82,0.41|10,3.2054,3.026219210320417
MQ,4,83,0.41|10,3.0181,2.9849209276147417
MQ,4,84,0.41|10,3.0836,2.9044787763567292
MQ,4,85,0.41|10,2.9795,2.8268260474678266
MQ,4,86,0.41|10,2.8227,2.7890153570192946
MQ,4,87,0.41|10,2.9558,2.751866014579686
MQ,4,120,0.7|10,3.1919,3.015655473825828
MQ,4,121,0.7|10,3.1552,2.9728736842913084
MQ,4,122,0.7|10,3.0155,2.9308401924205247
MQ,4,123,0.7|10,3.0148,2.8895419097148496
MQ,4,124,0.7|10,2.9615,2.809099758456837
MQ,4,125,0.7|10,2.8692,2.7314470295679345
MQ,4,126,0.7|10,2.7928,2.6936363391194025
MQ,4,127,0.7|10,2.8304,2.656486996679794
MQ,4,160,1.0|10,3.0483,2.9597866375284214
MQ,4,161,1.0|10,2.968,2.9170048479939017
MQ,4,162,1.0|10,2.8948,2.874971356123118
MQ,4,163,1.0|10,2.8223,2.833673073417443
MQ,4,164,1.0|10,2.8442,2.7532309221594304
MQ,4,165,1.0|10,2.7546,2.675578193270528
MQ,4,166,1.0|10,2.7505,2.637767502821996
MQ,4,167,1.0|10,2.6827,2.6006181603823872
MQ,4,200,2.8|10,2.9592,2.8273896407168024
MQ,4,201,2.8|10,2.8431,2.7846078511822827
MQ,4,202,2.8|10,2.8867,2.742574359311499
MQ,4,203,2.8|10,2.771,2.701276076605824
MQ,4,204,2.8|10,2.7064,2.6208339253478115
MQ,4,205,2.8|10,2.651,2.543181196458909
MQ,4,206,2.8|10,2.6397,2.505370506010377
MQ,4,207,2.8|10,2.484,2.4682211635707683
MQ,4,240,4.0|10,2.855,2.7899825715162443
MQ,4,241,4.0|10,2.872,2.7472007819817246
MQ,4,242,4.0|10,2.8016,2.705167290110941
MQ,4,243,4.0|10,2.6993,2.6638690074052658
MQ,4,244,4.0|10,2.631,2.5834268561472533
MQ,4,245,4.0|10,2.6463,2.5057741272583507
MQ,4,246,4.0|10,2.6487,2.4679634368098187
MQ,4,247,4.0|10,2.4852,2.43081409437021
MQ,4,280,6.9|10,2.7585,2.739766244000179
MQ,4,281,6.9|10,2.6605,2.6969844544656594
MQ,4,282,6.9|10,2.72,2.6549509625948757
MQ,4,283,6.9|10,2.6823,2.6136526798892006
MQ,4,284,6.9|10,2.5269,2.533210528631188
MQ,4,285,6.9|10,2.5341,2.4555577997422855
MQ,4,286,6.9|10,2.5395,2.4177471092937535
MQ,4,287,6.9|10,2.4679,2.380597766854145
MQ,4,320,11.97|10,2.77,2.696468879716898
MQ,4,321,11.97|10,2.6684,2.653687090182378
MQ,4,322,11.97|10,2.6888,2.6116535983115945
MQ,4,323,11.97|10,2.7027,2.5703553156059193
MQ,4,324,11.97|10,2.6784,2.489913164347907
MQ,4,325,11.97|10,2.6185,2.4122604354590043
MQ,4,326,11.97|10,2.4891,2.3744497450104722
MQ,4,327,11.97|10,2.4184,2.3373004025708637
MQ2,0,32,0.07|600,3.1971,3.0990147977721705
MQ2,0,33,0.07|600,3.1469,3.0685256855776544
MQ2,0,34,0.07|600,3.1946,3.038061947548589
MQ2,0,35,0.07|600,3.1242,3.0076584725240534
MQ2,0,36,0.07|600,2.9753,2.9471669267083325
MQ2,0,37,0.07|600,2.8695,2.887309668422147
MQ2,0,38,0.07|600,2.8303,2.857694831337172
MQ2,0,39,0.07|600,2.747,2.828327323104327
MQ2,0,72,0.16|600,2.98,2.8636514416161845
MQ2,0,73,0.16|600,2.9212,2.8331623294216683
MQ2,0,74,0.16|600,2.8818,2.802698591392603
MQ2,0,75,0.16|600,2.8627,2.7722951163680674
MQ2,0,76,0.16|600,2.7288,2.7118035705523464
MQ2,0,77,0.16|600,2.658,2.651946312266161
MQ2,0,78,0.16|600,2.5923,2.622331475181186
MQ2,0,79,0.16|600,2.5781,2.592963966948341
MQ2,0,112,0.41|600,2.6695,2.6552335356910772
MQ2,0,113,0.41|600,2.7354,2.624744423496561
MQ2,0,114,0.41|600,2.6187,2.5942806854674956
MQ2,0,115,0.41|600,2.5858,2.56387721044296
MQ2,0,116,0.41|600,2.5121,2.503385664627239
MQ2,0,117,0.41|600,2.4741,2.443528406341054
MQ2,0,118,0.41|600,2.471,2.4139135692560787
MQ2,0,119,0.41|600,2.3932,2.384546061023234
MQ2,0,152,0.7|600,2.5974,2.559411078080208
MQ2,0,153,0.7|600,2.5998,2.528921965885692
MQ2,0,154,0.7|600,2.5611,2.4984582278566263
MQ2,0,155,0.7|600,2.5225,2.4680547528320913
MQ2,0,156,0.7|600,2.51,2.40756320701637
MQ2,0,157,0.7|600,2.4421,2.347705948730185
MQ2,0,158,0.7|600,2.2624,2.3180911116452094
MQ2,0,159,0.7|600,2.3039,2.288723603412365
MQ2,0,192,1.0|600,2.6008,2.503168920030694
MQ2,0,193,1.0|600,2.4894,2.472679807836178
MQ2,0,194,1.0|600,2.4439,2.4422160698071123
MQ2,0,195,1.0|600,2.4229,2.411812594782577
MQ2,0,196,1.0|600,2.4336,2.351321048966856
MQ2,0,197,1.0|600,2.3549,2.2914637906806705
MQ2,0,198,1.0|600,2.2636,2.2618489535956954
MQ2,0,199,1.0|600,2.2915,2.2324814453628505
MQ2,0,232,2.8|600,2.4515,2.369484616622528
MQ2,0,233,2.8|600,2.4042,2.338995504428012
MQ2,0,234,2.8|600,2.3538,2.3085317663989464
MQ2,0,235,2.8|600,2.3322,2.278128291374411
MQ2,0,236,2.8|600,2.2986,2.21763674555869
MQ2,0,237,2.8|600,2.2378,2.1577794872725047
MQ2,0,238,2.8|600,2.1287,2.1281646501875295
MQ2,0,239,2.8|600,2.1935,2.0987971419546847
MQ2,0,272,4.0|600,2.2637,2.3315921457515962
MQ2,0,273,4.0|600,2.2681,2.30110303355708
MQ2,0,274,4.0|600,2.403,2.2706392955280146
MQ2,0,275,4.0|600,2.3312,2.240235820503479
MQ2,0,276,4.0|600,2.2966,2.179744274687758
MQ2,0,277,4.0|600,2.16,2.119887016401573
MQ2,0,278,4.0|600,2.1978,2.0902721793165977
MQ2,0,279,4.0|600,2.1107,2.060904671083753
MQ2,0,312,6.9|600,2.2081,2.280621893675325
MQ2,0,313,6.9|600,2.2684,2.2501327814808088
MQ2,0,314,6.9|600,2.2487,2.219669043451743
MQ2,0,315,6.9|600,2.2425,2.1892655684272078
MQ2,0,316,6.9|600,2.1582,2.128774022611487
MQ2,0,317,6.9|600,2.1315,2.0689167643253015
MQ2,0,318,6.9|600,2.0744,2.0393019272403263
MQ2,0,319,6.9|600,2.0492,2.0099344190074815
MQ2,0,352,11.97|600,2.288,2.23656608879987
MQ2,0,353,11.97|600,2.2118,2.206076976605354
MQ2,0,354,11.97|600,2.1456,2.1756132385762883
MQ2,0,355,11.97|600,2.141,2.145209763551753
MQ2,0,356,11.97|600,2.0709,2.084718217736032
MQ2,0,357,11.97|600,2.0161,2.024860959449847
MQ2,0,358,11.97|600,2.0573,1.9952461223648714
MQ2,0,359,11.97|600,2.0191,1.9658786141320268
MQ2,1,8,0.07|50,3.5105,3.4282071800625715
MQ2,1,9,0.07|50,3.4001,3.394211641490968
MQ2,1,10,0.07|50,3.3596,3.358754016415961
MQ2,1,11,0.07|50,3.2727,3.321966796281701
MQ2,1,12,0.07|50,3.0798,3.244945281157261
MQ2,1,13,0.07|50,3.1431,3.164242632774611
MQ2,1,14,0.07|50,3.0628,3.122854365037199
MQ2,1,15,0.07|50,2.9922,3.080956040465784
MQ2,1,48,0.16|50,3.2175,3.1926597754122423
MQ2,1,49,0.16|50,3.1458,3.1586642368406386
MQ2,1,50,0.16|50,3.0796,3.1232066117656316
MQ2,1,51,0.16|50,3.002,3.086419391631372
MQ2,1,52,0.16|50,2.8375,3.009397876506932
MQ2,1,53,0.16|50,2.894,2.9286952281242815
MQ2,1,54,0.16|50,2.6326,2.8873069603868693
MQ2,1,55,0.16|50,2.793,2.8454086358154544
MQ2,1,88,0.41|50,2.976,2.9831582994388866
MQ2,1,89,0.41|50,2.9489,2.9491627608672832
MQ2,1,90,0.41|50,2.9676,2.913705135792276
MQ2,1,91,0.41|50,2.8049,2.8769179156580162
MQ2,1,92,0.41|50,2.6958,2.799896400533576
MQ2,1,93,0.41|50,2.6518,2.719193752150926
MQ2,1,94,0.41|50,2.6355,2.677805484413514
MQ2,1,95,0.41|50,2.6047,2.635907159842099
MQ2,1,128,0.7|50,2.8444,2.8864740956813355
MQ2,1,129,0.7|50,2.8069,2.8524785571097317
MQ2,1,130,0.7|50,2.7973,2.8170209320347244
MQ2,1,131,0.7|50,2.7324,2.7802337119004648
MQ2,1,132,0.7|50,2.6134,2.7032121967760245
MQ2,1,133,0.7|50,2.6409,2.6225095483933742
MQ2,1,134,0.7|50,2.5496,2.5811212806559625
MQ2,1,135,0.7|50,2.5581,2.539222956084547
MQ2,1,168,1.0|50,2.8264,2.8295982024626074
MQ2,1,169,1.0|50,2.8076,2.795602663891004
MQ2,1,170,1.0|50,2.6823,2.7601450388159967
MQ2,1,171,1.0|50,2.6528,2.723357818681737
MQ2,1,172,1.0|50,2.6707,2.646336303557297
MQ2,1,173,1.0|50,2.4922,2.565633655174647
MQ2,1,174,1.0|50,2.5805,2.524245387437235
MQ2,1,175,1.0|50,2.5615,2.48234706286582
MQ2,1,208,2.8|50,2.5785,2.693952189658976
MQ2,1,209,2.8|50,2.4874,2.6599566510873727
MQ2,1,210,2.8|50,2.5971,2.6244990260123653
MQ2,1,211,2.8|50,2.5963,2.5877118058781057
MQ2,1,212,2.8|50,2.5446,2.5106902907536655
MQ2,1,213,2.8|50,2.3227,2.4299876423710156
MQ2,1,214,2.8|50,2.3871,2.3885993746336034
MQ2,1,215,2.8|50,2.2984,2.3467010500621885
MQ2,1,248,4.0|50,2.5657,2.65536570015459
MQ2,1,249,4.0|50,2.6024,2.6213701615829863
MQ2,1,250,4.0|50,2.5078,2.585912536507979
MQ2,1,251,4.0|50,2.5793,2.5491253163737193
MQ2,1,252,4.0|50,2.4706,2.472103801249279
MQ2,1,253,4.0|50,2.4391,2.391401152866629
MQ2,1,254,4.0|50,2.3223,2.350012885129217
MQ2,1,255,4.0|50,2.4105,2.3081145605578017
MQ2,1,288,6.9|50,2.5548,2.603345557874612
MQ2,1,289,6.9|50,2.4799,2.5693500193030085
MQ2,1,290,6.9|50,2.4833,2.533892394228001
MQ2,1,291,6.9|50,2.4979,2.4971051740937416
MQ2,1,292,6.9|50,2.4093,2.4200836589693013
MQ2,1,293,6.9|50,2.2784,2.339381010586651
MQ2,1,294,6.9|50,2.347,2.2979927428492393
MQ2,1,295,6.9|50,2.2632,2.256094418277824
MQ2,1,328,11.97|50,2.4506,2.5582587019151672
MQ2,1,329,11.97|50,2.4199,2.524263163343564
MQ2,1,330,11.97|50,2.4152,2.488805538268556
MQ2,1,331,11.97|50,2.3833,2.4520183181342965
MQ2,1,332,11.97|50,2.3437,2.3749968030098563
MQ2,1,333,11.97|50,2.2204,2.2942941546272064
MQ2,1,334,11.97|50,2.296,2.2529058868897947
MQ2,1,335,11.97|50,2.3439,2.2110075623183794
MQ2,2,24,0.07|300,3.2863,3.1863768610017535
MQ2,2,25,0.07|300,3.1355,3.1566747255988137
MQ2,2,26,0.07|300,3.1588,3.1266198029081496
MQ2,2,27,0.07|300,3.2809,3.096305092015559
MQ2,2,28,0.07|300,3.0098,3.035258018786787
MQ2,2,29,0.07|300,2.8391,2.9742305772766833
MQ2,2,30,0.07|300,2.858,2.943928578551672
MQ2,2,31,0.07|300,2.837,2.913869504451933
MQ2,2,64,0.16|300,2.9719,2.9529541999365456
MQ2,2,65,0.16|300,2.9407,2.9232520645336058
MQ2,2,66,0.16|300,2.956,2.8931971418429416
MQ2,2,67,0.16|300,2.8482,2.862882430950351
MQ2,2,68,0.16|300,2.8081,2.801835357721579
MQ2,2,69,0.16|300,2.6978,2.7408079162114753
MQ2,2,70,0.16|300,2.6348,2.710505917486464
MQ2,2,71,0.16|300,2.6071,2.6804468433867252
MQ2,2,104,0.41|300,2.8085,2.7446972326222507
MQ2,2,105,0.41|300,2.7682,2.714995097219311
MQ2,2,106,0.41|300,2.6832,2.6849401745286468
MQ2,2,107,0.41|300,2.7891,2.654625463636056
MQ2,2,108,0.41|300,2.5211,2.593578390407284
MQ2,2,109,0.41|300,2.549,2.5325509488971805
MQ2,2,110,0.41|300,2.432,2.502248950172169
MQ2,2,111,0.41|300,2.3791,2.4721898760724303
MQ2,2,144,0.7|300,2.6722,2.6483319656094424
MQ2,2,145,0.7|300,2.6214,2.618629830206502
MQ2,2,146,0.7|300,2.5759,2.5885749075158384
MQ2,2,147,0.7|300,2.5792,2.558260196623247
MQ2,2,148,0.7|300,2.4842,2.4972131233944763
MQ2,2,149,0.7|300,2.4416,2.436185681884372
MQ2,2,150,0.7|300,2.4128,2.405883683159361
MQ2,2,151,0.7|300,2.3149,2.375824609059622
MQ2,2,184,1.0|300,2.6943,2.591553677634754
MQ2,2,185,1.0|300,2.5728,2.561851542231814
MQ2,2,186,1.0|300,2.4688,2.5317966195411503
MQ2,2,187,1.0|300,2.5249,2.501481908648559
MQ2,2,188,1.0|300,2.4469,2.440434835419788
MQ2,2,189,1.0|300,2.4239,2.379407393909684
MQ2,2,190,1.0|300,2.2509,2.3491053951846723
MQ2,2,191,1.0|300,2.342,2.3190463210849335
MQ2,2,224,2.8|300,2.446,2.455819065392082
MQ2,2,225,2.8|300,2.3643,2.426116929989142
MQ2,2,226,2.8|300,2.3988,2.3960620072984784
MQ2,2,227,2.8|300,2.3719,2.365747296405887
MQ2,2,228,2.8|300,2.3342,2.304700223177116
MQ2,2,229,2.8|300,2.2389,2.243672781667012
MQ2,2,230,2.8|300,2.2601,2.2133707829420004
MQ2,2,231,2.8|300,2.1271,2.1833117088422616
MQ2,2,264,4.0|300,2.4125,2.4171098347639943
MQ2,2,265,4.0|300,2.3793,2.387407699361054
MQ2,2,266,4.0|300,2.2697,2.3573527766703903
MQ2,2,267,4.0|300,2.3711,2.327038065777799
MQ2,2,268,4.0|300,2.2294,2.2659909925490282
MQ2,2,269,4.0|300,2.1962,2.204963551038924
MQ2,2,270,4.0|300,2.1753,2.174661552313913
MQ2,2,271,4.0|300,2.1975,2.144602478214174
MQ2,2,304,6.9|300,2.3408,2.3648418108408897
MQ2,2,305,6.9|300,2.3195,2.33513967543795
MQ2,2,306,6.9|300,2.3002,2.305084752747286
MQ2,2,307,6.9|300,2.3167,2.274770041854695
MQ2,2,308,6.9|300,2.2275,2.2137229686259237
MQ2,2,309,6.9|300,2.1189,2.15269552711582
MQ2,2,310,6.9|300,2.1052,2.122393528390808
MQ2,2,311,6.9|300,2.1363,2.0923344542910693
MQ2,2,344,11.97|300,2.2899,2.3194524097923455
MQ2,2,345,11.97|300,2.2886,2.289750274389405
MQ2,2,346,11.97|300,2.2767,2.2596953516987415
MQ2,2,347,11.97|300,2.2501,2.2293806408061503
MQ2,2,348,11.97|300,2.1351,2.1683335675773794
MQ2,2,349,11.97|300,2.1274,2.107306126067275
MQ2,2,350,11.97|300,2.2077,2.077004127342264
MQ2,2,351,11.97|300,2.0939,2.046945053242525
MQ2,3,16,0.07|150,3.384,3.271367664040561
MQ2,3,17,0.07|150,3.2214,3.238916908943254
MQ2,3,18,0.07|150,3.3529,3.2059578107020235
MQ2,3,19,0.07|150,3.1687,3.172581596418385
MQ2,3,20,0.07|150,3.1017,3.1049367373754055
MQ2,3,21,0.07|150,3.0179,3.0366828849306415
MQ2,3,22,0.07|150,2.7658,3.0025371118782544
MQ2,3,23,0.07|150,2.9653,2.9684851955408225
MQ2,3,56,0.16|150,3.1249,3.0429905882452397
MQ2,3,57,0.16|150,2.9746,3.010539833147933
MQ2,3,58,0.16|150,3.0125,2.9775807349067023
MQ2,3,59,0.16|150,2.9738,2.944204520623064
MQ2,3,60,0.16|150,2.8802,2.8765596615800844
MQ2,3,61,0.16|150,2.725,2.8083058091353204
MQ2,3,62,0.16|150,2.7204,2.7741600360829333
MQ2,3,63,0.16|150,2.6657,2.7401081197455013
MQ2,3,96,0.41|150,2.8727,2.8371989323774915
MQ2,3,97,0.41|150,2.8815,2.8047481772801843
MQ2,3,98,0.41|150,2.7186,2.771789079038954
MQ2,3,99,0.41|150,2.6566,2.7384128647553156
MQ2,3,100,0.41|150,2.6516,2.6707680057123357
MQ2,3,101,0.41|150,2.5539,2.6025141532675717
MQ2,3,102,0.41|150,2.5112,2.5683683802151847
MQ2,3,103,0.41|150,2.4068,2.5343164638777527
MQ2,3,136,0.7|150,2.7893,2.7411617026476858
MQ2,3,137,0.7|150,2.6375,2.708710947550379
MQ2,3,138,0.7|150,2.6856,2.6757518493091483
MQ2,3,139,0.7|150,2.5991,2.64237563502551
MQ2,3,140,0.7|150,2.5608,2.5747307759825304
MQ2,3,141,0.7|150,2.5043,2.5064769235377664
MQ2,3,142,0.7|150,2.4035,2.4723311504853793
MQ2,3,143,0.7|150,2.3542,2.4382792341479473
MQ2,3,176,1.0|150,2.6482,2.6842883805241327
MQ2,3,177,1.0|150,2.6343,2.6518376254268254
MQ2,3,178,1.0|150,2.6133,2.618878527185595
MQ2,3,179,1.0|150,2.5016,2.5855023129019568
MQ2,3,180,1.0|150,2.5859,2.517857453858977
MQ2,3,181,1.0|150,2.3211,2.449603601414213
MQ2,3,182,1.0|150,2.3833,2.4154578283618258
MQ2,3,183,1.0|150,2.334,2.381405912024394
MQ2,3,216,2.8|150,2.4446,2.547289125739659
MQ2,3,217,2.8|150,2.4506,2.514838370642352
MQ2,3,218,2.8|150,2.3889,2.4818792724011214
MQ2,3,219,2.8|150,2.5101,2.448503058117483
MQ2,3,220,2.8|150,2.2938,2.3808581990745035
MQ2,3,221,2.8|150,2.2577,2.3126043466297395
MQ2,3,222,2.8|150,2.2652,2.2784585735773524
MQ2,3,223,2.8|150,2.2464,2.2444066572399204
MQ2,3,256,4.0|150,2.494,2.5079024033201622
MQ2,3,257,4.0|150,2.4505,2.4754516482228555
MQ2,3,258,4.0|150,2.4411,2.442492549981625
MQ2,3,259,4.0|150,2.3929,2.4091163356979863
MQ2,3,260,4.0|150,2.3873,2.3414714766550064
MQ2,3,261,4.0|150,2.2679,2.2732176242102424
MQ2,3,262,4.0|150,2.2339,2.2390718511578553
MQ2,3,263,4.0|150,2.2102,2.2050199348204234
MQ2,3,296,6.9|150,2.3272,2.454449971412698
MQ2,3,297,6.9|150,2.3658,2.4219992163153914
MQ2,3,298,6.9|150,2.3708,2.3890401180741607
MQ2,3,299,6.9|150,2.3438,2.3556639037905223
MQ2,3,300,6.9|150,2.2064,2.288019044747543
MQ2,3,301,6.9|150,2.2296,2.219765192302779
MQ2,3,302,6.9|150,2.2482,2.1856194192503917
MQ2,3,303,6.9|150,2.1506,2.1515675029129597
MQ2,3,336,11.97|150,2.4214,2.407743505411968
MQ2,3,337,11.97|150,2.3485,2.375292750314661
MQ2,3,338,11.97|150,2.3316,2.3423336520734304
MQ2,3,339,11.97|150,2.2453,2.308957437789792
MQ2,3,340,11.97|150,2.2154,2.241312578746812
MQ2,3,341,11.97|150,2.2885,2.173058726302048
MQ2,3,342,11.97|150,2.1844,2.138912953249661
MQ2,3,343,11.97|150,2.2045,2.104861036912229
MQ2,4,0,0.07|10,3.7216,3.5550776237803614
MQ2,4,1,0.07|10,3.6004,3.5149783104227423
MQ2,4,2,0.07|10,3.6507,3.474721631171836
MQ2,4,3,0.07|10,3.5704,3.434342380979547
MQ2,4,4,0.07|10,3.5458,3.3533528347990598
MQ2,4,5,0.07|10,3.353,3.2722773605337983
MQ2,4,6,0.07|10,3.2211,3.2317883645114684
MQ2,4,7,0.07|10,3.1125,3.191373688702094
MQ2,4,40,0.16|10,3.4765,3.319101956696641
MQ2,4,41,0.16|10,3.4324,3.279002643339022
MQ2,4,42,0.16|10,3.46,3.2387459640881153
MQ2,4,43,0.16|10,3.2484,3.1983667138958265
MQ2,4,44,0.16|10,3.269,3.1173771677153392
MQ2,4,45,0.16|10,3.2072,3.0363016934500777
MQ2,4,46,0.16|10,3.0024,2.995812697427748
MQ2,4,47,0.16|10,3.0121,2.9553980216183735
MQ2,4,80,0.41|10,3.228,3.1109536845583037
MQ2,4,81,0.41|10,3.2291,3.0708543712006846
MQ2,4,82,0.41|10,3.2054,3.030597691949778
MQ2,4,83,0.41|10,3.0181,2.9902184417574893
MQ2,4,84,0.41|10,3.0836,2.909228895577002
MQ2,4,85,0.41|10,2.9795,2.8281534213117405
MQ2,4,86,0.41|10,2.8227,2.7876644252894107
MQ2,4,87,0.41|10,2.9558,2.7472497494800363
MQ2,4,120,0.7|10,3.1919,3.015573479211067
MQ2,4,121,0.7|10,3.1552,2.9754741658534485
MQ2,4,122,0.7|10,3.0155,2.935217486602542
MQ2,4,123,0.7|10,3.0148,2.894838236410253
MQ2,4,124,0.7|10,2.9615,2.813848690229766
MQ2,4,125,0.7|10,2.8692,2.7327732159645044
MQ2,4,126,0.7|10,2.7928,2.6922842199421746
MQ2,4,127,0.7|10,2.8304,2.6518695441327997
MQ2,4,160,1.0|10,3.0483,2.959702251820118
MQ2,4,161,1.0|10,2.968,2.919602938462499
MQ2,4,162,1.0|10,2.8948,2.8793462592115926
MQ2,4,163,1.0|10,2.8223,2.8389670090193038
MQ2,4,164,1.0|10,2.8442,2.7579774628388165
MQ2,4,165,1.0|10,2.7546,2.6769019885735554
MQ2,4,166,1.0|10,2.7505,2.636412992551225
MQ2,4,167,1.0|10,2.6827,2.5959983167418508
MQ2,4,200,2.8|10,2.9592,2.827293594849883
MQ2,4,201,2.8|10,2.8431,2.787194281492264
MQ2,4,202,2.8|10,2.8867,2.7469376022413576
MQ2,4,203,2.8|10,2.771,2.706558352049069
MQ2,4,204,2.8|10,2.7064,2.6255688058685815
MQ2,4,205,2.8|10,2.651,2.54449333160332
MQ2,4,206,2.8|10,2.6397,2.5040043355809902
MQ2,4,207,2.8|10,2.484,2.463589659771616
MQ2,4,240,4.0|10,2.855,2.78988142426858
MQ2,4,241,4.0|10,2.872,2.749782110910961
MQ2,4,242,4.0|10,2.8016,2.7095254316600546
MQ2,4,243,4.0|10,2.6993,2.6691461814677657
MQ2,4,244,4.0|10,2.631,2.5881566352872785
MQ2,4,245,4.0|10,2.6463,2.5070811610220174
MQ2,4,246,4.0|10,2.6487,2.466592164999687
MQ2,4,247,4.0|10,2.4852,2.4261774891903127
MQ2,4,280,6.9|10,2.7585,2.7396567337383813
MQ2,4,281,6.9|10,2.6605,2.6995574203807617
MQ2,4,282,6.9|10,2.72,2.6593007411298553
MQ2,4,283,6.9|10,2.6823,2.6189214909375664
MQ2,4,284,6.9|10,2.5269,2.537931944757079
MQ2,4,285,6.9|10,2.5341,2.456856470491818
MQ2,4,286,6.9|10,2.5395,2.416367474469488
MQ2,4,287,6.9|10,2.4679,2.375952798660114
MQ2,4,320,11.97|10,2.77,2.696350557251074
MQ2,4,321,11.97|10,2.6684,2.656251243893455
MQ2,4,322,11.97|10,2.6888,2.6159945646425484
MQ2,4,323,11.97|10,2.7027,2.5756153144502596
MQ2,4,324,11.97|10,2.6784,2.4946257682697723
MQ2,4,325,11.97|10,2.6185,2.4135502940045113
MQ2,4,326,11.97|10,2.4891,2.373061297982181
MQ2,4,327,11.97|10,2.4184,2.3326466221728066
