fold,test_groups,model,n,RMSE,MAE,R2,Pearson,Spearman,mean_bias
0,0.07|600|0.16|600|0.41|600|0.7|600|1.0|600|11.97|600|2.8|600|4.0|600|6.9|600,M0,72,0.11535418512558163,0.0988615521707597,0.850165516066801,0.9221074981078324,0.9090079027892861,-0.00047501844723455794
1,0.07|50|0.16|50|0.41|50|0.7|50|1.0|50|11.97|50|2.8|50|4.0|50|6.9|50,M0,72,0.12936413454440954,0.1093122585567719,0.8076013297564684,0.8991654409524441,0.8906310345950837,0.000307488617087527
2,0.07|300|0.16|300|0.41|300|0.7|300|1.0|300|11.97|300|2.8|300|4.0|300|6.9|300,M0,72,0.12327750851955069,0.1058794481023087,0.8262605710820508,0.9091029137859373,0.8895957180771004,0.0005865125638361094
3,0.07|150|0.16|150|0.41|150|0.7|150|1.0|150|11.97|150|2.8|150|4.0|150|6.9|150,M0,72,0.1312122564430308,0.10919517433532826,0.8118654366892242,0.9010387403247899,0.8727718246598727,-0.000560553928955148
4,0.07|10|0.16|10|0.41|10|0.7|10|1.0|10|11.97|10|2.8|10|4.0|10|6.9|10,M0,72,0.1446030037124244,0.12106259237887447,0.7887983150591222,0.8886288628688991,0.8730306537893686,-0.000826175269812262
0,0.07|600|0.16|600|0.41|600|0.7|600|1.0|600|11.97|600|2.8|600|4.0|600|6.9|600,MQ,72,0.06574904337168491,0.05431925283991826,0.9513229846074392,0.9855865024363103,0.9777477651295904,-0.04182263980296222
1,0.07|50|0.16|50|0.41|50|0.7|50|1.0|50|11.97|50|2.8|50|4.0|50|6.9|50,MQ,72,0.0732313453301855,0.0570191148626393,0.9383449979478439,0.9766785497058255,0.9688082834909,0.03483223443897713
2,0.07|300|0.16|300|0.41|300|0.7|300|1.0|300|11.97|300|2.8|300|4.0|300|6.9|300,MQ,72,0.05609416355242812,0.04132520331878994,0.9640278790163651,0.9818526476683647,0.9825712264454307,-0.00011175149063155952
3,0.07|150|0.16|150|0.41|150|0.7|150|1.0|150|11.97|150|2.8|150|4.0|150|6.9|150,MQ,72,0.06612450356143626,0.049472646736244255,0.9522201666554848,0.9779415954652656,0.9757540677857099,0.019174953127970726
4,0.07|10|0.16|10|0.41|10|0.7|10|1.0|10|11.97|10|2.8|10|4.0|10|6.9|10,MQ,72,0.11923364852382577,0.10446343429686708,0.8564046366077358,0.9792841056891557,0.9786803009839863,-0.10030345216667305
0,0.07|600|0.16|600|0.41|600|0.7|600|1.0|600|11.97|600|2.8|600|4.0|600|6.9|600,MQ2,72,0.06494831681643007,0.05360482883613395,0.95250139377532,0.9857697821020462,0.9780371728085409,-0.040901005810125485
1,0.07|50|0.16|50|0.41|50|0.7|50|1.0|50|11.97|50|2.8|50|4.0|50|6.9|50,MQ2,72,0.0737343204607975,0.057024737158789765,0.9374951588844229,0.9759358680701657,0.9683259373593159,0.03390114222162857
2,0.07|300|0.16|300|0.41|300|0.7|300|1.0|300|11.97|300|2.8|300|4.0|300|6.9|300,MQ2,72,0.05588669763548701,0.04101938856024399,0.9642934748484425,0.981990107444199,0.9832786674384206,-6.068175071714347e-05
3,0.07|150|0.16|150|0.41|150|0.7|150|1.0|150|11.97|150|2.8|150|4.0|150|6.9|150,MQ2,72,0.06589237113217118,0.04954690910603296,0.9525550434432264,0.978024105771968,0.9768152292751947,0.01873693843472935
4,0.07|10|0.16|10|0.41|10|0.7|10|1.0|10|11.97|10|2.8|10|4.0|10|6.9|10,MQ2,72,0.11780984323301953,0.10312341060311102,0.8598135925498364,0.9793906122159085,0.9784873625313527,-0.0987812320650358
