replicate,delta_RMSE,delta_MAE
0,-0.01175141818174845,-0.01434057669068288
1,-0.011870275249129848,-0.01133185737206089
2,-0.015338933068382861,-0.017175691799166407
3,-0.013324044290798448,-0.014091249243794027
4,-0.0006655905741979676,-0.004498623058444007
5,-0.007123796140258806,-0.009207549424556344
6,-0.010949899525444694,-0.010976892550211191
7,-0.008181616528043854,-0.013260684977725624
8,-0.009696567969124686,-0.010728889414004732
9,-0.006212944440193782,-0.010137340759552069
10,-0.010209485063816637,-0.013362670474456516
11,-0.00642461948306202,-0.008762473112222204
12,-0.0063961003477015915,-0.00841249794091408
13,-0.008905233169418873,-0.01125695573673436
14,-0.013036248987730245,-0.013381455201167486
15,-0.014361178972216754,-0.013624554527984736
16,-0.009848978779035178,-0.009748156550779243
17,-0.015092061025418275,-0.01971321118809624
18,-0.0058234607456724916,-0.008150942092301453
19,-0.01623873504855851,-0.016766858701205742
20,-0.015187335025594315,-0.019025699879719873
21,-0.007998935233058724,-0.009099895503379342
22,-0.01300466255551664,-0.013901880975794943
23,-0.013118701391229531,-0.0159324061081905
24,-0.007529829442109212,-0.007520378132678217
25,-0.01607645630505191,-0.017542447511166237
26,-0.007164741696616413,-0.008319446107526648
27,-0.00677381457290039,-0.007015992363576813
28,-0.010909342868935565,-0.013250008088558855
29,-0.019998168893746192,-0.021741273335308224
30,-0.01000267654546514,-0.012353054557372782
31,-0.017043898824680756,-0.01910539988671111
32,-0.014207989684276931,-0.01736466085678203
33,-0.01421958879216622,-0.013412547018216585
34,-0.013260807727470694,-0.014161630732583225
35,-0.01799374672077156,-0.02013187716286826
36,-0.010516451068337658,-0.008007762253462253
37,-0.014854687930268208,-0.016075666245281207
38,-0.009617135247341896,-0.012326876639808616
39,-0.008043427957800664,-0.009803339891964344
40,-0.008437388505302894,-0.010452925856036396
41,-0.0017142467835966763,-0.001431604495327067
42,-0.009076238799542717,-0.011289247850992105
43,-0.011255009353019492,-0.013202088475090926
44,-0.00564156271687772,-0.006963684752902065
45,-0.006611748309227304,-0.007629984100966165
46,-0.015977877513090807,-0.019303307083223045
47,-0.0109027526626823,-0.011548324069163021
48,-0.01108987232943269,-0.010759293296631778
49,-0.012072556006820376,-0.014086135505072928
50,-0.01223517259053486,-0.01656891711270904
51,-0.011773656459336167,-0.013801938430661072
52,-0.019969282205239407,-0.02102134057171856
53,-0.005352007468952556,-0.006853191654909371
54,-0.014470003835566035,-0.016300600237338307
55,-0.006598476265063692,-0.007990289884437111
56,-0.00678482334383429,-0.00807986014650694
57,-0.008514896360188255,-0.0098784114177288
58,-0.009224032758176043,-0.009707393238304912
59,-0.013233640091751903,-0.016363759031179762
