model,start,initial_values,final_values,converged,objective,iterations
M0,0,"{""E"": 1.310465, ""A"": 0.3450561698449558, ""B"": 0.3450561698449558, ""alpha"": 0.3, ""beta"": 0.3}","{""E"": 1.6568054532175966, ""A"": 0.5401730495237717, ""B"": 1.316794872466519, ""alpha"": 0.27905389743101794, ""beta"": 0.28280293471232754}",True,5.98892666571592,10
M0,1,"{""E"": 1.3433517306440845, ""A"": 0.40667618745247464, ""B"": 0.29676227412609224, ""alpha"": 0.18381998996521806, ""beta"": 0.23362413022416081}","{""E"": 1.65680546684699, ""A"": 0.5401730289839235, ""B"": 1.316794870217269, ""alpha"": 0.279053906301453, ""beta"": 0.28280293088863045}",True,5.988926665715922,15
M0,2,"{""E"": 1.6689472158212122, ""A"": 0.35666115890723843, ""B"": 0.7211344521370716, ""alpha"": 0.2288504857010724, ""beta"": 0.21326196224951807}","{""E"": 1.656805452644503, ""A"": 0.5401730469206589, ""B"": 1.3167948712505715, ""alpha"": 0.2790538985545409, ""beta"": 0.28280293256597455}",True,5.988926665715921,9
M0,3,"{""E"": 0.9212993892117717, ""A"": 0.4198909645721762, ""B"": 0.3656530934690345, ""alpha"": 0.17983235397025027, ""beta"": 0.29521206789722804}","{""E"": 1.6568054668300845, ""A"": 0.5401730431961752, ""B"": 1.3167948727432444, ""alpha"": 0.2790539000364213, ""beta"": 0.2828029397446238}",True,5.98892666571592,9
MQ,0,"{""E"": 1.310465, ""A"": 0.3450561698449558, ""B"": 0.3450561698449558, ""alpha"": 0.3, ""beta"": 0.3, ""gamma"": 0.1}","{""E"": 0.9090460263825897, ""A"": 0.5401730393477705, ""B"": 1.7945408717500946, ""alpha"": 0.2790539016207103, ""beta"": 0.0995977094260801, ""gamma"": 0.3178931906158439}",True,1.3990518403689283,23
MQ,1,"{""E"": 1.3433517306440845, ""A"": 0.40667618745247464, ""B"": 0.29676227412609224, ""alpha"": 0.18381998996521806, ""beta"": 0.23362413022416081, ""gamma"": -0.4958232774982312}","{""E"": 0.9090443776107896, ""A"": 0.540173049969594, ""B"": 1.7945423894788237, ""alpha"": 0.2790538969943975, ""beta"": 0.09959757474616752, ""gamma"": 0.3178927014993522}",True,1.3990518403689405,22
MQ,2,"{""E"": 0.5310859973475259, ""A"": 0.7211344521370716, ""B"": 0.2632209068772329, ""alpha"": 0.21326196224951807, ""beta"": 0.39275876828967105, ""gamma"": 0.17844350408003037}","{""E"": 0.9090447048642813, ""A"": 0.5401730383336742, ""B"": 1.7945421541562165, ""alpha"": 0.27905390217461484, ""beta"": 0.09959760806343819, ""gamma"": 0.3178927427335744}",True,1.3990518403692647,23
MQ,3,"{""E"": 0.8581836741851624, ""A"": 0.20684087758392294, ""B"": 0.3395491514687552, ""alpha"": 0.43974685491510956, ""beta"": 0.14323182531435938, ""gamma"": -0.22880788052010909}","{""E"": 0.9090455652118836, ""A"": 0.5401730600646597, ""B"": 1.7945412662005678, ""alpha"": 0.2790538928706502, ""beta"": 0.09959767121362291, ""gamma"": 0.31789307006995426}",True,1.399051840368851,20
MQ2,0,"{""E"": 1.310465, ""A"": 0.3450561698449558, ""B"": 0.3450561698449558, ""alpha"": 0.3, ""beta"": 0.3, ""gamma"": 0.1, ""gamma2"": 0.0}","{""E"": 0.960611389186135, ""A"": 0.5401730434176243, ""B"": 1.7590871915692297, ""alpha"": 0.27905390005223757, ""beta"": 0.10416907648133635, ""gamma"": 0.3278240774906894, ""gamma2"": -0.06436635568960672}",True,1.3903987303341734,21
MQ2,1,"{""E"": 1.3433517306440845, ""A"": 0.40667618745247464, ""B"": 0.29676227412609224, ""alpha"": 0.18381998996521806, ""beta"": 0.23362413022416081, ""gamma"": -0.4958232774982312, ""gamma2"": 0.0}","{""E"": 0.9606106265791658, ""A"": 0.5401730429897117, ""B"": 1.7590879075745194, ""alpha"": 0.27905390013956904, ""beta"": 0.10416901281121554, ""gamma"": 0.32782380102377034, ""gamma2"": -0.0643661982754444}",True,1.3903987303343333,22
MQ2,2,"{""E"": 0.5310859973475259, ""A"": 0.7211344521370716, ""B"": 0.2632209068772329, ""alpha"": 0.21326196224951807, ""beta"": 0.39275876828967105, ""gamma"": 0.17844350408003037, ""gamma2"": 0.0}","{""E"": 0.9606121205929973, ""A"": 0.5401730426902939, ""B"": 1.7590865436667908, ""alpha"": 0.2790539002267815, ""beta"": 0.10416914425979983, ""gamma"": 0.32782429571660243, ""gamma2"": -0.06436641808857488}",True,1.3903987303343492,19
MQ2,3,"{""E"": 0.8581836741851624, ""A"": 0.20684087758392294, ""B"": 0.3395491514687552, ""alpha"": 0.43974685491510956, ""beta"": 0.14323182531435938, ""gamma"": -0.22880788052010909, ""gamma2"": 0.0}","{""E"": 0.9606112323700939, ""A"": 0.5401730330809921, ""B"": 1.7590873601280268, ""alpha"": 0.2790539043045303, ""beta"": 0.10416906456861426, ""gamma"": 0.32782400607595846, ""gamma2"": -0.06436630480561865}",True,1.390398730334192,20
